{
  "attribute_match_rate": 1.0,
  "discriminator_accuracy": 0.75,
  "synthetic_detection_rate": 0.0,
  "near_duplicate_rate": 0.125,
  "combination_coverage": 0.8,
  "entropy/intent": 0.9592101522724051,
  "entropy/difficulty": 0.9497012164384108,
  "entropy/ambiguity": 0.9497012164384108,
  "entropy/style": 0.8156631257730544,
  "entropy/noise": 0.796580116665631,
  "entropy/scenario_type": 0.9755307720176264,
  "coverage/intent": 1.0,
  "coverage/difficulty": 1.0,
  "coverage/ambiguity": 1.0,
  "coverage/style": 0.8333333333333334,
  "coverage/noise": 0.8,
  "coverage/scenario_type": 1.0,
  "pack_accuracy": 0.75,
  "pack_confidence": 0.6,
  "mode_seeking_ratio": 0.21625352861164795,
  "text_distance_mean": 0.8963577740570767,
  "banned_phrasings_total": 2.0,
  "banned_phrasings_new": 0.0,
  "coverage_classifier_auroc": 1.0
}