{
  "attribute_match_rate": 0.9523809523809523,
  "discriminator_accuracy": 0.5,
  "synthetic_detection_rate": 0.5,
  "near_duplicate_rate": 0.25,
  "combination_coverage": 0.5333333333333333,
  "entropy/intent": 0.9960334049191263,
  "entropy/difficulty": 0.9303400857202416,
  "entropy/ambiguity": 0.980315378922394,
  "entropy/style": 0.9488874856715143,
  "entropy/noise": 0.9554289021908485,
  "entropy/scenario_type": 0.914100892018565,
  "coverage/intent": 1.0,
  "coverage/difficulty": 1.0,
  "coverage/ambiguity": 1.0,
  "coverage/style": 1.0,
  "coverage/noise": 1.0,
  "coverage/scenario_type": 1.0,
  "pack_accuracy": 0.25,
  "pack_confidence": 0.89375,
  "mode_seeking_ratio": 0.21915477462514601,
  "text_distance_mean": 0.9487555995687739,
  "banned_phrasings_total": 1.0,
  "banned_phrasings_new": 1.0,
  "coverage_classifier_auroc": 1.0
}