{
  "mode_seeking_ratio": 0.22625212669426684,
  "n_pairs": 120,
  "text_distance_mean": 0.9326289768656321,
  "target_distance_mean": 4.458333333333333,
  "attribute_sensitivity": {
    "noise": 0.0,
    "style": 0.0,
    "difficulty": 0.0,
    "intent": 0.0,
    "ambiguity": 0.0,
    "scenario_type": 0.0
  }
}