{
  "mode_seeking_ratio": 0.2308258733961544,
  "n_pairs": 120,
  "text_distance_mean": 0.9484367409314061,
  "target_distance_mean": 4.416666666666667,
  "attribute_sensitivity": {
    "noise": 0.0,
    "style": 0.0,
    "difficulty": 0.0,
    "intent": 0.9574830885377068,
    "ambiguity": 0.0,
    "scenario_type": 0.0
  }
}