{
  "mode_seeking_ratio": 0.23494282706449532,
  "n_pairs": 120,
  "text_distance_mean": 0.9522131751113851,
  "target_distance_mean": 4.558333333333334,
  "attribute_sensitivity": {
    "noise": 0.8604237700966987,
    "style": 0.9406496419128525,
    "difficulty": 0.0,
    "intent": 0.0,
    "ambiguity": 0.0,
    "scenario_type": 0.0
  }
}