{
  "attribute_match_rate": 0.0625,
  "discriminator_accuracy": 1.0,
  "synthetic_detection_rate": 1.0,
  "near_duplicate_rate": 0.1,
  "combination_coverage": 0.7222222222222222,
  "entropy/intent": 0.9400664543100068,
  "entropy/difficulty": 0.8868595071429147,
  "entropy/ambiguity": 0.9497012164384108,
  "entropy/style": 0.9592101522724051,
  "entropy/noise": 0.7897170014624826,
  "entropy/scenario_type": 0.9248008763572907,
  "coverage/intent": 1.0,
  "coverage/difficulty": 1.0,
  "coverage/ambiguity": 1.0,
  "coverage/style": 1.0,
  "coverage/noise": 0.75,
  "coverage/scenario_type": 1.0,
  "pack_accuracy": 0.6666666666666666,
  "pack_confidence": 0.8583333333333334,
  "mode_seeking_ratio": 0.23657181251654283,
  "text_distance_mean": 0.9653405978006198,
  "banned_phrasings_total": 0.0,
  "banned_phrasings_new": 0.0,
  "coverage_classifier_auroc": 1.0
}