{
  "mode_seeking_ratio": 0.23657181251654283,
  "n_pairs": 120,
  "text_distance_mean": 0.9653405978006198,
  "target_distance_mean": 4.433333333333334,
  "attribute_sensitivity": {
    "scenario_type": 0.0,
    "style": 0.0,
    "noise": 0.0,
    "intent": 0.9728670766435739,
    "ambiguity": 0.0,
    "difficulty": 0.0
  }
}