{
  "run_dir": "E:\\Projects\\PromptForge\\experiments\\banking77_v294_seed89\\full_attrforge\\20260602T135615Z",
  "n_iterations": 3,
  "final_prompt_version": 2,
  "metric_history": [
    {
      "iteration": 0.0,
      "attribute_match_rate": 0.1875,
      "discriminator_accuracy": 0.7083333333333334,
      "synthetic_detection_rate": 1.0,
      "near_duplicate_rate": 0.35,
      "combination_coverage": 0.4,
      "entropy/intent": 0.7852242790441241,
      "entropy/difficulty": 0.9755307720176264,
      "entropy/ambiguity": 0.9320201587042913,
      "entropy/style": 0.8941244307468018,
      "entropy/noise": 0.9158830010682758,
      "entropy/scenario_type": 0.9965119062478287,
      "coverage/intent": 0.7,
      "coverage/difficulty": 1.0,
      "coverage/ambiguity": 1.0,
      "coverage/style": 0.8333333333333334,
      "coverage/noise": 1.0,
      "coverage/scenario_type": 1.0,
      "pack_accuracy": 0.25,
      "pack_confidence": 0.89375,
      "mode_seeking_ratio": 0.21051502159896657,
      "text_distance_mean": 0.9255503116724708,
      "banned_phrasings_total": 1.0,
      "banned_phrasings_new": 1.0,
      "coverage_classifier_auroc": 1.0
    },
    {
      "iteration": 1.0,
      "attribute_match_rate": 0.25,
      "discriminator_accuracy": 1.0,
      "synthetic_detection_rate": 1.0,
      "near_duplicate_rate": 0.25,
      "combination_coverage": 0.43333333333333335,
      "entropy/intent": 0.9123132637620583,
      "entropy/difficulty": 0.9850568223215079,
      "entropy/ambiguity": 0.9755307720176264,
      "entropy/style": 0.9789848253208956,
      "entropy/noise": 0.9415787376332126,
      "entropy/scenario_type": 0.9755307720176264,
      "coverage/intent": 0.9,
      "coverage/difficulty": 1.0,
      "coverage/ambiguity": 1.0,
      "coverage/style": 1.0,
      "coverage/noise": 1.0,
      "coverage/scenario_type": 1.0,
      "pack_accuracy": 0.75,
      "pack_confidence": 0.9,
      "mode_seeking_ratio": 0.20776961684310383,
      "text_distance_mean": 0.9352583657838685,
      "banned_phrasings_total": 2.0,
      "banned_phrasings_new": 1.0,
      "coverage_classifier_auroc": 1.0
    },
    {
      "iteration": 2.0,
      "attribute_match_rate": 0.3125,
      "discriminator_accuracy": 0.3333333333333333,
      "synthetic_detection_rate": 0.3333333333333333,
      "near_duplicate_rate": 0.25,
      "combination_coverage": 0.43333333333333335,
      "entropy/intent": 0.9499420132200559,
      "entropy/difficulty": 0.9320201587042913,
      "entropy/ambiguity": 0.9755307720176264,
      "entropy/style": 0.9282136470754652,
      "entropy/noise": 0.8647365386176832,
      "entropy/scenario_type": 0.9320201587042913,
      "coverage/intent": 1.0,
      "coverage/difficulty": 1.0,
      "coverage/ambiguity": 1.0,
      "coverage/style": 1.0,
      "coverage/noise": 1.0,
      "coverage/scenario_type": 1.0,
      "pack_accuracy": 0.5,
      "pack_confidence": 0.9,
      "mode_seeking_ratio": 0.21878872233351085,
      "text_distance_mean": 0.9323198847921852,
      "banned_phrasings_total": 4.0,
      "banned_phrasings_new": 2.0,
      "coverage_classifier_auroc": 1.0
    }
  ],
  "prompt_history": [
    {
      "version": 0,
      "iteration": 0,
      "prompt": "Generate realistic banking customer-support messages that match the requested intent\nand style. The example should be plausible for a customer support channel\n(email, chat, in-app form). Keep it short to medium length. Output a JSON\nobject with the sample id, the text, and the attribute values.\n",
      "motivation": "initial prompt",
      "feedback_summary": {},
      "timestamp": "2026-06-02T13:56:15.733024+00:00"
    },
    {
      "version": 1,
      "iteration": 1,
      "prompt": "\"\"\"Generate realistic banking customer-support messages that match the requested intent and style. The example should be plausible for a customer support channel (email, chat, in-app form). Keep it concise and structured. Output a JSON object with the sample id, the text, and the attribute values.\n\n**Preferred phrasings:**\n- \"What do I need to do if the ATM kept my card?\"\n- \"What do I do if my card is stolen?\"\n- \"My card has been stolen what do I do?\"\n- \"I have a card payment which shows as pending.\"\n\n**Forbidden phrasings:**\n- \"I'm really confused because I thought it was successful.\"\n\nEnsure that the generated messages:\n1. Maintain a formal tone, especially for general inquiries.\n2. Include a variety of emotional expressions to enhance diversity.\n3. Cover less common intents like 'lost_or_stolen_card' and 'declined_card_payment'.\n4. Avoid redundancy in phrasing and sentence structure, introducing variation in how issues are presented.\n5. Reflect a range of difficulty levels, including more straightforward inquiries that are not overly emotional.\n\nAim for a balance between clarity and complexity, ensuring that messages are direct and structured while still conveying the necessary information. Prioritize realistic scenarios that reflect genuine customer concerns in banking contexts.\"\"\"",
      "motivation": "The batch exhibits a good range of intents and styles, but there is significant redundancy in phrasing and sentence structure, particularly around the 'top_up_failed' and 'card_payment_wrong_exchange_rate' intents. Several samples use similar constructions and emotional expressions, leading to a lack of nuanced diversity.",
      "feedback_summary": {
        "iteration": 0,
        "n_attribute_failures": 13,
        "n_realism_artifacts": 9,
        "near_duplicate_rate": 0.35,
        "pack_accuracy": 0.25,
        "mode_seeking_ratio": 0.21051502159896657,
        "n_banned_phrasings": 1,
        "missing_modes": [
          "A more formal tone for inquiries, especially for 'general_inquiry' scenarios.",
          "Examples of 'hard' difficulty that are less emotionally charged and more straightforward.",
          "Scenarios involving 'lost_or_stolen_card' and 'declined_card_payment' are absent."
        ],
        "overrepresented_modes": [
          "Emotional style in 'top_up_failed' and 'pending_card_payment' scenarios.",
          "Informal style in 'card_payment_not_recognised' and 'card_arrival' scenarios.",
          "Fragmented style used in multiple contexts, particularly for 'card_payment_wrong_exchange_rate'."
        ],
        "metrics": {
          "attribute_match_rate": 0.1875,
          "discriminator_accuracy": 0.7083333333333334,
          "synthetic_detection_rate": 1.0,
          "near_duplicate_rate": 0.35,
          "combination_coverage": 0.4,
          "entropy/intent": 0.7852242790441241,
          "entropy/difficulty": 0.9755307720176264,
          "entropy/ambiguity": 0.9320201587042913,
          "entropy/style": 0.8941244307468018,
          "entropy/noise": 0.9158830010682758,
          "entropy/scenario_type": 0.9965119062478287,
          "coverage/intent": 0.7,
          "coverage/difficulty": 1.0,
          "coverage/ambiguity": 1.0,
          "coverage/style": 0.8333333333333334,
          "coverage/noise": 1.0,
          "coverage/scenario_type": 1.0,
          "pack_accuracy": 0.25,
          "pack_confidence": 0.89375,
          "mode_seeking_ratio": 0.21051502159896657,
          "text_distance_mean": 0.9255503116724708,
          "banned_phrasings_total": 1.0,
          "banned_phrasings_new": 1.0,
          "coverage_classifier_auroc": 1.0
        }
      },
      "timestamp": "2026-06-02T14:58:01.182258+00:00"
    },
    {
      "version": 2,
      "iteration": 2,