{
  "attribute_match_rate": 0.6666666666666666,
  "discriminator_accuracy": 0.38095238095238093,
  "synthetic_detection_rate": 0.38095238095238093,
  "near_duplicate_rate": 0.25,
  "combination_coverage": 0.6666666666666666,
  "entropy/intent": 0.9875702881442231,
  "entropy/difficulty": 0.9821410328348751,
  "entropy/ambiguity": 0.8946747982463996,
  "entropy/style": 0.9588649012766761,
  "entropy/noise": 0.936781259256497,
  "entropy/scenario_type": 0.9780334861815191,
  "coverage/intent": 1.0,
  "coverage/difficulty": 1.0,
  "coverage/ambiguity": 1.0,
  "coverage/style": 1.0,
  "coverage/noise": 1.0,
  "coverage/scenario_type": 1.0,
  "pack_accuracy": 0.5,
  "pack_confidence": 0.0,
  "mode_seeking_ratio": 0.2253487411558413,
  "text_distance_mean": 0.9464483997743138,
  "banned_phrasings_total": 0.0,
  "banned_phrasings_new": 0.0,
  "coverage_classifier_auroc": 0.5
}