{
  "run_dir": "E:\\Projects\\PromptForge\\experiments\\trec_run_001_seed23\\full_attrforge\\20260602T074444Z",
  "n_iterations": 3,
  "final_prompt_version": 2,
  "metric_history": [
    {
      "iteration": 0.0,
      "attribute_match_rate": 0.0,
      "discriminator_accuracy": 1.0,
      "synthetic_detection_rate": 1.0,
      "near_duplicate_rate": 0.15,
      "combination_coverage": 0.6666666666666666,
      "entropy/intent": 0.9400664543100068,
      "entropy/difficulty": 0.9755307720176264,
      "entropy/ambiguity": 0.8868595071429147,
      "entropy/style": 0.9388906303246313,
      "entropy/noise": 0.9618974703476993,
      "entropy/scenario_type": 0.902518266288633,
      "coverage/intent": 1.0,
      "coverage/difficulty": 1.0,
      "coverage/ambiguity": 1.0,
      "coverage/style": 1.0,
      "coverage/noise": 1.0,
      "coverage/scenario_type": 1.0,
      "pack_accuracy": 0.8333333333333334,
      "pack_confidence": 0.875,
      "mode_seeking_ratio": 0.22689346456492535,
      "text_distance_mean": 0.963864141789671,
      "banned_phrasings_total": 1.0,
      "banned_phrasings_new": 1.0,
      "coverage_classifier_auroc": 1.0
    },
    {
      "iteration": 1.0,
      "attribute_match_rate": 0.0,
      "discriminator_accuracy": 1.0,
      "synthetic_detection_rate": 1.0,
      "near_duplicate_rate": 0.15,
      "combination_coverage": 0.6111111111111112,
      "entropy/intent": 0.9488801212514659,
      "entropy/difficulty": 0.9755307720176264,
      "entropy/ambiguity": 0.9850568223215079,
      "entropy/style": 0.8285333834977017,
      "entropy/noise": 0.9681390622295665,
      "entropy/scenario_type": 0.9681390622295665,
      "coverage/intent": 1.0,
      "coverage/difficulty": 1.0,
      "coverage/ambiguity": 1.0,
      "coverage/style": 0.8,
      "coverage/noise": 1.0,
      "coverage/scenario_type": 1.0,
      "pack_accuracy": 0.5,
      "pack_confidence": 0.8916666666666666,
      "mode_seeking_ratio": 0.22478203106371014,
      "text_distance_mean": 0.9672998010298977,
      "banned_phrasings_total": 1.0,
      "banned_phrasings_new": 0.0,
      "coverage_classifier_auroc": 1.0
    },
    {
      "iteration": 2.0,
      "attribute_match_rate": 0.0,
      "discriminator_accuracy": 0.9166666666666666,
      "synthetic_detection_rate": 1.0,
      "near_duplicate_rate": 0.15,
      "combination_coverage": 0.5555555555555556,
      "entropy/intent": 0.9099617502405772,
      "entropy/difficulty": 0.9965119062478287,
      "entropy/ambiguity": 0.8620485698650452,
      "entropy/style": 0.810901968858509,
      "entropy/noise": 0.9681390622295665,
      "entropy/scenario_type": 0.9886085007312413,
      "coverage/intent": 1.0,
      "coverage/difficulty": 1.0,
      "coverage/ambiguity": 1.0,
      "coverage/style": 0.8,
      "coverage/noise": 1.0,
      "coverage/scenario_type": 1.0,
      "pack_accuracy": 0.6666666666666666,
      "pack_confidence": 0.8833333333333333,
      "mode_seeking_ratio": 0.22536668858755698,
      "text_distance_mean": 0.9495456531384072,
      "banned_phrasings_total": 1.0,
      "banned_phrasings_new": 0.0,
      "coverage_classifier_auroc": 1.0
    }
  ],
  "prompt_history": [
    {
      "version": 0,
      "iteration": 0,
      "prompt": "Generate realistic open-domain English questions that match the requested\nTREC question-type category. The example should be a single complete question\nthat ends with a question mark and reads as something a user might ask in\nan open-domain QA system. Match the requested style and noise level. Output\na JSON object with the sample id, the text, and the attribute values.\n",
      "motivation": "initial prompt",
      "feedback_summary": {},
      "timestamp": "2026-06-02T07:44:44.093802+00:00"
    },
    {
      "version": 1,
      "iteration": 1,
      "prompt": "\"\"\"Generate diverse and realistic open-domain English questions that align with the specified TREC question-type category. Each example should be a single complete question, ending with a question mark, and should reflect the complexity and ambiguity expected from a user query in an open-domain QA system. Ensure the questions vary in style, incorporating informal and conversational elements, while also including some irrelevant details to enhance noise levels. Strive for a mix of difficulty levels, from easy to challenging, and include various intents, such as inquiries about human beings, numeric values, and abstract concepts. \n\nOutput a JSON object containing the sample id, the text of the question, and the attribute values, ensuring that each question is unique and avoids repetitive structures. \n\nForbidden phrasings:\n- 'Can you tell me'\n\nRemember to include specific examples, avoid overly generic phrasing, and ensure that each question captures a distinct scenario type. Aim for a balance of ambiguity and clarity to reflect realistic user interactions. Incorporate a range of topics to enhance diversity while maintaining attribute fidelity. \"\"\"",
      "motivation": "The batch of synthetic samples demonstrates a complete coverage of the attribute schema, with no missing modes. However, there are issues with noise and some samples exhibit near-duplicate phrasings.",
      "feedback_summary": {
        "iteration": 0,
        "n_attribute_failures": 16,
        "n_realism_artifacts": 8,
        "near_duplicate_rate": 0.15,
        "pack_accuracy": 0.8333333333333334,
        "mode_seeking_ratio": 0.22689346456492535,
        "n_banned_phrasings": 1,
        "missing_modes": [],
        "overrepresented_modes": [],
        "metrics": {
          "attribute_match_rate": 0.0,
          "discriminator_accuracy": 1.0,
          "synthetic_detection_rate": 1.0,
          "near_duplicate_rate": 0.15,
          "combination_coverage": 0.6666666666666666,
          "entropy/intent": 0.9400664543100068,
          "entropy/difficulty": 0.9755307720176264,
          "entropy/ambiguity": 0.8868595071429147,
          "entropy/style": 0.9388906303246313,
          "entropy/noise": 0.9618974703476993,
          "entropy/scenario_type": 0.902518266288633,
          "coverage/intent": 1.0,
          "coverage/difficulty": 1.0,
          "coverage/ambiguity": 1.0,
          "coverage/style": 1.0,
          "coverage/noise": 1.0,
          "coverage/scenario_type": 1.0,
          "pack_accuracy": 0.8333333333333334,
          "pack_confidence": 0.875,
          "mode_seeking_ratio": 0.22689346456492535,
          "text_distance_mean": 0.963864141789671,
          "banned_phrasings_total": 1.0,
          "banned_phrasings_new": 1.0,
          "coverage_classifier_auroc": 1.0
        }
      },
      "timestamp": "2026-06-02T07:46:23.317151+00:00"
    },
    {
      "version": 2,
      "iteration": 2,