{
  "run_dir": "E:\\Projects\\PromptForge\\experiments\\loo_run_002_seed53\\no_pack\\20260602T081851Z",
  "n_iterations": 3,
  "final_prompt_version": 2,
  "metric_history": [
    {
      "iteration": 0.0,
      "attribute_match_rate": 0.125,
      "discriminator_accuracy": 0.0,
      "synthetic_detection_rate": 0.0,
      "near_duplicate_rate": 0.15,
      "combination_coverage": 0.7333333333333333,
      "entropy/intent": 0.9388906303246313,
      "entropy/difficulty": 0.9497012164384108,
      "entropy/ambiguity": 0.9755307720176264,
      "entropy/style": 0.9607329284860076,
      "entropy/noise": 0.9822177815287606,
      "entropy/scenario_type": 0.9755307720176264,
      "coverage/intent": 1.0,
      "coverage/difficulty": 1.0,
      "coverage/ambiguity": 1.0,
      "coverage/style": 1.0,
      "coverage/noise": 1.0,
      "coverage/scenario_type": 1.0,
      "mode_seeking_ratio": 0.22302104358169003,
      "text_distance_mean": 0.9516537357383048,
      "banned_phrasings_total": 4.0,
      "banned_phrasings_new": 4.0,
      "coverage_classifier_auroc": 1.0
    },
    {
      "iteration": 1.0,
      "attribute_match_rate": 0.1875,
      "discriminator_accuracy": 1.0,
      "synthetic_detection_rate": 1.0,
      "near_duplicate_rate": 0.15,
      "combination_coverage": 0.7333333333333333,
      "entropy/intent": 0.9080636898218125,
      "entropy/difficulty": 0.9755307720176264,
      "entropy/ambiguity": 0.946394630357186,
      "entropy/style": 0.9607329284860076,
      "entropy/noise": 0.796580116665631,
      "entropy/scenario_type": 0.7559752426306121,
      "coverage/intent": 1.0,
      "coverage/difficulty": 1.0,
      "coverage/ambiguity": 1.0,
      "coverage/style": 1.0,
      "coverage/noise": 0.8,
      "coverage/scenario_type": 1.0,
      "mode_seeking_ratio": 0.24259964492161218,
      "text_distance_mean": 0.9421935344025747,
      "banned_phrasings_total": 7.0,
      "banned_phrasings_new": 3.0,
      "coverage_classifier_auroc": 1.0
    },
    {
      "iteration": 2.0,
      "attribute_match_rate": 0.25,
      "discriminator_accuracy": 1.0,
      "synthetic_detection_rate": 1.0,
      "near_duplicate_rate": 0.15,
      "combination_coverage": 0.7333333333333333,
      "entropy/intent": 0.9954133073923868,
      "entropy/difficulty": 0.9755307720176264,
      "entropy/ambiguity": 0.9497012164384108,
      "entropy/style": 0.8433532525013714,
      "entropy/noise": 0.8207140722512382,
      "entropy/scenario_type": 0.7871203566965331,
      "coverage/intent": 1.0,
      "coverage/difficulty": 1.0,
      "coverage/ambiguity": 1.0,
      "coverage/style": 1.0,
      "coverage/noise": 0.8,
      "coverage/scenario_type": 1.0,
      "mode_seeking_ratio": 0.23447994316173185,
      "text_distance_mean": 0.9421654482034097,
      "banned_phrasings_total": 11.0,
      "banned_phrasings_new": 4.0,
      "coverage_classifier_auroc": 1.0
    }
  ],
  "prompt_history": [
    {
      "version": 0,
      "iteration": 0,
      "prompt": "Generate realistic customer support messages that match the requested intent\nand style. The example should be plausible for a customer support channel\n(email, chat, in-app form). Keep it short to medium length. Output a JSON\nobject with the sample id, the text, and the attribute values.\n",
      "motivation": "initial prompt",
      "feedback_summary": {},
      "timestamp": "2026-06-02T08:18:51.666543+00:00"
    },
    {
      "version": 1,
      "iteration": 1,
      "prompt": "\"\"\"Generate realistic customer support messages that match the requested intent and style, ensuring a personal touch and emotional nuance. The examples should be plausible for various customer support channels (email, chat, in-app form) and can range from concise to verbose. Include edge cases and varied phrasing to enhance diversity. Output a JSON object with the sample id, the text, and the attribute values.\n\nForbidden phrasings:\n- 'I think I changed my email but forgot which one.'\n- 'I was hoping to get a refund for my last order.'\n- 'I\u2019m really upset.'\n- 'Hey, so like, I was wondering about the thing with the, uh, you know, the updates?'\n\nEnsure to cover a range of intents such as 'technical_problem', 'complaint', and 'general_question', with varying difficulty levels and styles. Aim for a mix of scenarios, including common and edge cases, while avoiding repetitive structures. The messages should reflect real customer experiences, incorporating personal details and emotional context where appropriate. Strive for a balance of clarity and complexity to meet the desired attributes of ambiguity, noise, and style. Each generated message should feel authentic and relatable, minimizing the risk of sounding automated or generic.\"\"\"",
      "motivation": "The batch of synthetic samples demonstrates a good coverage of attribute values, but there are some missing combinations and potential near-duplicates. The diversity could be improved by including more edge cases and varying the phrasing.",
      "feedback_summary": {
        "iteration": 0,
        "n_attribute_failures": 14,
        "n_realism_artifacts": 14,
        "near_duplicate_rate": 0.15,
        "pack_accuracy": null,
        "mode_seeking_ratio": 0.22302104358169003,
        "n_banned_phrasings": 4,
        "missing_modes": [
          "No samples with 'technical_problem' in a 'common' scenario type.",
          "No samples with 'complaint' in a 'common' scenario type that are 'concise'.",
          "No samples with 'general_question' that are 'verbose'."
        ],
        "overrepresented_modes": [
          "The 'informal' style is frequently used across multiple intents, particularly for account issues and general questions."
        ],
        "metrics": {
          "attribute_match_rate": 0.125,
          "discriminator_accuracy": 0.0,
          "synthetic_detection_rate": 0.0,
          "near_duplicate_rate": 0.15,
          "combination_coverage": 0.7333333333333333,
          "entropy/intent": 0.9388906303246313,
          "entropy/difficulty": 0.9497012164384108,
          "entropy/ambiguity": 0.9755307720176264,
          "entropy/style": 0.9607329284860076,
          "entropy/noise": 0.9822177815287606,
          "entropy/scenario_type": 0.9755307720176264,
          "coverage/intent": 1.0,
          "coverage/difficulty": 1.0,
          "coverage/ambiguity": 1.0,
          "coverage/style": 1.0,
          "coverage/noise": 1.0,
          "coverage/scenario_type": 1.0,
          "mode_seeking_ratio": 0.22302104358169003,
          "text_distance_mean": 0.9516537357383048,
          "banned_phrasings_total": 4.0,
          "banned_phrasings_new": 4.0,
          "coverage_classifier_auroc": 1.0
        }
      },
      "timestamp": "2026-06-02T08:20:16.802326+00:00"
    },
    {
      "version": 2,
      "iteration": 2,