{
  "mode_seeking_ratio": 0.2252257571374477,
  "n_pairs": 276,
  "text_distance_mean": 0.9570469665532254,
  "target_distance_mean": 4.510869565217392,
  "attribute_sensitivity": {
    "difficulty": 0.0,
    "ambiguity": 0.0,
    "noise": 0.0,
    "style": 0.0,
    "scenario_type": 0.0,
    "intent": 0.0
  }
}