{
  "mode_seeking_ratio": 0.23323194053790278,
  "n_pairs": 120,
  "text_distance_mean": 0.9523555378589902,
  "target_distance_mean": 4.341666666666667,
  "attribute_sensitivity": {
    "noise": 0.0,
    "style": 0.0,
    "difficulty": 0.0,
    "intent": 0.0,
    "ambiguity": 0.0,
    "scenario_type": 0.0
  }
}