{
  "mode_seeking_ratio": 0.24400290600867536,
  "n_pairs": 120,
  "text_distance_mean": 0.9560620333760913,
  "target_distance_mean": 4.366666666666666,
  "attribute_sensitivity": {
    "noise": 0.0,
    "style": 0.0,
    "difficulty": 0.9818878376280306,
    "intent": 0.0,
    "ambiguity": 0.0,
    "scenario_type": 0.0
  }
}