{
  "attribute_match_rate": 0.8695652173913043,
  "discriminator_accuracy": 0.5,
  "synthetic_detection_rate": 0.8,
  "near_duplicate_rate": 0.25,
  "combination_coverage": 0.5666666666666667,
  "entropy/intent": 0.9917925650709537,
  "entropy/difficulty": 0.9782534167892908,
  "entropy/ambiguity": 0.9592498837679665,
  "entropy/style": 0.9152646789080046,
  "entropy/noise": 0.9019419850935249,
  "entropy/scenario_type": 0.9876197168461961,
  "coverage/intent": 1.0,
  "coverage/difficulty": 1.0,
  "coverage/ambiguity": 1.0,
  "coverage/style": 1.0,
  "coverage/noise": 1.0,
  "coverage/scenario_type": 1.0,
  "pack_accuracy": 0.75,
  "pack_confidence": 0.89375,
  "mode_seeking_ratio": 0.21712056807394517,
  "text_distance_mean": 0.9282716861234176,
  "banned_phrasings_total": 0.0,
  "banned_phrasings_new": 0.0,
  "coverage_classifier_auroc": 1.0
}