{
  "mode_seeking_ratio": 0.21712056807394517,
  "n_pairs": 253,
  "text_distance_mean": 0.9282716861234176,
  "target_distance_mean": 4.569169960474309,
  "attribute_sensitivity": {
    "intent": 0.9643087353369237,
    "style": 0.0,
    "difficulty": 0.0,
    "scenario_type": 0.0,
    "noise": 0.0,
    "ambiguity": 0.0
  }
}