{
  "mode_seeking_ratio": 0.2365802663543733,
  "n_pairs": 120,
  "text_distance_mean": 0.9560713016044071,
  "target_distance_mean": 4.558333333333334,
  "attribute_sensitivity": {
    "noise": 0.9004491385089404,
    "style": 0.9641619010495692,
    "difficulty": 0.0,
    "intent": 0.0,
    "ambiguity": 0.0,
    "scenario_type": 0.0
  }
}