{
  "attribute_match_rate": 0.9523809523809523,
  "discriminator_accuracy": 0.125,
  "synthetic_detection_rate": 0.0,
  "near_duplicate_rate": 0.25,
  "combination_coverage": 0.5666666666666667,
  "entropy/intent": 0.9960334049191263,
  "entropy/difficulty": 0.9937866610055328,
  "entropy/ambiguity": 0.9424257960378287,
  "entropy/style": 0.9120443611729866,
  "entropy/noise": 0.9224177393686547,
  "entropy/scenario_type": 0.980315378922394,
  "coverage/intent": 1.0,
  "coverage/difficulty": 1.0,
  "coverage/ambiguity": 1.0,
  "coverage/style": 1.0,
  "coverage/noise": 1.0,
  "coverage/scenario_type": 1.0,
  "pack_accuracy": 0.5,
  "pack_confidence": 0.89375,
  "mode_seeking_ratio": 0.2168728830784104,
  "text_distance_mean": 0.9394422953629447,
  "banned_phrasings_total": 3.0,
  "banned_phrasings_new": 1.0,
  "coverage_classifier_auroc": 1.0
}