{
  "run_dir": "E:\\Projects\\PromptForge\\experiments\\loo_run_002_seed109\\no_mode_seeking\\20260602T092925Z",
  "n_iterations": 3,
  "final_prompt_version": 2,
  "metric_history": [
    {
      "iteration": 0.0,
      "attribute_match_rate": 0.125,
      "discriminator_accuracy": 0.7083333333333334,
      "synthetic_detection_rate": 0.4444444444444444,
      "near_duplicate_rate": 0.15,
      "combination_coverage": 0.8,
      "entropy/intent": 0.9822177815287606,
      "entropy/difficulty": 0.9755307720176264,
      "entropy/ambiguity": 0.9850568223215079,
      "entropy/style": 0.9400664543100068,
      "entropy/noise": 0.9822177815287606,
      "entropy/scenario_type": 0.9320201587042913,
      "coverage/intent": 1.0,
      "coverage/difficulty": 1.0,
      "coverage/ambiguity": 1.0,
      "coverage/style": 1.0,
      "coverage/noise": 1.0,
      "coverage/scenario_type": 1.0,
      "pack_accuracy": 0.875,
      "pack_confidence": 0.8875,
      "banned_phrasings_total": 4.0,
      "banned_phrasings_new": 4.0,
      "coverage_classifier_auroc": 1.0
    },
    {
      "iteration": 1.0,
      "attribute_match_rate": 0.0625,
      "discriminator_accuracy": 0.6666666666666666,
      "synthetic_detection_rate": 0.2857142857142857,
      "near_duplicate_rate": 0.15,
      "combination_coverage": 0.6666666666666666,
      "entropy/intent": 0.8647365386176832,
      "entropy/difficulty": 0.9965119062478287,
      "entropy/ambiguity": 0.9850568223215079,
      "entropy/style": 0.9488801212514659,
      "entropy/noise": 0.9256951044610051,
      "entropy/scenario_type": 0.9755307720176264,
      "coverage/intent": 1.0,
      "coverage/difficulty": 1.0,
      "coverage/ambiguity": 1.0,
      "coverage/style": 1.0,
      "coverage/noise": 1.0,
      "coverage/scenario_type": 1.0,
      "pack_accuracy": 0.875,
      "pack_confidence": 0.88125,
      "banned_phrasings_total": 8.0,
      "banned_phrasings_new": 4.0,
      "coverage_classifier_auroc": 1.0
    },
    {
      "iteration": 2.0,
      "attribute_match_rate": 0.0625,
      "discriminator_accuracy": 0.6666666666666666,
      "synthetic_detection_rate": 0.2222222222222222,
      "near_duplicate_rate": 0.15,
      "combination_coverage": 0.7333333333333333,
      "entropy/intent": 0.9592101522724051,
      "entropy/difficulty": 0.8957541375001009,
      "entropy/ambiguity": 0.9755307720176264,
      "entropy/style": 0.9400664543100068,
      "entropy/noise": 0.9080636898218125,
      "entropy/scenario_type": 0.8868595071429147,
      "coverage/intent": 1.0,
      "coverage/difficulty": 1.0,
      "coverage/ambiguity": 1.0,
      "coverage/style": 1.0,
      "coverage/noise": 1.0,
      "coverage/scenario_type": 1.0,
      "pack_accuracy": 0.875,
      "pack_confidence": 0.9125,
      "banned_phrasings_total": 12.0,
      "banned_phrasings_new": 4.0,
      "coverage_classifier_auroc": 1.0
    }
  ],
  "prompt_history": [
    {
      "version": 0,
      "iteration": 0,
      "prompt": "Generate realistic customer support messages that match the requested intent\nand style. The example should be plausible for a customer support channel\n(email, chat, in-app form). Keep it short to medium length. Output a JSON\nobject with the sample id, the text, and the attribute values.\n",
      "motivation": "initial prompt",
      "feedback_summary": {},
      "timestamp": "2026-06-02T09:29:25.750939+00:00"
    },
    {
      "version": 1,
      "iteration": 1,
      "prompt": "\"\"\"Generate realistic customer support messages that align with the requested intent and style. The messages should reflect a variety of scenarios, including edge cases, and exhibit different emotional tones. Ensure the text is concise yet detailed enough to convey the issue clearly, avoiding overly casual or scripted language. Output a JSON object containing the sample id, the text, and the attribute values.\n\nForbidden phrasings:\n- \"I can't believe this happened!\"\n- 'I need a refund, not just store credit.'\n- 'Hey, so like'\n- 'I feel misled.'\n\nFocus on incorporating diverse styles, including formal and verbose options, while ensuring a mix of difficulty levels and ambiguity. Aim for a balance in emotional expressions and avoid repetitive structures. Each message should reflect a plausible scenario for a customer support channel (email, chat, in-app form) and maintain a realistic tone. \n\nExamples of scenarios to include:\n- Refund requests with specific details.\n- General questions about features or billing.\n- Technical problems with clear descriptions.\n- Complaints or inquiries that reflect a range of emotions, from frustration to curiosity.\n\nBy diversifying the scenarios and emotional tones, the generated messages will better represent the variety of real customer interactions. Aim for a mix of straightforward and complex issues to enhance the dataset's richness.\"\"\"",
      "motivation": "The batch exhibits a good coverage of attribute values, but there are some missing combinations and potential near-duplicates. The diversity in scenarios is commendable, yet certain styles and intents could benefit from more varied expressions.",
      "feedback_summary": {
        "iteration": 0,
        "n_attribute_failures": 14,
        "n_realism_artifacts": 6,
        "near_duplicate_rate": 0.15,
        "pack_accuracy": 0.875,
        "mode_seeking_ratio": null,
        "n_banned_phrasings": 4,
        "missing_modes": [],
        "overrepresented_modes": [
          "informal",
          "edge_case"
        ],
        "metrics": {
          "attribute_match_rate": 0.125,
          "discriminator_accuracy": 0.7083333333333334,
          "synthetic_detection_rate": 0.4444444444444444,
          "near_duplicate_rate": 0.15,
          "combination_coverage": 0.8,
          "entropy/intent": 0.9822177815287606,
          "entropy/difficulty": 0.9755307720176264,
          "entropy/ambiguity": 0.9850568223215079,
          "entropy/style": 0.9400664543100068,
          "entropy/noise": 0.9822177815287606,
          "entropy/scenario_type": 0.9320201587042913,
          "coverage/intent": 1.0,
          "coverage/difficulty": 1.0,
          "coverage/ambiguity": 1.0,
          "coverage/style": 1.0,
          "coverage/noise": 1.0,
          "coverage/scenario_type": 1.0,
          "pack_accuracy": 0.875,
          "pack_confidence": 0.8875,
          "banned_phrasings_total": 4.0,
          "banned_phrasings_new": 4.0,
          "coverage_classifier_auroc": 1.0
        }
      },
      "timestamp": "2026-06-02T09:31:16.777356+00:00"
    },
    {
      "version": 2,
      "iteration": 2,