{
  "mode_seeking_ratio": 0.24981125438801716,
  "n_pairs": 120,
  "text_distance_mean": 0.9625884857173036,
  "target_distance_mean": 4.258333333333334,
  "attribute_sensitivity": {
    "polarity_intensity": 0.0,
    "intent": 0.0,
    "noise": 0.0,
    "difficulty": 0.0,
    "style": 0.0,
    "scenario_type": 0.8908834350100223
  }
}