{
  "attribute_match_rate": 0.0,
  "discriminator_accuracy": 0.5,
  "synthetic_detection_rate": 0.5,
  "near_duplicate_rate": 0.15,
  "combination_coverage": 0.6,
  "entropy/intent": 0.796580116665631,
  "entropy/difficulty": 0.9497012164384108,
  "entropy/ambiguity": 0.9497012164384108,
  "entropy/style": 0.8156631257730544,
  "entropy/noise": 0.9256951044610051,
  "entropy/scenario_type": 0.9497012164384108,
  "coverage/intent": 0.8,
  "coverage/difficulty": 1.0,
  "coverage/ambiguity": 1.0,
  "coverage/style": 0.8333333333333334,
  "coverage/noise": 1.0,
  "coverage/scenario_type": 1.0
}