{
  "attribute_match_rate": 0.375,
  "discriminator_accuracy": 1.0,
  "synthetic_detection_rate": 1.0,
  "near_duplicate_rate": 0.25,
  "combination_coverage": 0.3333333333333333,
  "entropy/intent": 0.8228530285021216,
  "entropy/difficulty": 0.8868595071429147,
  "entropy/ambiguity": 0.9755307720176264,
  "entropy/style": 0.9671320180863539,
  "entropy/noise": 0.9822177815287606,
  "entropy/scenario_type": 0.9850568223215079,
  "coverage/intent": 0.7,
  "coverage/difficulty": 1.0,
  "coverage/ambiguity": 1.0,
  "coverage/style": 1.0,
  "coverage/noise": 1.0,
  "coverage/scenario_type": 1.0,
  "pack_accuracy": 0.5,
  "pack_confidence": 0.8875,
  "mode_seeking_ratio": 0.20703407648471014,
  "text_distance_mean": 0.9229613161067989,
  "banned_phrasings_total": 0.0,
  "banned_phrasings_new": 0.0,
  "coverage_classifier_auroc": 1.0
}