{
  "mode_seeking_ratio": 0.20703407648471014,
  "n_pairs": 120,
  "text_distance_mean": 0.9229613161067989,
  "target_distance_mean": 4.633333333333334,
  "attribute_sensitivity": {
    "intent": 0.0,
    "style": 0.0,
    "ambiguity": 0.0,
    "scenario_type": 0.0,
    "difficulty": 0.0,
    "noise": 0.0
  }
}