{
  "attribute_match_rate": 0.0625,
  "discriminator_accuracy": 0.7083333333333334,
  "synthetic_detection_rate": 0.3,
  "near_duplicate_rate": 0.15,
  "combination_coverage": 0.7333333333333333,
  "entropy/intent": 0.9388906303246313,
  "entropy/difficulty": 0.9497012164384108,
  "entropy/ambiguity": 0.9755307720176264,
  "entropy/style": 0.9607329284860076,
  "entropy/noise": 0.9822177815287606,
  "entropy/scenario_type": 0.9755307720176264,
  "coverage/intent": 1.0,
  "coverage/difficulty": 1.0,
  "coverage/ambiguity": 1.0,
  "coverage/style": 1.0,
  "coverage/noise": 1.0,
  "coverage/scenario_type": 1.0,
  "pack_accuracy": 0.75,
  "pack_confidence": 0.89375,
  "mode_seeking_ratio": 0.2220052603696087,
  "text_distance_mean": 0.9471539053124238,
  "banned_phrasings_total": 4.0,
  "banned_phrasings_new": 4.0
}