{
  "run_dir": "E:\\Projects\\PromptForge\\experiments\\loo_run_002_seed41\\no_mode_seeking\\20260602T080007Z",
  "n_iterations": 3,
  "final_prompt_version": 2,
  "metric_history": [
    {
      "iteration": 0.0,
      "attribute_match_rate": 0.0625,
      "discriminator_accuracy": 0.9166666666666666,
      "synthetic_detection_rate": 0.8181818181818182,
      "near_duplicate_rate": 0.15,
      "combination_coverage": 0.5333333333333333,
      "entropy/intent": 0.851541012754057,
      "entropy/difficulty": 0.9755307720176264,
      "entropy/ambiguity": 0.9850568223215079,
      "entropy/style": 0.9123763275816897,
      "entropy/noise": 0.9388906303246313,
      "entropy/scenario_type": 0.895014514573153,
      "coverage/intent": 0.8,
      "coverage/difficulty": 1.0,
      "coverage/ambiguity": 1.0,
      "coverage/style": 1.0,
      "coverage/noise": 1.0,
      "coverage/scenario_type": 1.0,
      "pack_accuracy": 0.75,
      "pack_confidence": 0.8875,
      "banned_phrasings_total": 4.0,
      "banned_phrasings_new": 4.0,
      "coverage_classifier_auroc": 1.0
    },
    {
      "iteration": 1.0,
      "attribute_match_rate": 0.0,
      "discriminator_accuracy": 0.6666666666666666,
      "synthetic_detection_rate": 0.5,
      "near_duplicate_rate": 0.15,
      "combination_coverage": 0.6666666666666666,
      "entropy/intent": 0.9158830010682758,
      "entropy/difficulty": 0.9320201587042913,
      "entropy/ambiguity": 0.9755307720176264,
      "entropy/style": 0.9789848253208956,
      "entropy/noise": 0.9362025230160498,
      "entropy/scenario_type": 0.9850568223215079,
      "coverage/intent": 1.0,
      "coverage/difficulty": 1.0,
      "coverage/ambiguity": 1.0,
      "coverage/style": 1.0,
      "coverage/noise": 1.0,
      "coverage/scenario_type": 1.0,
      "pack_accuracy": 0.5,
      "pack_confidence": 0.89375,
      "banned_phrasings_total": 8.0,
      "banned_phrasings_new": 4.0,
      "coverage_classifier_auroc": 1.0
    },
    {
      "iteration": 2.0,
      "attribute_match_rate": 0.125,
      "discriminator_accuracy": 1.0,
      "synthetic_detection_rate": 1.0,
      "near_duplicate_rate": 0.15,
      "combination_coverage": 0.5333333333333333,
      "entropy/intent": 0.8417289093613277,
      "entropy/difficulty": 0.7559752426306121,
      "entropy/ambiguity": 0.9497012164384108,
      "entropy/style": 0.9488801212514659,
      "entropy/noise": 0.9822177815287606,
      "entropy/scenario_type": 0.9497012164384108,
      "coverage/intent": 0.8,
      "coverage/difficulty": 1.0,
      "coverage/ambiguity": 1.0,
      "coverage/style": 1.0,
      "coverage/noise": 1.0,
      "coverage/scenario_type": 1.0,
      "pack_accuracy": 0.875,
      "pack_confidence": 0.9,
      "banned_phrasings_total": 12.0,
      "banned_phrasings_new": 4.0,
      "coverage_classifier_auroc": 1.0
    }
  ],
  "prompt_history": [
    {
      "version": 0,
      "iteration": 0,
      "prompt": "Generate realistic customer support messages that match the requested intent\nand style. The example should be plausible for a customer support channel\n(email, chat, in-app form). Keep it short to medium length. Output a JSON\nobject with the sample id, the text, and the attribute values.\n",
      "motivation": "initial prompt",
      "feedback_summary": {},
      "timestamp": "2026-06-02T08:00:07.135809+00:00"
    },
    {
      "version": 1,
      "iteration": 1,
      "prompt": "\"\"\"Generate realistic customer support messages that match the requested intent and style, ensuring a mix of common and rare scenarios. The examples should reflect a variety of intents, including technical problems and general questions, and should vary in style from fragmented to emotional. Keep the messages short to medium length and incorporate real-world noise for authenticity. Output a JSON object with the sample id, the text, and the attribute values.\n\nForbidden phrasings:\n- 'I hope you can help me understand'\n- 'I think someone may have taken over my account'\n- 'I was just shopping online and saw this cute pair of shoes'\n- 'I am really frustrated with your service'\n\nEnsure to include:\n- At least one message indicating a technical problem.\n- A mix of styles, avoiding excessive verbosity.\n- Responses that reflect different levels of difficulty and ambiguity.\n- Avoid near-duplicate phrasings and patterns from previous batches.\n\nAim for diversity in intents and scenarios, including edge cases, to enhance the richness of the generated data. The output should be plausible for a customer support channel (email, chat, in-app form) and reflect realistic customer interactions.\"\"\"",
      "motivation": "The batch exhibits a good variety of intents and styles, but there are missing attribute combinations and some overrepresented modes. Additionally, there are near-duplicate phrasings that could be diversified.",
      "feedback_summary": {
        "iteration": 0,
        "n_attribute_failures": 15,
        "n_realism_artifacts": 9,
        "near_duplicate_rate": 0.15,
        "pack_accuracy": 0.75,
        "mode_seeking_ratio": null,
        "n_banned_phrasings": 4,
        "missing_modes": [
          "intent: technical_problem",
          "scenario_type: rare",
          "style: fragmented"
        ],
        "overrepresented_modes": [
          "intent: account_issue",
          "style: verbose"
        ],
        "metrics": {
          "attribute_match_rate": 0.0625,
          "discriminator_accuracy": 0.9166666666666666,
          "synthetic_detection_rate": 0.8181818181818182,
          "near_duplicate_rate": 0.15,
          "combination_coverage": 0.5333333333333333,
          "entropy/intent": 0.851541012754057,
          "entropy/difficulty": 0.9755307720176264,
          "entropy/ambiguity": 0.9850568223215079,
          "entropy/style": 0.9123763275816897,
          "entropy/noise": 0.9388906303246313,
          "entropy/scenario_type": 0.895014514573153,
          "coverage/intent": 0.8,
          "coverage/difficulty": 1.0,
          "coverage/ambiguity": 1.0,
          "coverage/style": 1.0,
          "coverage/noise": 1.0,
          "coverage/scenario_type": 1.0,
          "pack_accuracy": 0.75,
          "pack_confidence": 0.8875,
          "banned_phrasings_total": 4.0,
          "banned_phrasings_new": 4.0,
          "coverage_classifier_auroc": 1.0
        }
      },
      "timestamp": "2026-06-02T08:02:23.080117+00:00"
    },
    {
      "version": 2,
      "iteration": 2,