{
  "attribute_match_rate": 0.0625,
  "discriminator_accuracy": 0.041666666666666664,
  "synthetic_detection_rate": 0.14285714285714285,
  "near_duplicate_rate": 0.15,
  "combination_coverage": 1.0,
  "entropy/intent": 0.9886994082884974,
  "entropy/difficulty": 0.9320201587042913,
  "entropy/polarity_intensity": 0.9965119062478287,
  "entropy/style": 0.8504146864248051,
  "entropy/noise": 0.7959585933443496,
  "entropy/scenario_type": 0.9306282244165779,
  "coverage/intent": 1.0,
  "coverage/difficulty": 1.0,
  "coverage/polarity_intensity": 1.0,
  "coverage/style": 1.0,
  "coverage/noise": 1.0,
  "coverage/scenario_type": 1.0,
  "pack_accuracy": 0.5,
  "pack_confidence": 0.8666666666666667,
  "mode_seeking_ratio": 0.25156907067165946,
  "text_distance_mean": 0.9640035057424853,
  "banned_phrasings_total": 2.0,
  "banned_phrasings_new": 2.0,
  "coverage_classifier_auroc": 1.0
}