{
  "attribute_match_rate": 0.3333333333333333,
  "discriminator_accuracy": 0.5,
  "synthetic_detection_rate": 0.5,
  "near_duplicate_rate": 0.35,
  "combination_coverage": 0.7222222222222222,
  "entropy/intent": 0.9941242220390273,
  "entropy/difficulty": 0.9400439301545984,
  "entropy/ambiguity": 0.9862707094162991,
  "entropy/style": 0.9514282211802995,
  "entropy/noise": 0.9608948553419607,
  "entropy/scenario_type": 0.9477867202775715,
  "coverage/intent": 1.0,
  "coverage/difficulty": 1.0,
  "coverage/ambiguity": 1.0,
  "coverage/style": 1.0,
  "coverage/noise": 1.0,
  "coverage/scenario_type": 1.0,
  "pack_accuracy": 0.5,
  "pack_confidence": 0.0,
  "mode_seeking_ratio": 0.22655951730780938,
  "text_distance_mean": 0.9509502724560182,
  "banned_phrasings_total": 0.0,
  "banned_phrasings_new": 0.0,
  "coverage_classifier_auroc": 0.5
}