{
  "mode_seeking_ratio": 0.22655951730780938,
  "n_pairs": 276,
  "text_distance_mean": 0.9509502724560182,
  "target_distance_mean": 4.503623188405797,
  "attribute_sensitivity": {
    "scenario_type": 0.0,
    "intent": 0.0,
    "noise": 0.0,
    "difficulty": 0.0,
    "ambiguity": 0.0,
    "style": 0.9595306083168031
  }
}