{
  "run_dir": "E:\\Projects\\PromptForge\\experiments\\loo_run_002_seed149\\no_mode_hunter\\20260602T104229Z",
  "n_iterations": 3,
  "final_prompt_version": 2,
  "metric_history": [
    {
      "iteration": 0.0,
      "attribute_match_rate": 0.0625,
      "discriminator_accuracy": 0.9166666666666666,
      "synthetic_detection_rate": 0.7142857142857143,
      "near_duplicate_rate": 0.2,
      "combination_coverage": 0.5333333333333333,
      "entropy/intent": 0.9256951044610051,
      "entropy/difficulty": 0.8024052436705212,
      "entropy/ambiguity": 0.8620485698650452,
      "entropy/style": 0.9218145574751188,
      "entropy/noise": 0.9415787376332126,
      "entropy/scenario_type": 0.8957541375001009,
      "coverage/intent": 1.0,
      "coverage/difficulty": 1.0,
      "coverage/ambiguity": 1.0,
      "coverage/style": 1.0,
      "coverage/noise": 1.0,
      "coverage/scenario_type": 1.0,
      "pack_accuracy": 0.625,
      "pack_confidence": 0.8875,
      "mode_seeking_ratio": 0.23521563956985916,
      "text_distance_mean": 0.9354107801674717,
      "coverage_classifier_auroc": 1.0
    },
    {
      "iteration": 1.0,
      "attribute_match_rate": 0.125,
      "discriminator_accuracy": 0.9583333333333334,
      "synthetic_detection_rate": 0.9,
      "near_duplicate_rate": 0.15,
      "combination_coverage": 0.8,
      "entropy/intent": 0.9592101522724051,
      "entropy/difficulty": 0.9755307720176264,
      "entropy/ambiguity": 0.895014514573153,
      "entropy/style": 0.7737056144690831,
      "entropy/noise": 0.9724056781360315,
      "entropy/scenario_type": 0.9497012164384108,
      "coverage/intent": 1.0,
      "coverage/difficulty": 1.0,
      "coverage/ambiguity": 1.0,
      "coverage/style": 1.0,
      "coverage/noise": 1.0,
      "coverage/scenario_type": 1.0,
      "pack_accuracy": 0.5,
      "pack_confidence": 0.86875,
      "mode_seeking_ratio": 0.23144674016833655,
      "text_distance_mean": 0.9574498984783565,
      "coverage_classifier_auroc": 1.0
    },
    {
      "iteration": 2.0,
      "attribute_match_rate": 0.0,
      "discriminator_accuracy": 0.6666666666666666,
      "synthetic_detection_rate": 0.3333333333333333,
      "near_duplicate_rate": 0.15,
      "combination_coverage": 0.6,
      "entropy/intent": 0.9283832117695864,
      "entropy/difficulty": 0.9497012164384108,
      "entropy/ambiguity": 0.9850568223215079,
      "entropy/style": 0.9099617502405772,
      "entropy/noise": 0.9592101522724051,
      "entropy/scenario_type": 0.9497012164384108,
      "coverage/intent": 1.0,
      "coverage/difficulty": 1.0,
      "coverage/ambiguity": 1.0,
      "coverage/style": 1.0,
      "coverage/noise": 1.0,
      "coverage/scenario_type": 1.0,
      "pack_accuracy": 0.625,
      "pack_confidence": 0.88125,
      "mode_seeking_ratio": 0.22439680313334623,
      "text_distance_mean": 0.9418667134729316,
      "coverage_classifier_auroc": 1.0
    }
  ],
  "prompt_history": [
    {
      "version": 0,
      "iteration": 0,
      "prompt": "Generate realistic customer support messages that match the requested intent\nand style. The example should be plausible for a customer support channel\n(email, chat, in-app form). Keep it short to medium length. Output a JSON\nobject with the sample id, the text, and the attribute values.\n",
      "motivation": "initial prompt",
      "feedback_summary": {},
      "timestamp": "2026-06-02T10:42:29.448415+00:00"
    },
    {
      "version": 1,
      "iteration": 1,
      "prompt": "\"\"\"Generate diverse and realistic customer support messages that align with the specified intent and style. Each message should be plausible for a customer support channel (email, chat, in-app form) and vary in emotional tone and complexity. Ensure messages cover a range of scenarios, including common issues and edge cases, while maintaining clarity and conciseness. Avoid repetitive phrasing and irrelevant details. Output a JSON object with the sample id, the text, and the attribute values, including intent, difficulty, ambiguity, style, noise, and scenario_type.\n\n**Forbidden phrasings:** \"I can't believe\", \"I'm really upset\", \"exaggerated emotional responses\", \"lengthy detailed explanations\".\n\n**Guidelines:**\n- Incorporate unique phrasings to minimize near-duplicates.\n- Ensure a mix of emotional tones across different intents.\n- Maintain a balance between common and rare scenarios.\n- Keep responses concise, aiming for short to medium length.\n- Avoid overly formal or structured language; strive for a natural conversational tone.\n\"\"\"",
      "motivation": "The batch of synthetic samples demonstrates a comprehensive coverage of the attribute schema, with no missing modes or overrepresented modes. However, there are instances of near-duplicate phrasings and shallow paraphrases that could be improved for greater diversity.",
      "feedback_summary": {
        "iteration": 0,
        "n_attribute_failures": 15,
        "n_realism_artifacts": 5,
        "near_duplicate_rate": 0.2,
        "pack_accuracy": 0.625,
        "mode_seeking_ratio": 0.23521563956985916,
        "n_banned_phrasings": 0,
        "missing_modes": [],
        "overrepresented_modes": [],
        "metrics": {
          "attribute_match_rate": 0.0625,
          "discriminator_accuracy": 0.9166666666666666,
          "synthetic_detection_rate": 0.7142857142857143,
          "near_duplicate_rate": 0.2,
          "combination_coverage": 0.5333333333333333,
          "entropy/intent": 0.9256951044610051,
          "entropy/difficulty": 0.8024052436705212,
          "entropy/ambiguity": 0.8620485698650452,
          "entropy/style": 0.9218145574751188,
          "entropy/noise": 0.9415787376332126,
          "entropy/scenario_type": 0.8957541375001009,
          "coverage/intent": 1.0,
          "coverage/difficulty": 1.0,
          "coverage/ambiguity": 1.0,
          "coverage/style": 1.0,
          "coverage/noise": 1.0,
          "coverage/scenario_type": 1.0,
          "pack_accuracy": 0.625,
          "pack_confidence": 0.8875,
          "mode_seeking_ratio": 0.23521563956985916,
          "text_distance_mean": 0.9354107801674717,
          "coverage_classifier_auroc": 1.0
        }
      },
      "timestamp": "2026-06-02T10:44:11.114980+00:00"
    },
    {
      "version": 2,
      "iteration": 2,
      "prompt": "\"\"\"\"\"\"Generate a variety of realistic customer support messages that align with the specified intent and style. Each message should be plausible for a customer support channel (email, chat, in-app form) and exhibit a range of emotional tones and complexities. Ensure messages address a mix of common issues and edge cases while maintaining clarity and conciseness. Avoid repetitive phrasing and irrelevant details. Output a JSON object with the sample id, the text, and the attribute values, including intent, difficulty, ambiguity, style, noise, and scenario_type.\n\n**Forbidden phrasings:** \"I can't believe\", \"I'm really upset\", \"exaggerated emotional responses\", \"lengthy detailed explanations\".\n\n**Guidelines:**\n- Use varied phrasings to minimize near-duplicates.\n- Ensure a balanced mix of emotional tones across different intents.\n- Include both common and rare scenarios, with some edge cases.\n- Keep responses concise, aiming for short to medium length, but allow for some variation in verbosity.\n- Avoid overly formal language; strive for a natural conversational tone.\n- Introduce some complexity in structure to reduce predictability.\n\n**Examples of desired scenarios:**\n- Refund request for missing items.\n- Account issues with two-factor authentication.\n- General inquiries about service features or billing. \n\"\"\"\"\"\"",