{
  "run_dir": "E:\\Projects\\PromptForge\\experiments\\sst2_run_001_seed53\\diversity_only\\20260602T130339Z",
  "n_iterations": 3,
  "final_prompt_version": 2,
  "metric_history": [
    {
      "iteration": 0.0,
      "attribute_match_rate": 0.0,
      "discriminator_accuracy": 0.5,
      "synthetic_detection_rate": 0.5,
      "near_duplicate_rate": 0.15,
      "combination_coverage": 0.8333333333333334,
      "entropy/intent": 0.8112781244591328,
      "entropy/difficulty": 0.9850568223215079,
      "entropy/polarity_intensity": 0.9965119062478287,
      "entropy/style": 0.9388906303246313,
      "entropy/noise": 0.8514097655573916,
      "entropy/scenario_type": 0.9099617502405772,
      "coverage/intent": 1.0,
      "coverage/difficulty": 1.0,
      "coverage/polarity_intensity": 1.0,
      "coverage/style": 1.0,
      "coverage/noise": 1.0,
      "coverage/scenario_type": 1.0,
      "mode_seeking_ratio": 0.27240652435231577,
      "text_distance_mean": 0.9661567692948678,
      "coverage_classifier_auroc": 1.0
    },
    {
      "iteration": 1.0,
      "attribute_match_rate": 0.0,
      "discriminator_accuracy": 0.5,
      "synthetic_detection_rate": 0.5,
      "near_duplicate_rate": 0.15,
      "combination_coverage": 1.0,
      "entropy/intent": 0.8960382325345574,
      "entropy/difficulty": 0.9755307720176264,
      "entropy/polarity_intensity": 0.9965119062478287,
      "entropy/style": 0.9158830010682758,
      "entropy/noise": 0.9414280318460244,
      "entropy/scenario_type": 0.8822716235122602,
      "coverage/intent": 1.0,
      "coverage/difficulty": 1.0,
      "coverage/polarity_intensity": 1.0,
      "coverage/style": 1.0,
      "coverage/noise": 1.0,
      "coverage/scenario_type": 0.8333333333333334,
      "mode_seeking_ratio": 0.24981125438801716,
      "text_distance_mean": 0.9625884857173036,
      "coverage_classifier_auroc": 1.0
    },
    {
      "iteration": 2.0,
      "attribute_match_rate": 0.0,
      "discriminator_accuracy": 0.5,
      "synthetic_detection_rate": 0.5,
      "near_duplicate_rate": 0.15,
      "combination_coverage": 0.6666666666666666,
      "entropy/intent": 0.9886994082884974,
      "entropy/difficulty": 0.6021808102656678,
      "entropy/polarity_intensity": 0.9965119062478287,
      "entropy/style": 0.9592101522724051,
      "entropy/noise": 0.9681390622295665,
      "entropy/scenario_type": 0.9607329284860076,
      "coverage/intent": 1.0,
      "coverage/difficulty": 0.6666666666666666,
      "coverage/polarity_intensity": 1.0,
      "coverage/style": 1.0,
      "coverage/noise": 1.0,
      "coverage/scenario_type": 1.0,
      "mode_seeking_ratio": 0.25189324790496764,
      "text_distance_mean": 0.9666080363166032,
      "coverage_classifier_auroc": 1.0
    }
  ],
  "prompt_history": [
    {
      "version": 0,
      "iteration": 0,
      "prompt": "Generate realistic short movie review sentences that match the requested\nsentiment polarity (positive or negative). Reviews should sound like\nnatural film criticism: short, opinionated, using a mix of explicit\nsentiment words and comparative judgments. Match the requested style,\nintensity, and scenario type. Output a JSON object with the sample id,\nthe text, and the attribute values.\n",
      "motivation": "initial prompt",
      "feedback_summary": {},
      "timestamp": "2026-06-02T13:03:39.595906+00:00"
    },
    {
      "version": 1,
      "iteration": 1,
      "prompt": "\"\"\"Generate realistic short movie review sentences that match the requested sentiment polarity (positive or negative). Reviews should reflect authentic film criticism: concise, opinionated, and employing a variety of explicit sentiment words and comparative judgments. Ensure to include unique perspectives on pacing and emotional impact, and vary the intensity and difficulty of the sentiment expressed. Aim for a rich diversity of phrasings to minimize near-duplicates, particularly in positive reviews. Output a JSON object containing the sample id, the text, and the attribute values.\n\nForbidden phrasings: \n- \"it's loud and boring\"\n- \"populating its hackneyed and meanspirited storyline with cardboard characters\"\n- \"looking down at your watch\"\n- \"a stirring, funny\"\n- \"intermittently hilarious\"\n\nFocus on generating edge cases that challenge typical sentiment expressions, such as mixed emotions or unconventional takes on popular films. Strive for a balanced representation of polarity intensity and difficulty levels, ensuring each review captures a distinct voice and perspective. Aim for a blend of straightforward critiques and nuanced observations to enhance realism and engagement. Each review should be tailored to the specific scenario type requested, reflecting the unique aspects of the film being reviewed.\"\"\"",
      "motivation": "The batch of synthetic samples demonstrates a good variety of attributes, but there are some near-duplicate phrasings and a lack of edge cases. All attribute modes are represented, but the diversity within certain modes could be improved.",
      "feedback_summary": {
        "iteration": 0,
        "n_attribute_failures": 0,
        "n_realism_artifacts": 0,
        "near_duplicate_rate": 0.15,
        "pack_accuracy": null,
        "mode_seeking_ratio": 0.27240652435231577,
        "n_banned_phrasings": 0,
        "missing_modes": [],
        "overrepresented_modes": [
          "strong polarity_intensity",
          "easy difficulty"
        ],
        "metrics": {
          "attribute_match_rate": 0.0,
          "discriminator_accuracy": 0.5,
          "synthetic_detection_rate": 0.5,
          "near_duplicate_rate": 0.15,
          "combination_coverage": 0.8333333333333334,
          "entropy/intent": 0.8112781244591328,
          "entropy/difficulty": 0.9850568223215079,
          "entropy/polarity_intensity": 0.9965119062478287,
          "entropy/style": 0.9388906303246313,
          "entropy/noise": 0.8514097655573916,
          "entropy/scenario_type": 0.9099617502405772,
          "coverage/intent": 1.0,
          "coverage/difficulty": 1.0,
          "coverage/polarity_intensity": 1.0,
          "coverage/style": 1.0,
          "coverage/noise": 1.0,
          "coverage/scenario_type": 1.0,
          "mode_seeking_ratio": 0.27240652435231577,
          "text_distance_mean": 0.9661567692948678,
          "coverage_classifier_auroc": 1.0
        }
      },
      "timestamp": "2026-06-02T13:04:22.363101+00:00"
    },
    {
      "version": 2,
      "iteration": 2,