{
  "attribute_match_rate": 0.625,
  "discriminator_accuracy": 0.5833333333333334,
  "synthetic_detection_rate": 0.5833333333333334,
  "near_duplicate_rate": 0.25,
  "combination_coverage": 0.8333333333333334,
  "entropy/intent": 0.9941242220390273,
  "entropy/difficulty": 0.9862707094162991,
  "entropy/ambiguity": 0.9850568223215079,
  "entropy/style": 0.9360898016760625,
  "entropy/noise": 0.9745411476764105,
  "entropy/scenario_type": 0.9528195311147832,
  "coverage/intent": 1.0,
  "coverage/difficulty": 1.0,
  "coverage/ambiguity": 1.0,
  "coverage/style": 1.0,
  "coverage/noise": 1.0,
  "coverage/scenario_type": 1.0,
  "pack_accuracy": 0.5,
  "pack_confidence": 0.0,
  "mode_seeking_ratio": 0.2277784369770089,
  "text_distance_mean": 0.952929402971345,
  "banned_phrasings_total": 0.0,
  "banned_phrasings_new": 0.0,
  "coverage_classifier_auroc": 0.5
}