{
  "mode_seeking_ratio": 0.2277784369770089,
  "n_pairs": 276,
  "text_distance_mean": 0.952929402971345,
  "target_distance_mean": 4.543478260869565,
  "attribute_sensitivity": {
    "scenario_type": 0.0,
    "difficulty": 0.8944460802041521,
    "noise": 0.0,
    "style": 0.0,
    "intent": 0.8599806789799667,
    "ambiguity": 0.0
  }
}