{
  "attribute_match_rate": 0.0625,
  "discriminator_accuracy": 0.625,
  "synthetic_detection_rate": 0.4166666666666667,
  "near_duplicate_rate": 0.15,
  "combination_coverage": 0.6666666666666666,
  "entropy/intent": 0.9158830010682758,
  "entropy/difficulty": 0.9320201587042913,
  "entropy/ambiguity": 0.9755307720176264,
  "entropy/style": 0.9789848253208956,
  "entropy/noise": 0.9362025230160498,
  "entropy/scenario_type": 0.9850568223215079,
  "coverage/intent": 1.0,
  "coverage/difficulty": 1.0,
  "coverage/ambiguity": 1.0,
  "coverage/style": 1.0,
  "coverage/noise": 1.0,
  "coverage/scenario_type": 1.0,
  "pack_accuracy": 0.625,
  "pack_confidence": 0.875,
  "mode_seeking_ratio": 0.23247291507218837,
  "text_distance_mean": 0.9497413448078116,
  "banned_phrasings_total": 8.0,
  "banned_phrasings_new": 4.0
}