{
  "mode_seeking_ratio": 0.23247291507218837,
  "n_pairs": 120,
  "text_distance_mean": 0.9497413448078116,
  "target_distance_mean": 4.533333333333333,
  "attribute_sensitivity": {
    "noise": 0.9300062423610818,
    "style": 0.9376310045171953,
    "difficulty": 0.0,
    "intent": 0.0,
    "ambiguity": 0.0,
    "scenario_type": 0.0
  }
}