{
  "run_dir": "E:\\Projects\\PromptForge\\experiments\\loo_run_002_seed23\\no_mode_seeking\\20260602T073832Z",
  "n_iterations": 3,
  "final_prompt_version": 2,
  "metric_history": [
    {
      "iteration": 0.0,
      "attribute_match_rate": 0.0625,
      "discriminator_accuracy": 1.0,
      "synthetic_detection_rate": 1.0,
      "near_duplicate_rate": 0.15,
      "combination_coverage": 0.6666666666666666,
      "entropy/intent": 0.8647365386176832,
      "entropy/difficulty": 0.946394630357186,
      "entropy/ambiguity": 0.9755307720176264,
      "entropy/style": 0.8433532525013715,
      "entropy/noise": 0.9822177815287606,
      "entropy/scenario_type": 0.9497012164384108,
      "coverage/intent": 1.0,
      "coverage/difficulty": 1.0,
      "coverage/ambiguity": 1.0,
      "coverage/style": 0.8333333333333334,
      "coverage/noise": 1.0,
      "coverage/scenario_type": 1.0,
      "pack_accuracy": 0.625,
      "pack_confidence": 0.88125,
      "banned_phrasings_total": 3.0,
      "banned_phrasings_new": 3.0,
      "coverage_classifier_auroc": 1.0
    },
    {
      "iteration": 1.0,
      "attribute_match_rate": 0.0,
      "discriminator_accuracy": 1.0,
      "synthetic_detection_rate": 1.0,
      "near_duplicate_rate": 0.15,
      "combination_coverage": 0.5333333333333333,
      "entropy/intent": 0.8207140722512382,
      "entropy/difficulty": 0.9320201587042913,
      "entropy/ambiguity": 0.9850568223215079,
      "entropy/style": 0.8433532525013715,
      "entropy/noise": 0.9592101522724051,
      "entropy/scenario_type": 0.9497012164384108,
      "coverage/intent": 1.0,
      "coverage/difficulty": 1.0,
      "coverage/ambiguity": 1.0,
      "coverage/style": 0.8333333333333334,
      "coverage/noise": 1.0,
      "coverage/scenario_type": 1.0,
      "pack_accuracy": 0.625,
      "pack_confidence": 0.88125,
      "banned_phrasings_total": 7.0,
      "banned_phrasings_new": 4.0,
      "coverage_classifier_auroc": 1.0
    },
    {
      "iteration": 2.0,
      "attribute_match_rate": 0.0625,
      "discriminator_accuracy": 0.6666666666666666,
      "synthetic_detection_rate": 0.125,
      "near_duplicate_rate": 0.25,
      "combination_coverage": 0.6,
      "entropy/intent": 0.8285333834977017,
      "entropy/difficulty": 0.8957541375001009,
      "entropy/ambiguity": 0.9965119062478287,
      "entropy/style": 0.9099617502405772,
      "entropy/noise": 0.796580116665631,
      "entropy/scenario_type": 0.9965119062478287,
      "coverage/intent": 0.8,
      "coverage/difficulty": 1.0,
      "coverage/ambiguity": 1.0,
      "coverage/style": 1.0,
      "coverage/noise": 0.8,
      "coverage/scenario_type": 1.0,
      "pack_accuracy": 0.25,
      "pack_confidence": 0.8875,
      "banned_phrasings_total": 11.0,
      "banned_phrasings_new": 4.0,
      "coverage_classifier_auroc": 1.0
    }
  ],
  "prompt_history": [
    {
      "version": 0,
      "iteration": 0,
      "prompt": "Generate realistic customer support messages that match the requested intent\nand style. The example should be plausible for a customer support channel\n(email, chat, in-app form). Keep it short to medium length. Output a JSON\nobject with the sample id, the text, and the attribute values.\n",
      "motivation": "initial prompt",
      "feedback_summary": {},
      "timestamp": "2026-06-02T07:38:32.112116+00:00"
    },
    {
      "version": 1,
      "iteration": 1,
      "prompt": "\"\"\"Generate realistic customer support messages that match the requested intent and style. Ensure the messages reflect a range of scenarios, including rare cases and edge situations. Maintain a balance of emotional, fragmented, and verbose styles, while also incorporating short, direct questions. The output should include a mix of ambiguity levels and difficulty, with some messages being concise and others more detailed. Aim for a natural tone that includes informal speech patterns and urgency when appropriate. Output a JSON object with the sample id, the text, and the attribute values.\n\nForbidden phrasings:\n- 'I was wondering if'\n- 'I just don\u2019t understand how'\n- 'so frustrating!'\n\nConsider including messages like:\n- \"Two factor codes never come through, I've been locked out for 2 days now.\"\n- \"Hi team, quick one - does the API have a rate limit on the search endpoint?\"\n- \"Is the pro plan billed monthly or yearly?\"\n- \"Ordered 2 items, only got 1. Want a refund on the missing one, not a reship.\"\n\nEnsure that the generated messages are plausible for a customer support channel (email, chat, in-app form) and keep them short to medium length, with variations in structure and style to enhance diversity.\"",
      "motivation": "The batch demonstrates a good variety of intents, difficulties, and ambiguities, but lacks some styles and has a high near-duplicate rate. The emotional and fragmented styles are overrepresented, while the verbose style is missing.",
      "feedback_summary": {
        "iteration": 0,
        "n_attribute_failures": 15,
        "n_realism_artifacts": 9,
        "near_duplicate_rate": 0.15,
        "pack_accuracy": 0.625,
        "mode_seeking_ratio": null,
        "n_banned_phrasings": 3,
        "missing_modes": [
          "verbose"
        ],
        "overrepresented_modes": [
          "emotional",
          "fragmented"
        ],
        "metrics": {
          "attribute_match_rate": 0.0625,
          "discriminator_accuracy": 1.0,
          "synthetic_detection_rate": 1.0,
          "near_duplicate_rate": 0.15,
          "combination_coverage": 0.6666666666666666,
          "entropy/intent": 0.8647365386176832,
          "entropy/difficulty": 0.946394630357186,
          "entropy/ambiguity": 0.9755307720176264,
          "entropy/style": 0.8433532525013715,
          "entropy/noise": 0.9822177815287606,
          "entropy/scenario_type": 0.9497012164384108,
          "coverage/intent": 1.0,
          "coverage/difficulty": 1.0,
          "coverage/ambiguity": 1.0,
          "coverage/style": 0.8333333333333334,
          "coverage/noise": 1.0,
          "coverage/scenario_type": 1.0,
          "pack_accuracy": 0.625,
          "pack_confidence": 0.88125,
          "banned_phrasings_total": 3.0,
          "banned_phrasings_new": 3.0,
          "coverage_classifier_auroc": 1.0
        }
      },
      "timestamp": "2026-06-02T07:40:16.627436+00:00"
    },
    {
      "version": 2,
      "iteration": 2,
      "prompt": "\"\"\"\"\"\"Generate realistic customer support messages that align with the requested intent and style. Incorporate a variety of scenarios, including rare cases and edge situations, while ensuring a balance of emotional, fragmented, and concise styles. Include a range of ambiguity levels and difficulty, with some messages being straightforward and others more complex. Aim for a natural tone that reflects informal speech patterns and urgency when necessary. Output a JSON object with the sample id, the text, and the attribute values.\n\nForbidden phrasings:\n- 'I was wondering if'\n- 'I just don\u2019t understand how'\n- 'so frustrating!'\n- 'Hey, quick question -'\n- 'Can you clarify this situation?'\n\nConsider including messages like:\n- \"Two factor codes never come through, I've been locked out for 2 days now.\"\n- \"When I click checkout, nothing happens. Just a spinner forever. I'm on Safari 17.\"\n- \"Is the pro plan billed monthly or yearly?\"\n- \"The CSV import keeps timing out at ~3000 rows. Is there a row limit nobody documented?\"\n- \"Ordered 2 items, only got 1. I need a refund for the missing one, not a reship.\"\n\nEnsure that generated messages are plausible for customer support channels (email, chat, in-app form) and vary in length and structure to enhance diversity. Include emotional expressions and fragmented sentences to reflect real customer experiences.\"\"\"\"\"",