{
  "mode_seeking_ratio": 0.2538551091471998,
  "n_pairs": 120,
  "text_distance_mean": 0.9587531931994991,
  "target_distance_mean": 4.233333333333333,
  "attribute_sensitivity": {
    "polarity_intensity": 0.0,
    "intent": 0.0,
    "noise": 0.0,
    "difficulty": 0.0,
    "style": 0.9250913698283911,
    "scenario_type": 0.6822598752716966
  }
}