{
  "attribute_match_rate": 0.0,
  "discriminator_accuracy": 0.25,
  "synthetic_detection_rate": 0.25,
  "near_duplicate_rate": 0.25,
  "combination_coverage": 0.5555555555555556,
  "entropy/intent": 0.9306282244165778,
  "entropy/difficulty": 0.9497012164384108,
  "entropy/ambiguity": 0.9320201587042913,
  "entropy/style": 0.9822177815287606,
  "entropy/noise": 0.9414280318460244,
  "entropy/scenario_type": 0.902518266288633,
  "coverage/intent": 1.0,
  "coverage/difficulty": 1.0,
  "coverage/ambiguity": 1.0,
  "coverage/style": 1.0,
  "coverage/noise": 1.0,
  "coverage/scenario_type": 1.0,
  "pack_accuracy": 0.5,
  "pack_confidence": 0.0,
  "mode_seeking_ratio": 0.2229960064040434,
  "text_distance_mean": 0.9527325332964214,
  "banned_phrasings_total": 0.0,
  "banned_phrasings_new": 0.0,
  "coverage_classifier_auroc": 0.5
}