{
  "run_dir": "E:\\Projects\\PromptForge\\experiments\\loo_run_002_seed23\\no_mode_hunter\\20260602T074417Z",
  "n_iterations": 3,
  "final_prompt_version": 2,
  "metric_history": [
    {
      "iteration": 0.0,
      "attribute_match_rate": 0.0625,
      "discriminator_accuracy": 1.0,
      "synthetic_detection_rate": 1.0,
      "near_duplicate_rate": 0.15,
      "combination_coverage": 0.6666666666666666,
      "entropy/intent": 0.8647365386176832,
      "entropy/difficulty": 0.946394630357186,
      "entropy/ambiguity": 0.9755307720176264,
      "entropy/style": 0.8433532525013715,
      "entropy/noise": 0.9822177815287606,
      "entropy/scenario_type": 0.9497012164384108,
      "coverage/intent": 1.0,
      "coverage/difficulty": 1.0,
      "coverage/ambiguity": 1.0,
      "coverage/style": 0.8333333333333334,
      "coverage/noise": 1.0,
      "coverage/scenario_type": 1.0,
      "pack_accuracy": 0.625,
      "pack_confidence": 0.8875,
      "mode_seeking_ratio": 0.22869764400364573,
      "text_distance_mean": 0.9454968560536481,
      "coverage_classifier_auroc": 1.0
    },
    {
      "iteration": 1.0,
      "attribute_match_rate": 0.125,
      "discriminator_accuracy": 1.0,
      "synthetic_detection_rate": 1.0,
      "near_duplicate_rate": 0.15,
      "combination_coverage": 0.5333333333333333,
      "entropy/intent": 0.8207140722512382,
      "entropy/difficulty": 0.9320201587042913,
      "entropy/ambiguity": 0.9850568223215079,
      "entropy/style": 0.8433532525013715,
      "entropy/noise": 0.9592101522724051,
      "entropy/scenario_type": 0.9497012164384108,
      "coverage/intent": 1.0,
      "coverage/difficulty": 1.0,
      "coverage/ambiguity": 1.0,
      "coverage/style": 0.8333333333333334,
      "coverage/noise": 1.0,
      "coverage/scenario_type": 1.0,
      "pack_accuracy": 0.5,
      "pack_confidence": 0.89375,
      "mode_seeking_ratio": 0.23242014812250147,
      "text_distance_mean": 0.9354727345872137,
      "coverage_classifier_auroc": 1.0
    },
    {
      "iteration": 2.0,
      "attribute_match_rate": 0.125,
      "discriminator_accuracy": 0.6666666666666666,
      "synthetic_detection_rate": 0.125,
      "near_duplicate_rate": 0.15,
      "combination_coverage": 0.6,
      "entropy/intent": 0.8285333834977017,
      "entropy/difficulty": 0.8957541375001009,
      "entropy/ambiguity": 0.9965119062478287,
      "entropy/style": 0.9099617502405772,
      "entropy/noise": 0.796580116665631,
      "entropy/scenario_type": 0.9965119062478287,
      "coverage/intent": 0.8,
      "coverage/difficulty": 1.0,
      "coverage/ambiguity": 1.0,
      "coverage/style": 1.0,
      "coverage/noise": 0.8,
      "coverage/scenario_type": 1.0,
      "pack_accuracy": 0.375,
      "pack_confidence": 0.9,
      "mode_seeking_ratio": 0.23889618701966936,
      "text_distance_mean": 0.9489383274402172,
      "coverage_classifier_auroc": 1.0
    }
  ],
  "prompt_history": [
    {
      "version": 0,
      "iteration": 0,
      "prompt": "Generate realistic customer support messages that match the requested intent\nand style. The example should be plausible for a customer support channel\n(email, chat, in-app form). Keep it short to medium length. Output a JSON\nobject with the sample id, the text, and the attribute values.\n",
      "motivation": "initial prompt",
      "feedback_summary": {},
      "timestamp": "2026-06-02T07:44:17.547596+00:00"
    },
    {
      "version": 1,
      "iteration": 1,
      "prompt": "\"\"\"Generate realistic customer support messages that match the requested intent and style, ensuring a mix of formal, informal, and verbose tones. The messages should reflect a variety of scenarios, including common and rare issues, while maintaining clarity and conciseness. Avoid generic expressions and ensure the content is specific, urgent, and relevant to the context. Output a JSON object with the sample id, the text, and the attribute values, including intent, style, difficulty, ambiguity, noise, and scenario type. \n\nFor this batch, focus on:\n- Incorporating diverse styles, especially formal and verbose.\n- Ensuring messages cover a range of difficulties and ambiguities.\n- Including edge cases and unique scenarios to enrich the dataset.\n- Avoiding near-duplicate phrasings and shallow paraphrases.\n\nForbidden phrasings:\n- \"I am encountering an issue with my account.\"\n- \"Can you help?\"\n- \"I can't remember my password.\"\n- \"I am very disappointed with the service.\"\n\nAim for messages that reflect real customer concerns, such as technical problems, complaints, refund requests, and account issues, while ensuring they are plausible for a customer support channel (email, chat, in-app form).\"\"\"",
      "motivation": "The batch of synthetic samples demonstrates a good coverage of intents, difficulties, ambiguities, and noise types, but lacks diversity in the style attribute, particularly in formal and verbose styles. There are also several near-duplicate phrasings and shallow paraphrases present.",
      "feedback_summary": {
        "iteration": 0,
        "n_attribute_failures": 15,
        "n_realism_artifacts": 9,
        "near_duplicate_rate": 0.15,
        "pack_accuracy": 0.625,
        "mode_seeking_ratio": 0.22869764400364573,
        "n_banned_phrasings": 0,
        "missing_modes": [
          "verbose"
        ],
        "overrepresented_modes": [
          "informal",
          "emotional",
          "fragmented"
        ],
        "metrics": {
          "attribute_match_rate": 0.0625,
          "discriminator_accuracy": 1.0,
          "synthetic_detection_rate": 1.0,
          "near_duplicate_rate": 0.15,
          "combination_coverage": 0.6666666666666666,
          "entropy/intent": 0.8647365386176832,
          "entropy/difficulty": 0.946394630357186,
          "entropy/ambiguity": 0.9755307720176264,
          "entropy/style": 0.8433532525013715,
          "entropy/noise": 0.9822177815287606,
          "entropy/scenario_type": 0.9497012164384108,
          "coverage/intent": 1.0,
          "coverage/difficulty": 1.0,
          "coverage/ambiguity": 1.0,
          "coverage/style": 0.8333333333333334,
          "coverage/noise": 1.0,
          "coverage/scenario_type": 1.0,
          "pack_accuracy": 0.625,
          "pack_confidence": 0.8875,
          "mode_seeking_ratio": 0.22869764400364573,
          "text_distance_mean": 0.9454968560536481,
          "coverage_classifier_auroc": 1.0
        }
      },
      "timestamp": "2026-06-02T07:45:58.876622+00:00"
    },
    {
      "version": 2,
      "iteration": 2,