{
  "mode_seeking_ratio": 0.24068828084118313,
  "n_pairs": 120,
  "text_distance_mean": 0.9532191668579545,
  "target_distance_mean": 4.391666666666667,
  "attribute_sensitivity": {
    "noise": 0.0,
    "style": 0.0,
    "difficulty": 0.8879698186161341,
    "intent": 0.0,
    "ambiguity": 0.0,
    "scenario_type": 0.9701824644388284
  }
}