{
  "attribute_match_rate": 0.0,
  "discriminator_accuracy": 0.16666666666666666,
  "synthetic_detection_rate": 0.0,
  "near_duplicate_rate": 0.25,
  "combination_coverage": 0.6666666666666666,
  "entropy/intent": 0.954434002924965,
  "entropy/difficulty": 0.6021808102656678,
  "entropy/polarity_intensity": 0.9850568223215079,
  "entropy/style": 0.7536839766284379,
  "entropy/noise": 0.9528195311147832,
  "entropy/scenario_type": 0.7006980271295309,
  "coverage/intent": 1.0,
  "coverage/difficulty": 0.6666666666666666,
  "coverage/polarity_intensity": 1.0,
  "coverage/style": 0.8,
  "coverage/noise": 1.0,
  "coverage/scenario_type": 0.6666666666666666,
  "pack_accuracy": 0.6666666666666666,
  "pack_confidence": 0.875,
  "mode_seeking_ratio": 0.2411233997223731,
  "text_distance_mean": 0.9408280714743427,
  "banned_phrasings_total": 2.0,
  "banned_phrasings_new": 0.0,
  "coverage_classifier_auroc": 1.0
}