{
  "attribute_match_rate": 0.5909090909090909,
  "discriminator_accuracy": 0.45454545454545453,
  "synthetic_detection_rate": 0.45454545454545453,
  "near_duplicate_rate": 0.25,
  "combination_coverage": 1.0,
  "entropy/intent": 0.976020648236615,
  "entropy/difficulty": 0.929252365043453,
  "entropy/polarity_intensity": 0.9741707427017493,
  "entropy/style": 0.9490905975029206,
  "entropy/noise": 0.9389433656943028,
  "entropy/scenario_type": 0.9202359289475054,
  "coverage/intent": 1.0,
  "coverage/difficulty": 1.0,
  "coverage/polarity_intensity": 1.0,
  "coverage/style": 1.0,
  "coverage/noise": 1.0,
  "coverage/scenario_type": 1.0,
  "pack_accuracy": 0.5,
  "pack_confidence": 0.0,
  "mode_seeking_ratio": 0.25362431800089086,
  "text_distance_mean": 0.9640608154257753,
  "banned_phrasings_total": 0.0,
  "banned_phrasings_new": 0.0,
  "coverage_classifier_auroc": 0.5
}