{
  "attribute_match_rate": 0.6666666666666666,
  "discriminator_accuracy": 0.4166666666666667,
  "synthetic_detection_rate": 0.4166666666666667,
  "near_duplicate_rate": 0.35,
  "combination_coverage": 0.8888888888888888,
  "entropy/intent": 0.9882484440780546,
  "entropy/difficulty": 0.9952467469708334,
  "entropy/ambiguity": 0.9012279263040422,
  "entropy/style": 0.9807765320912628,
  "entropy/noise": 0.9608948553419607,
  "entropy/scenario_type": 0.8920795639257109,
  "coverage/intent": 1.0,
  "coverage/difficulty": 1.0,
  "coverage/ambiguity": 1.0,
  "coverage/style": 1.0,
  "coverage/noise": 1.0,
  "coverage/scenario_type": 1.0,
  "pack_accuracy": 0.5,
  "pack_confidence": 0.0,
  "mode_seeking_ratio": 0.23402080004857878,
  "text_distance_mean": 0.9587623934527797,
  "banned_phrasings_total": 0.0,
  "banned_phrasings_new": 0.0,
  "coverage_classifier_auroc": 0.5
}