{
  "mode_seeking_ratio": 0.23402080004857878,
  "n_pairs": 276,
  "text_distance_mean": 0.9587623934527797,
  "target_distance_mean": 4.463768115942029,
  "attribute_sensitivity": {
    "intent": 0.9307902291038326,
    "style": 0.0,
    "scenario_type": 0.0,
    "difficulty": 0.0,
    "ambiguity": 0.0,
    "noise": 0.0
  }
}