{
  "attribute_match_rate": 0.0,
  "discriminator_accuracy": 0.5,
  "synthetic_detection_rate": 0.5,
  "near_duplicate_rate": 0.15,
  "combination_coverage": 0.7222222222222222,
  "entropy/intent": 0.9400664543100068,
  "entropy/difficulty": 0.9497012164384108,
  "entropy/ambiguity": 0.9497012164384108,
  "entropy/style": 0.9388906303246313,
  "entropy/noise": 0.7959585933443496,
  "entropy/scenario_type": 0.902518266288633,
  "coverage/intent": 1.0,
  "coverage/difficulty": 1.0,
  "coverage/ambiguity": 1.0,
  "coverage/style": 1.0,
  "coverage/noise": 1.0,
  "coverage/scenario_type": 1.0,
  "mode_seeking_ratio": 0.23556639510083213,
  "text_distance_mean": 0.9526570371703225,
  "coverage_classifier_auroc": 1.0
}