{
  "mode_seeking_ratio": 0.23556639510083213,
  "n_pairs": 120,
  "text_distance_mean": 0.9526570371703225,
  "target_distance_mean": 4.4,
  "attribute_sensitivity": {
    "scenario_type": 0.0,
    "style": 0.9766326122125245,
    "noise": 0.0,
    "intent": 0.0,
    "ambiguity": 0.0,
    "difficulty": 0.0
  }
}