{
  "attribute_match_rate": 0.9090909090909091,
  "discriminator_accuracy": 0.9583333333333334,
  "synthetic_detection_rate": 1.0,
  "near_duplicate_rate": 0.25,
  "combination_coverage": 0.5666666666666667,
  "entropy/intent": 0.9933677963248574,
  "entropy/difficulty": 0.9981459752167369,
  "entropy/ambiguity": 0.987029693781109,
  "entropy/style": 0.9529125160336603,
  "entropy/noise": 0.966642565201544,
  "entropy/scenario_type": 0.9713067383178074,
  "coverage/intent": 1.0,
  "coverage/difficulty": 1.0,
  "coverage/ambiguity": 1.0,
  "coverage/style": 1.0,
  "coverage/noise": 1.0,
  "coverage/scenario_type": 1.0,
  "pack_accuracy": 0.625,
  "pack_confidence": 0.8875,
  "mode_seeking_ratio": 0.21283822659658674,
  "text_distance_mean": 0.9377553115958032,
  "banned_phrasings_total": 1.0,
  "banned_phrasings_new": 1.0,
  "coverage_classifier_auroc": 1.0
}