{
  "mode_seeking_ratio": 0.21283822659658674,
  "n_pairs": 231,
  "text_distance_mean": 0.9377553115958032,
  "target_distance_mean": 4.658008658008658,
  "attribute_sensitivity": {
    "difficulty": 0.0,
    "style": 0.0,
    "intent": 0.0,
    "ambiguity": 0.0,
    "noise": 0.0,
    "scenario_type": 0.0
  }
}