{
  "mode_seeking_ratio": 0.23141968602332436,
  "n_pairs": 120,
  "text_distance_mean": 0.9078509053931365,
  "target_distance_mean": 4.366666666666666,
  "attribute_sensitivity": {
    "style": 0.0,
    "difficulty": 0.9523302466515201,
    "noise": 0.0,
    "ambiguity": 0.0,
    "scenario_type": 0.0,
    "intent": 0.0
  }
}