{
  "attribute_match_rate": 0.0625,
  "discriminator_accuracy": 0.9166666666666666,
  "synthetic_detection_rate": 1.0,
  "near_duplicate_rate": 0.15,
  "combination_coverage": 0.6,
  "entropy/intent": 0.9415787376332126,
  "entropy/difficulty": 0.7559752426306121,
  "entropy/ambiguity": 0.8957541375001009,
  "entropy/style": 0.9488801212514659,
  "entropy/noise": 0.9822177815287606,
  "entropy/scenario_type": 0.946394630357186,
  "coverage/intent": 1.0,
  "coverage/difficulty": 1.0,
  "coverage/ambiguity": 1.0,
  "coverage/style": 1.0,
  "coverage/noise": 1.0,
  "coverage/scenario_type": 1.0,
  "pack_accuracy": 0.125,
  "pack_confidence": 0.89375,
  "mode_seeking_ratio": 0.2330090498408542,
  "text_distance_mean": 0.9511644414501006,
  "coverage_classifier_auroc": 1.0
}