{
  "run_dir": "E:\\Projects\\PromptForge\\experiments\\loo_run_002_seed23\\no_pack\\20260602T073347Z",
  "n_iterations": 3,
  "final_prompt_version": 2,
  "metric_history": [
    {
      "iteration": 0.0,
      "attribute_match_rate": 0.125,
      "discriminator_accuracy": 1.0,
      "synthetic_detection_rate": 1.0,
      "near_duplicate_rate": 0.15,
      "combination_coverage": 0.6666666666666666,
      "entropy/intent": 0.8647365386176832,
      "entropy/difficulty": 0.946394630357186,
      "entropy/ambiguity": 0.9755307720176264,
      "entropy/style": 0.8433532525013715,
      "entropy/noise": 0.9822177815287606,
      "entropy/scenario_type": 0.9497012164384108,
      "coverage/intent": 1.0,
      "coverage/difficulty": 1.0,
      "coverage/ambiguity": 1.0,
      "coverage/style": 0.8333333333333334,
      "coverage/noise": 1.0,
      "coverage/scenario_type": 1.0,
      "mode_seeking_ratio": 0.22748793506971152,
      "text_distance_mean": 0.9414486597993793,
      "banned_phrasings_total": 3.0,
      "banned_phrasings_new": 3.0,
      "coverage_classifier_auroc": 1.0
    },
    {
      "iteration": 1.0,
      "attribute_match_rate": 0.0625,
      "discriminator_accuracy": 1.0,
      "synthetic_detection_rate": 1.0,
      "near_duplicate_rate": 0.15,
      "combination_coverage": 0.5333333333333333,
      "entropy/intent": 0.8207140722512382,
      "entropy/difficulty": 0.9320201587042913,
      "entropy/ambiguity": 0.9850568223215079,
      "entropy/style": 0.8433532525013715,
      "entropy/noise": 0.9592101522724051,
      "entropy/scenario_type": 0.9497012164384108,
      "coverage/intent": 1.0,
      "coverage/difficulty": 1.0,
      "coverage/ambiguity": 1.0,
      "coverage/style": 0.8333333333333334,
      "coverage/noise": 1.0,
      "coverage/scenario_type": 1.0,
      "mode_seeking_ratio": 0.2369918123793159,
      "text_distance_mean": 0.9483712527694104,
      "banned_phrasings_total": 7.0,
      "banned_phrasings_new": 4.0,
      "coverage_classifier_auroc": 1.0
    },
    {
      "iteration": 2.0,
      "attribute_match_rate": 0.0625,
      "discriminator_accuracy": 0.7916666666666666,
      "synthetic_detection_rate": 0.5,
      "near_duplicate_rate": 0.15,
      "combination_coverage": 0.6,
      "entropy/intent": 0.8285333834977017,
      "entropy/difficulty": 0.8957541375001009,
      "entropy/ambiguity": 0.9965119062478287,
      "entropy/style": 0.9099617502405772,
      "entropy/noise": 0.796580116665631,
      "entropy/scenario_type": 0.9965119062478287,
      "coverage/intent": 0.8,
      "coverage/difficulty": 1.0,
      "coverage/ambiguity": 1.0,
      "coverage/style": 1.0,
      "coverage/noise": 0.8,
      "coverage/scenario_type": 1.0,
      "mode_seeking_ratio": 0.24151507406542821,
      "text_distance_mean": 0.9561374079196445,
      "banned_phrasings_total": 11.0,
      "banned_phrasings_new": 4.0,
      "coverage_classifier_auroc": 1.0
    }
  ],
  "prompt_history": [
    {
      "version": 0,
      "iteration": 0,
      "prompt": "Generate realistic customer support messages that match the requested intent\nand style. The example should be plausible for a customer support channel\n(email, chat, in-app form). Keep it short to medium length. Output a JSON\nobject with the sample id, the text, and the attribute values.\n",
      "motivation": "initial prompt",
      "feedback_summary": {},
      "timestamp": "2026-06-02T07:33:47.892724+00:00"
    },
    {
      "version": 1,
      "iteration": 1,
      "prompt": "\"\"\"Generate realistic customer support messages that match the requested intent and style, ensuring a variety of scenarios and levels of detail. Include both common and edge case situations, and aim for a mix of concise and verbose responses. The messages should reflect real-world urgency and specificity, incorporating a range of tones from formal to informal. Output a JSON object with the sample id, the text, and the attribute values.\n\nForbidden phrasings:\n- 'Hey, so like,'\n- \"I can't believe how\"\n- 'Can you help me out?'\n\nEnsure the following:\n1. Messages should vary in style, including more verbose options to enhance diversity.\n2. Avoid near-duplicate phrasings and shallow paraphrases.\n3. Include a mix of scenarios, ensuring some are less common to enrich the dataset.\n4. Strive for a balance in emotional tone, avoiding overrepresentation of informal and emotional styles.\n5. Maintain clarity while introducing some ambiguity to reflect real user experiences.\n\nThe output should be plausible for a customer support channel (email, chat, in-app form) and should be of short to medium length, reflecting realistic customer interactions. Aim for a high level of attribute fidelity while ensuring the messages feel authentic and relatable.\"\"\"",
      "motivation": "The batch of synthetic samples demonstrates a good variety of intents, difficulties, and ambiguities, but lacks diversity in the 'style' attribute, particularly in the 'verbose' mode. Additionally, there are instances of near-duplicate phrasings and shallow paraphrases.",
      "feedback_summary": {
        "iteration": 0,
        "n_attribute_failures": 14,
        "n_realism_artifacts": 9,
        "near_duplicate_rate": 0.15,
        "pack_accuracy": null,
        "mode_seeking_ratio": 0.22748793506971152,
        "n_banned_phrasings": 3,
        "missing_modes": [
          "verbose"
        ],
        "overrepresented_modes": [
          "informal",
          "emotional"
        ],
        "metrics": {
          "attribute_match_rate": 0.125,
          "discriminator_accuracy": 1.0,
          "synthetic_detection_rate": 1.0,
          "near_duplicate_rate": 0.15,
          "combination_coverage": 0.6666666666666666,
          "entropy/intent": 0.8647365386176832,
          "entropy/difficulty": 0.946394630357186,
          "entropy/ambiguity": 0.9755307720176264,
          "entropy/style": 0.8433532525013715,
          "entropy/noise": 0.9822177815287606,
          "entropy/scenario_type": 0.9497012164384108,
          "coverage/intent": 1.0,
          "coverage/difficulty": 1.0,
          "coverage/ambiguity": 1.0,
          "coverage/style": 0.8333333333333334,
          "coverage/noise": 1.0,
          "coverage/scenario_type": 1.0,
          "mode_seeking_ratio": 0.22748793506971152,
          "text_distance_mean": 0.9414486597993793,
          "banned_phrasings_total": 3.0,
          "banned_phrasings_new": 3.0,
          "coverage_classifier_auroc": 1.0
        }
      },
      "timestamp": "2026-06-02T07:35:13.374534+00:00"
    },
    {
      "version": 2,
      "iteration": 2,