{
  "attribute_match_rate": 0.7619047619047619,
  "discriminator_accuracy": 0.47619047619047616,
  "synthetic_detection_rate": 0.47619047619047616,
  "near_duplicate_rate": 0.25,
  "combination_coverage": 1.0,
  "entropy/intent": 0.998363672593813,
  "entropy/difficulty": 0.9584114221179828,
  "entropy/polarity_intensity": 0.9526841246715824,
  "entropy/style": 0.9898279823399508,
  "entropy/noise": 0.95668593969962,
  "entropy/scenario_type": 0.9664730487321721,
  "coverage/intent": 1.0,
  "coverage/difficulty": 1.0,
  "coverage/polarity_intensity": 1.0,
  "coverage/style": 1.0,
  "coverage/noise": 1.0,
  "coverage/scenario_type": 1.0,
  "pack_accuracy": 0.5,
  "pack_confidence": 0.0,
  "mode_seeking_ratio": 0.24904343677094923,
  "text_distance_mean": 0.964978381801913,
  "banned_phrasings_total": 0.0,
  "banned_phrasings_new": 0.0,
  "coverage_classifier_auroc": 0.5
}