{
  "attribute_match_rate": 0.0,
  "discriminator_accuracy": 0.08333333333333333,
  "synthetic_detection_rate": 0.0,
  "near_duplicate_rate": 0.15,
  "combination_coverage": 0.6111111111111112,
  "entropy/intent": 0.8616051493362594,
  "entropy/difficulty": 0.9965119062478287,
  "entropy/ambiguity": 0.9497012164384108,
  "entropy/style": 0.9822177815287606,
  "entropy/noise": 0.9681390622295665,
  "entropy/scenario_type": 0.8903195311147832,
  "coverage/intent": 0.8333333333333334,
  "coverage/difficulty": 1.0,
  "coverage/ambiguity": 1.0,
  "coverage/style": 1.0,
  "coverage/noise": 1.0,
  "coverage/scenario_type": 1.0
}