{
  "attribute_match_rate": 0.9090909090909091,
  "discriminator_accuracy": 0.20833333333333334,
  "synthetic_detection_rate": 0.5,
  "near_duplicate_rate": 0.25,
  "combination_coverage": 0.6333333333333333,
  "entropy/intent": 0.9933677963248574,
  "entropy/difficulty": 0.992215060722018,
  "entropy/ambiguity": 0.9643787017331664,
  "entropy/style": 0.8739554185477134,
  "entropy/noise": 0.966642565201544,
  "entropy/scenario_type": 0.9445113717563273,
  "coverage/intent": 1.0,
  "coverage/difficulty": 1.0,
  "coverage/ambiguity": 1.0,
  "coverage/style": 0.8333333333333334,
  "coverage/noise": 1.0,
  "coverage/scenario_type": 1.0,
  "pack_accuracy": 0.375,
  "pack_confidence": 0.89375,
  "mode_seeking_ratio": 0.2190186778396596,
  "text_distance_mean": 0.9412830098034997,
  "banned_phrasings_total": 2.0,
  "banned_phrasings_new": 0.0,
  "coverage_classifier_auroc": 1.0
}