{
  "mode_seeking_ratio": 0.2190186778396596,
  "n_pairs": 231,
  "text_distance_mean": 0.9412830098034997,
  "target_distance_mean": 4.593073593073593,
  "attribute_sensitivity": {
    "ambiguity": 0.0,
    "style": 0.0,
    "noise": 0.0,
    "difficulty": 0.8923801129388844,
    "scenario_type": 0.0,
    "intent": 0.0
  }
}