{
  "mode_seeking_ratio": 0.24049522770653714,
  "n_pairs": 120,
  "text_distance_mean": 0.9479635548709212,
  "target_distance_mean": 4.375,
  "attribute_sensitivity": {
    "noise": 0.0,
    "style": 0.9633010611426432,
    "difficulty": 0.0,
    "intent": 0.0,
    "ambiguity": 0.0,
    "scenario_type": 0.0
  }
}