{
  "run_dir": "E:\\Projects\\PromptForge\\experiments\\sst2_run_001_seed53\\realism_only\\20260602T130012Z",
  "n_iterations": 3,
  "final_prompt_version": 2,
  "metric_history": [
    {
      "iteration": 0.0,
      "attribute_match_rate": 0.0,
      "discriminator_accuracy": 0.9166666666666666,
      "synthetic_detection_rate": 1.0,
      "near_duplicate_rate": 0.15,
      "combination_coverage": 0.8333333333333334,
      "entropy/intent": 0.8112781244591328,
      "entropy/difficulty": 0.9850568223215079,
      "entropy/polarity_intensity": 0.9965119062478287,
      "entropy/style": 0.9388906303246313,
      "entropy/noise": 0.8514097655573916,
      "entropy/scenario_type": 0.9099617502405772,
      "coverage/intent": 1.0,
      "coverage/difficulty": 1.0,
      "coverage/polarity_intensity": 1.0,
      "coverage/style": 1.0,
      "coverage/noise": 1.0,
      "coverage/scenario_type": 1.0
    },
    {
      "iteration": 1.0,
      "attribute_match_rate": 0.0,
      "discriminator_accuracy": 0.0,
      "synthetic_detection_rate": 0.0,
      "near_duplicate_rate": 0.15,
      "combination_coverage": 1.0,
      "entropy/intent": 0.8960382325345574,
      "entropy/difficulty": 0.9755307720176264,
      "entropy/polarity_intensity": 0.9965119062478287,
      "entropy/style": 0.9158830010682758,
      "entropy/noise": 0.9414280318460244,
      "entropy/scenario_type": 0.8822716235122602,
      "coverage/intent": 1.0,
      "coverage/difficulty": 1.0,
      "coverage/polarity_intensity": 1.0,
      "coverage/style": 1.0,
      "coverage/noise": 1.0,
      "coverage/scenario_type": 0.8333333333333334
    },
    {
      "iteration": 2.0,
      "attribute_match_rate": 0.0,
      "discriminator_accuracy": 0.20833333333333334,
      "synthetic_detection_rate": 0.42857142857142855,
      "near_duplicate_rate": 0.15,
      "combination_coverage": 0.6666666666666666,
      "entropy/intent": 0.9886994082884974,
      "entropy/difficulty": 0.6021808102656678,
      "entropy/polarity_intensity": 0.9965119062478287,
      "entropy/style": 0.9592101522724051,
      "entropy/noise": 0.9681390622295665,
      "entropy/scenario_type": 0.9607329284860076,
      "coverage/intent": 1.0,
      "coverage/difficulty": 0.6666666666666666,
      "coverage/polarity_intensity": 1.0,
      "coverage/style": 1.0,
      "coverage/noise": 1.0,
      "coverage/scenario_type": 1.0
    }
  ],
  "prompt_history": [
    {
      "version": 0,
      "iteration": 0,
      "prompt": "Generate realistic short movie review sentences that match the requested\nsentiment polarity (positive or negative). Reviews should sound like\nnatural film criticism: short, opinionated, using a mix of explicit\nsentiment words and comparative judgments. Match the requested style,\nintensity, and scenario type. Output a JSON object with the sample id,\nthe text, and the attribute values.\n",
      "motivation": "initial prompt",
      "feedback_summary": {},
      "timestamp": "2026-06-02T13:00:12.949435+00:00"
    },
    {
      "version": 1,
      "iteration": 1,
      "prompt": "\"\"\"Generate realistic short movie review sentences that align with the requested sentiment polarity (positive or negative). Reviews should reflect authentic film criticism: concise, opinionated, and incorporating a blend of explicit sentiment words and nuanced comparative judgments. Ensure a variety of styles and tones, including both formal and informal expressions, while avoiding clich\u00e9s and overly polished language. Incorporate specific details about the film's elements, such as acting, direction, or cinematography, to enhance realism and depth. Aim for a mix of common and unconventional scenarios to introduce diversity in perspectives. Output a JSON object with the sample id, the text, and the attribute values.\n\nForbidden phrasings:\n- \"This film is a masterpiece.\"\n- \"I was blown away.\"\n- \"A must-see for everyone.\"\n- \"This movie fell flat.\"\n- \"The plot was predictable.\" \n\"\"\"",
      "motivation": "The batch of synthetic samples demonstrates a good coverage of the attribute schema, but there are some near-duplicate phrasings and a lack of edge cases. The diversity of styles and scenarios is commendable, yet some modes could be better represented.",
      "feedback_summary": {
        "iteration": 0,
        "n_attribute_failures": 0,
        "n_realism_artifacts": 8,
        "near_duplicate_rate": 0.15,
        "pack_accuracy": null,
        "mode_seeking_ratio": null,
        "n_banned_phrasings": 0,
        "missing_modes": [],
        "overrepresented_modes": [
          "strong polarity_intensity in negative intent",
          "informal style"
        ],
        "metrics": {
          "attribute_match_rate": 0.0,
          "discriminator_accuracy": 0.9166666666666666,
          "synthetic_detection_rate": 1.0,
          "near_duplicate_rate": 0.15,
          "combination_coverage": 0.8333333333333334,
          "entropy/intent": 0.8112781244591328,
          "entropy/difficulty": 0.9850568223215079,
          "entropy/polarity_intensity": 0.9965119062478287,
          "entropy/style": 0.9388906303246313,
          "entropy/noise": 0.8514097655573916,
          "entropy/scenario_type": 0.9099617502405772,
          "coverage/intent": 1.0,
          "coverage/difficulty": 1.0,
          "coverage/polarity_intensity": 1.0,
          "coverage/style": 1.0,
          "coverage/noise": 1.0,
          "coverage/scenario_type": 1.0
        }
      },
      "timestamp": "2026-06-02T13:01:11.159368+00:00"
    },
    {
      "version": 2,
      "iteration": 2,
      "prompt": "\"\"\"\"\"\"Generate realistic short movie review sentences that align with the requested sentiment polarity (positive or negative). Reviews should reflect authentic film criticism: concise, opinionated, and incorporate specific details about the film's elements, such as acting, direction, or cinematography. Ensure a variety of styles and tones, including both formal and informal expressions, while avoiding clich\u00e9s and overly polished language. Aim for a mix of common and unconventional scenarios, particularly focusing on 'acting quality' and 'overall verdict' in both positive and negative contexts. Introduce edge cases or rare scenarios to enhance diversity in perspectives. Output a JSON object with the sample id, the text, and the attribute values.\n\nForbidden phrasings:\n- \"This film is a masterpiece.\"\n- \"I was blown away.\"\n- \"A must-see for everyone.\"\n- \"This movie fell flat.\"\n- \"The plot was predictable.\"\n- \"Generic praise without specific context.\"\n- \"This film lacks depth.\" \n- \"It was just okay.\" \n\"\"\"\"\"\"",
      "motivation": "The batch of synthetic samples demonstrates a good variety of attributes, but there is a notable absence of certain scenario types, particularly 'acting_quality' and 'overall_verdict' in negative contexts. Additionally, there are instances of near-duplicate phrasings and shallow paraphrases.",
      "feedback_summary": {
        "iteration": 1,
        "n_attribute_failures": 0,
        "n_realism_artifacts": 15,
        "near_duplicate_rate": 0.15,
        "pack_accuracy": null,
        "mode_seeking_ratio": null,
        "n_banned_phrasings": 0,
        "missing_modes": [
          "acting_quality",
          "overall_verdict (negative)"
        ],
        "overrepresented_modes": [
          "positive (easy, mild, informal)",
          "negative (hard, strong, sarcastic)"
        ],
        "metrics": {
          "attribute_match_rate": 0.0,
          "discriminator_accuracy": 0.0,
          "synthetic_detection_rate": 0.0,
          "near_duplicate_rate": 0.15,
          "combination_coverage": 1.0,
          "entropy/intent": 0.8960382325345574,
          "entropy/difficulty": 0.9755307720176264,
          "entropy/polarity_intensity": 0.9965119062478287,
          "entropy/style": 0.9158830010682758,
          "entropy/noise": 0.9414280318460244,