{
  "mode_seeking_ratio": 0.22391960568775665,
  "n_pairs": 120,
  "text_distance_mean": 0.9541127948484471,
  "target_distance_mean": 4.508333333333334,
  "attribute_sensitivity": {
    "scenario_type": 0.0,
    "style": 0.0,
    "noise": 0.0,
    "intent": 0.0,
    "ambiguity": 0.0,
    "difficulty": 0.0
  }
}