{
  "attribute_match_rate": 0.0,
  "discriminator_accuracy": 1.0,
  "synthetic_detection_rate": 1.0,
  "near_duplicate_rate": 0.1,
  "combination_coverage": 0.7333333333333333,
  "entropy/intent": 0.9080636898218125,
  "entropy/difficulty": 0.9755307720176264,
  "entropy/ambiguity": 0.946394630357186,
  "entropy/style": 0.9607329284860076,
  "entropy/noise": 0.796580116665631,
  "entropy/scenario_type": 0.7559752426306121,
  "coverage/intent": 1.0,
  "coverage/difficulty": 1.0,
  "coverage/ambiguity": 1.0,
  "coverage/style": 1.0,
  "coverage/noise": 0.8,
  "coverage/scenario_type": 1.0,
  "pack_accuracy": 0.5,
  "pack_confidence": 0.89375,
  "mode_seeking_ratio": 0.24784006911559414,
  "text_distance_mean": 0.9587696783145823,
  "banned_phrasings_total": 8.0,
  "banned_phrasings_new": 4.0,
  "coverage_classifier_auroc": 1.0
}