{
  "mode_seeking_ratio": 0.24784006911559414,
  "n_pairs": 120,
  "text_distance_mean": 0.9587696783145823,
  "target_distance_mean": 4.3,
  "attribute_sensitivity": {
    "scenario_type": 0.0,
    "style": 0.0,
    "ambiguity": 0.0,
    "noise": 0.9524258066284923,
    "difficulty": 0.0,
    "intent": 0.0
  }
}