{
  "run_dir": "E:\\Projects\\PromptForge\\experiments\\sst2_run_001_seed17\\diversity_only\\20260602T121307Z",
  "n_iterations": 3,
  "final_prompt_version": 2,
  "metric_history": [
    {
      "iteration": 0.0,
      "attribute_match_rate": 0.0,
      "discriminator_accuracy": 0.5,
      "synthetic_detection_rate": 0.5,
      "near_duplicate_rate": 0.15,
      "combination_coverage": 1.0,
      "entropy/intent": 0.9886994082884974,
      "entropy/difficulty": 0.9755307720176264,
      "entropy/polarity_intensity": 0.9755307720176264,
      "entropy/style": 0.8839297342362052,
      "entropy/noise": 0.902518266288633,
      "entropy/scenario_type": 0.7855584217036248,
      "coverage/intent": 1.0,
      "coverage/difficulty": 1.0,
      "coverage/polarity_intensity": 1.0,
      "coverage/style": 1.0,
      "coverage/noise": 1.0,
      "coverage/scenario_type": 0.8333333333333334,
      "mode_seeking_ratio": 0.24602517870108948,
      "text_distance_mean": 0.9634653735426686,
      "coverage_classifier_auroc": 1.0
    },
    {
      "iteration": 1.0,
      "attribute_match_rate": 0.0,
      "discriminator_accuracy": 0.5,
      "synthetic_detection_rate": 0.5,
      "near_duplicate_rate": 0.15,
      "combination_coverage": 0.8333333333333334,
      "entropy/intent": 0.9886994082884974,
      "entropy/difficulty": 0.895014514573153,
      "entropy/polarity_intensity": 0.9965119062478287,
      "entropy/style": 0.9822177815287606,
      "entropy/noise": 0.9248008763572907,
      "entropy/scenario_type": 0.8423415361816292,
      "coverage/intent": 1.0,
      "coverage/difficulty": 1.0,
      "coverage/polarity_intensity": 1.0,
      "coverage/style": 1.0,
      "coverage/noise": 1.0,
      "coverage/scenario_type": 1.0,
      "mode_seeking_ratio": 0.24188545390275992,
      "text_distance_mean": 0.9592875443813613,
      "coverage_classifier_auroc": 1.0
    },
    {
      "iteration": 2.0,
      "attribute_match_rate": 0.0,
      "discriminator_accuracy": 0.5,
      "synthetic_detection_rate": 0.5,
      "near_duplicate_rate": 0.15,
      "combination_coverage": 1.0,
      "entropy/intent": 0.9886994082884974,
      "entropy/difficulty": 0.9497012164384108,
      "entropy/polarity_intensity": 0.9755307720176264,
      "entropy/style": 0.9256951044610051,
      "entropy/noise": 0.8903195311147832,
      "entropy/scenario_type": 0.8339150226079424,
      "coverage/intent": 1.0,
      "coverage/difficulty": 1.0,
      "coverage/polarity_intensity": 1.0,
      "coverage/style": 1.0,
      "coverage/noise": 1.0,
      "coverage/scenario_type": 0.8333333333333334,
      "mode_seeking_ratio": 0.24555836167574588,
      "text_distance_mean": 0.958538434635084,
      "coverage_classifier_auroc": 1.0
    }
  ],
  "prompt_history": [
    {
      "version": 0,
      "iteration": 0,
      "prompt": "Generate realistic short movie review sentences that match the requested\nsentiment polarity (positive or negative). Reviews should sound like\nnatural film criticism: short, opinionated, using a mix of explicit\nsentiment words and comparative judgments. Match the requested style,\nintensity, and scenario type. Output a JSON object with the sample id,\nthe text, and the attribute values.\n",
      "motivation": "initial prompt",
      "feedback_summary": {},
      "timestamp": "2026-06-02T12:13:07.474137+00:00"
    },
    {
      "version": 1,
      "iteration": 1,
      "prompt": "\"\"\"Generate realistic short movie review sentences that align with the requested sentiment polarity (positive or negative). Reviews should reflect natural film criticism: concise, opinionated, and incorporating a blend of explicit sentiment words, emotional responses, and comparative judgments. Ensure a variety of scenario types, including emotional reactions, pacing, character development, and overall verdicts. Aim for unique phrasing and structure to minimize near-duplicates and explore edge cases in difficulty and polarity intensity. \n\nOutput a JSON object with the following fields:\n- sample_id: a unique identifier for the review\n- text: the generated review sentence\n- attributes: an object containing the sentiment polarity, scenario type, intensity, style, and any additional relevant attributes.\n\nForbidden phrasings: \n- \"as easy to be bored by as your abc's\"\n- \"do not mind crappy movies as much as adults, provided there's lots of cute animals and clumsy people\"\n- \"funny in a sick, twisted sort of way\"\n- \"powerful and\"\n- \"those who do\"\n\nFocus on producing a diverse range of reviews that capture different emotional tones and perspectives, ensuring each review feels distinct and authentic.\"",
      "motivation": "The batch of synthetic samples demonstrates a good variety of attributes, but there is a notable absence of certain scenario types. Additionally, some modes are overrepresented, and there are near-duplicate phrasings present.",
      "feedback_summary": {
        "iteration": 0,
        "n_attribute_failures": 0,
        "n_realism_artifacts": 0,
        "near_duplicate_rate": 0.15,
        "pack_accuracy": null,
        "mode_seeking_ratio": 0.24602517870108948,
        "n_banned_phrasings": 0,
        "missing_modes": [
          "emotion"
        ],
        "overrepresented_modes": [
          "pacing",
          "overall_verdict"
        ],
        "metrics": {
          "attribute_match_rate": 0.0,
          "discriminator_accuracy": 0.5,
          "synthetic_detection_rate": 0.5,
          "near_duplicate_rate": 0.15,
          "combination_coverage": 1.0,
          "entropy/intent": 0.9886994082884974,
          "entropy/difficulty": 0.9755307720176264,
          "entropy/polarity_intensity": 0.9755307720176264,
          "entropy/style": 0.8839297342362052,
          "entropy/noise": 0.902518266288633,
          "entropy/scenario_type": 0.7855584217036248,
          "coverage/intent": 1.0,
          "coverage/difficulty": 1.0,
          "coverage/polarity_intensity": 1.0,
          "coverage/style": 1.0,
          "coverage/noise": 1.0,
          "coverage/scenario_type": 0.8333333333333334,
          "mode_seeking_ratio": 0.24602517870108948,
          "text_distance_mean": 0.9634653735426686,
          "coverage_classifier_auroc": 1.0
        }
      },
      "timestamp": "2026-06-02T12:13:44.011367+00:00"
    },
    {
      "version": 2,
      "iteration": 2,
      "prompt": "\"\"\"\"\"\"Generate realistic short movie review sentences that align with the requested sentiment polarity (positive or negative). Reviews should reflect natural film criticism: concise, opinionated, and incorporate a blend of explicit sentiment words, emotional responses, and comparative judgments. Ensure a wide variety of scenario types, including emotional reactions, pacing, character development, and overall verdicts. Strive for unique phrasing and structure to minimize near-duplicates and explore edge cases in difficulty and polarity intensity, particularly focusing on less common emotional tones and perspectives.\n\nOutput a JSON object with the following fields:\n- sample_id: a unique identifier for the review\n- text: the generated review sentence\n- attributes: an object containing the sentiment polarity, scenario type, intensity, style, and any additional relevant attributes.\n\nForbidden phrasings: \n- \"as easy to be bored by as your abc's\"\n- \"do not mind crappy movies as much as adults, provided there's lots of cute animals and clumsy people\"\n- \"funny in a sick, twisted sort of way\"\n- \"powerful and\"\n- \"those who do\"\n\nEncourage the generation of diverse reviews that capture a range of emotional tones and perspectives, ensuring each review feels distinct and authentic. Aim to include scenarios that are less frequently represented to enhance overall diversity.\"\"\"\"\"",