{
  "mode_seeking_ratio": 0.24357902258621375,
  "n_pairs": 120,
  "text_distance_mean": 0.9583622021948791,
  "target_distance_mean": 4.375,
  "attribute_sensitivity": {
    "scenario_type": 0.0,
    "style": 0.937350677958512,
    "noise": 0.0,
    "ambiguity": 0.0,
    "difficulty": 0.0,
    "intent": 0.0
  }
}