{
  "attribute_match_rate": 1.0,
  "discriminator_accuracy": 0.7083333333333334,
  "synthetic_detection_rate": 0.125,
  "near_duplicate_rate": 0.0,
  "combination_coverage": 0.5333333333333333,
  "entropy/intent": 0.8207140722512382,
  "entropy/difficulty": 0.9320201587042913,
  "entropy/ambiguity": 0.9850568223215079,
  "entropy/style": 0.8433532525013715,
  "entropy/noise": 0.9592101522724051,
  "entropy/scenario_type": 0.9497012164384108,
  "coverage/intent": 1.0,
  "coverage/difficulty": 1.0,
  "coverage/ambiguity": 1.0,
  "coverage/style": 0.8333333333333334,
  "coverage/noise": 1.0,
  "coverage/scenario_type": 1.0
}