{
  "attribute_match_rate": 0.0625,
  "discriminator_accuracy": 0.5833333333333334,
  "synthetic_detection_rate": 0.3,
  "near_duplicate_rate": 0.15,
  "combination_coverage": 0.7333333333333333,
  "entropy/intent": 0.9690222556651344,
  "entropy/difficulty": 0.9497012164384108,
  "entropy/ambiguity": 0.8868595071429147,
  "entropy/style": 0.9400664543100068,
  "entropy/noise": 0.7773869210471088,
  "entropy/scenario_type": 0.9320201587042913,
  "coverage/intent": 1.0,
  "coverage/difficulty": 1.0,
  "coverage/ambiguity": 1.0,
  "coverage/style": 1.0,
  "coverage/noise": 0.8,
  "coverage/scenario_type": 1.0,
  "pack_accuracy": 0.625,
  "pack_confidence": 0.9,
  "mode_seeking_ratio": 0.23064026611644176,
  "text_distance_mean": 0.9426312419961337,
  "coverage_classifier_auroc": 1.0
}