{
  "attribute_match_rate": 1.0,
  "discriminator_accuracy": 0.0,
  "synthetic_detection_rate": 0.0,
  "near_duplicate_rate": 0.25,
  "combination_coverage": 0.6,
  "entropy/intent": 0.9999999999999998,
  "entropy/difficulty": 0.9077556599985013,
  "entropy/ambiguity": 0.9911594714322187,
  "entropy/style": 0.8205641175628011,
  "entropy/noise": 0.948181600415076,
  "entropy/scenario_type": 0.8870920155351287,
  "coverage/intent": 1.0,
  "coverage/difficulty": 1.0,
  "coverage/ambiguity": 1.0,
  "coverage/style": 0.8333333333333334,
  "coverage/noise": 1.0,
  "coverage/scenario_type": 1.0,
  "pack_accuracy": 0.625,
  "pack_confidence": 0.9,
  "mode_seeking_ratio": 0.22267212446057355,
  "text_distance_mean": 0.9393321519345023,
  "banned_phrasings_total": 1.0,
  "banned_phrasings_new": 1.0,
  "coverage_classifier_auroc": 1.0
}