{
  "mode_seeking_ratio": 0.22267212446057355,
  "n_pairs": 190,
  "text_distance_mean": 0.9393321519345023,
  "target_distance_mean": 4.478947368421053,
  "attribute_sensitivity": {
    "style": 0.0,
    "intent": 0.0,
    "ambiguity": 0.0,
    "noise": 0.0,
    "scenario_type": 0.0,
    "difficulty": 0.0
  }
}