{
  "attribute_match_rate": 0.0,
  "discriminator_accuracy": 0.875,
  "synthetic_detection_rate": 0.8571428571428571,
  "near_duplicate_rate": 0.0,
  "combination_coverage": 0.7222222222222222,
  "entropy/intent": 0.9400664543100068,
  "entropy/difficulty": 0.9497012164384108,
  "entropy/ambiguity": 0.9497012164384108,
  "entropy/style": 0.9388906303246313,
  "entropy/noise": 0.7959585933443496,
  "entropy/scenario_type": 0.902518266288633,
  "coverage/intent": 1.0,
  "coverage/difficulty": 1.0,
  "coverage/ambiguity": 1.0,
  "coverage/style": 1.0,
  "coverage/noise": 1.0,
  "coverage/scenario_type": 1.0
}