{
  "attribute_match_rate": 0.125,
  "discriminator_accuracy": 0.08333333333333333,
  "synthetic_detection_rate": 0.0,
  "near_duplicate_rate": 0.15,
  "combination_coverage": 0.6,
  "entropy/intent": 0.9158830010682758,
  "entropy/difficulty": 0.8387794678549644,
  "entropy/ambiguity": 0.8868595071429147,
  "entropy/style": 0.9607329284860076,
  "entropy/noise": 0.8707342083725791,
  "entropy/scenario_type": 0.9320201587042913,
  "coverage/intent": 1.0,
  "coverage/difficulty": 1.0,
  "coverage/ambiguity": 1.0,
  "coverage/style": 1.0,
  "coverage/noise": 1.0,
  "coverage/scenario_type": 1.0,
  "pack_accuracy": 0.625,
  "pack_confidence": 0.88125,
  "mode_seeking_ratio": 0.23898828446161804,
  "text_distance_mean": 0.943224734614216,
  "banned_phrasings_total": 8.0,
  "banned_phrasings_new": 4.0
}