{
  "mode_seeking_ratio": 0.23898828446161804,
  "n_pairs": 120,
  "text_distance_mean": 0.943224734614216,
  "target_distance_mean": 4.291666666666667,
  "attribute_sensitivity": {
    "noise": 0.0,
    "style": 0.0,
    "difficulty": 0.0,
    "intent": 0.0,
    "ambiguity": 0.0,
    "scenario_type": 0.0
  }
}