{
  "mode_seeking_ratio": 0.2378169008106853,
  "n_pairs": 120,
  "text_distance_mean": 0.949439214165285,
  "target_distance_mean": 4.358333333333333,
  "attribute_sensitivity": {
    "scenario_type": 0.0,
    "style": 0.0,
    "noise": 0.0,
    "intent": 0.8958508804664507,
    "ambiguity": 0.0,
    "difficulty": 0.0
  }
}