{
  "run_dir": "E:\\Projects\\PromptForge\\experiments\\banking77_v297_seed89\\full_attrforge\\20260602T190001Z",
  "n_iterations": 3,
  "final_prompt_version": 2,
  "metric_history": [
    {
      "iteration": 0.0,
      "attribute_match_rate": 0.9523809523809523,
      "discriminator_accuracy": 0.75,
      "synthetic_detection_rate": 1.0,
      "near_duplicate_rate": 0.25,
      "combination_coverage": 0.4666666666666667,
      "entropy/intent": 0.9960334049191263,
      "entropy/difficulty": 0.9584114221179828,
      "entropy/ambiguity": 0.9216124027287592,
      "entropy/style": 0.9277902462594633,
      "entropy/noise": 0.8349563027191339,
      "entropy/scenario_type": 0.9937866610055328,
      "coverage/intent": 1.0,
      "coverage/difficulty": 1.0,
      "coverage/ambiguity": 1.0,
      "coverage/style": 1.0,
      "coverage/noise": 0.8,
      "coverage/scenario_type": 1.0,
      "pack_accuracy": 0.5,
      "pack_confidence": 0.9,
      "mode_seeking_ratio": 0.21990101812575244,
      "text_distance_mean": 0.9339881779013921,
      "banned_phrasings_total": 1.0,
      "banned_phrasings_new": 1.0,
      "coverage_classifier_auroc": 1.0
    },
    {
      "iteration": 1.0,
      "attribute_match_rate": 0.9047619047619048,
      "discriminator_accuracy": 0.16666666666666666,
      "synthetic_detection_rate": 0.0,
      "near_duplicate_rate": 0.25,
      "combination_coverage": 0.5333333333333333,
      "entropy/intent": 0.9960334049191263,
      "entropy/difficulty": 0.9748830897462034,
      "entropy/ambiguity": 0.9584114221179828,
      "entropy/style": 0.939856775397578,
      "entropy/noise": 0.9333296267537046,
      "entropy/scenario_type": 0.9526841246715824,
      "coverage/intent": 1.0,
      "coverage/difficulty": 1.0,
      "coverage/ambiguity": 1.0,
      "coverage/style": 1.0,
      "coverage/noise": 1.0,
      "coverage/scenario_type": 1.0,
      "pack_accuracy": 0.375,
      "pack_confidence": 0.90625,
      "mode_seeking_ratio": 0.21742355128099577,
      "text_distance_mean": 0.9432004944382592,
      "banned_phrasings_total": 3.0,
      "banned_phrasings_new": 2.0,
      "coverage_classifier_auroc": 1.0
    },
    {
      "iteration": 2.0,
      "attribute_match_rate": 0.9523809523809523,
      "discriminator_accuracy": 0.0,
      "synthetic_detection_rate": 0.0,
      "near_duplicate_rate": 0.25,
      "combination_coverage": 0.5333333333333333,
      "entropy/intent": 0.9960334049191263,
      "entropy/difficulty": 0.8559631658263382,
      "entropy/ambiguity": 0.9821410328348751,
      "entropy/style": 0.9048533288732312,
      "entropy/noise": 0.9898279823399508,
      "entropy/scenario_type": 0.9526841246715824,
      "coverage/intent": 1.0,
      "coverage/difficulty": 1.0,
      "coverage/ambiguity": 1.0,
      "coverage/style": 1.0,
      "coverage/noise": 1.0,
      "coverage/scenario_type": 1.0,
      "pack_accuracy": 0.625,
      "pack_confidence": 0.89375,
      "mode_seeking_ratio": 0.21813511402742763,
      "text_distance_mean": 0.9416685235372283,
      "banned_phrasings_total": 3.0,
      "banned_phrasings_new": 0.0,
      "coverage_classifier_auroc": 1.0
    }
  ],
  "prompt_history": [
    {
      "version": 0,
      "iteration": 0,
      "prompt": "Generate realistic banking customer-support messages that match the requested intent\nand style. The example should be plausible for a customer support channel\n(email, chat, in-app form). Keep it short to medium length. Output a JSON\nobject with the sample id, the text, and the attribute values.\n",
      "motivation": "initial prompt",
      "feedback_summary": {},
      "timestamp": "2026-06-02T19:00:01.506009+00:00"
    },
    {
      "version": 1,
      "iteration": 1,
      "prompt": "\"\"\"Generate realistic banking customer-support messages that match the requested intent and style. The example should be plausible for a customer support channel (email, chat, in-app form). Keep it short to medium length. Ensure the messages reflect a range of tones, from formal to informal, while maintaining clarity and context. Output a JSON object with the sample id, the text, and the attribute values.\n\n**Preferred phrasings:**\n- \"I have a card payment which shows as pending\"\n- \"My top up isn't working\"\n- \"My card payment has been declined\"\n- \"Why are all my card payments being declined?\"\n\n**Forbidden phrasings:**\n- \"I thought everything was fine\"\n\n**Instructions:**\n1. Incorporate a variety of sentence structures and vocabulary to enhance uniqueness.\n2. Ensure messages exhibit a balance of difficulty and ambiguity levels across different intents.\n3. Include examples that combine formal and concise styles, as well as informal and emotional styles.\n4. Strive for low ambiguity in emotional contexts and high ambiguity in concise messages.\n5. Avoid repetitive patterns and strive for detailed context and emotional expression in the messages.\n\nAim for a diverse set of samples that accurately represent the real distribution of customer support inquiries while adhering to the specified attributes.\"",
      "motivation": "The batch exhibits a good range of intents and styles, but there is significant redundancy in phrasing and sentence structure, particularly in the emotional and verbose styles. Additionally, there are notable gaps in the noise attribute diversity.",
      "feedback_summary": {
        "iteration": 0,
        "n_attribute_failures": 1,
        "n_realism_artifacts": 10,
        "near_duplicate_rate": 0.25,
        "pack_accuracy": 0.5,
        "mode_seeking_ratio": 0.21990101812575244,
        "n_banned_phrasings": 1,
        "missing_modes": [
          "formal and concise style combinations",
          "informal and emotional style combinations",
          "low ambiguity in emotional style",
          "high ambiguity in concise style"
        ],
        "overrepresented_modes": [
          "verbose style with high ambiguity",
          "concise style with low ambiguity",
          "fragmented style with high ambiguity"
        ],
        "metrics": {
          "attribute_match_rate": 0.9523809523809523,
          "discriminator_accuracy": 0.75,
          "synthetic_detection_rate": 1.0,
          "near_duplicate_rate": 0.25,
          "combination_coverage": 0.4666666666666667,
          "entropy/intent": 0.9960334049191263,
          "entropy/difficulty": 0.9584114221179828,
          "entropy/ambiguity": 0.9216124027287592,
          "entropy/style": 0.9277902462594633,
          "entropy/noise": 0.8349563027191339,
          "entropy/scenario_type": 0.9937866610055328,
          "coverage/intent": 1.0,
          "coverage/difficulty": 1.0,
          "coverage/ambiguity": 1.0,
          "coverage/style": 1.0,
          "coverage/noise": 0.8,
          "coverage/scenario_type": 1.0,
          "pack_accuracy": 0.5,
          "pack_confidence": 0.9,
          "mode_seeking_ratio": 0.21990101812575244,
          "text_distance_mean": 0.9339881779013921,
          "banned_phrasings_total": 1.0,
          "banned_phrasings_new": 1.0,
          "coverage_classifier_auroc": 1.0
        }
      },
      "timestamp": "2026-06-02T19:02:51.201059+00:00"
    },
    {
      "version": 2,
      "iteration": 2,