{
  "attribute_match_rate": 0.0,
  "discriminator_accuracy": 0.9583333333333334,
  "synthetic_detection_rate": 1.0,
  "near_duplicate_rate": 0.15,
  "combination_coverage": 1.0,
  "entropy/intent": 0.954434002924965,
  "entropy/difficulty": 0.9320201587042913,
  "entropy/polarity_intensity": 0.8957541375001009,
  "entropy/style": 0.810901968858509,
  "entropy/noise": 0.9414280318460244,
  "entropy/scenario_type": 0.9282136470754652,
  "coverage/intent": 1.0,
  "coverage/difficulty": 1.0,
  "coverage/polarity_intensity": 1.0,
  "coverage/style": 0.8,
  "coverage/noise": 1.0,
  "coverage/scenario_type": 1.0
}