{
  "attribute_match_rate": 0.4166666666666667,
  "discriminator_accuracy": 0.625,
  "synthetic_detection_rate": 0.625,
  "near_duplicate_rate": 0.25,
  "combination_coverage": 0.7777777777777778,
  "entropy/intent": 0.9823726661170817,
  "entropy/difficulty": 0.9320942709786563,
  "entropy/ambiguity": 0.9952467469708334,
  "entropy/style": 0.9859894062555719,
  "entropy/noise": 0.9145861360393776,
  "entropy/scenario_type": 0.9745411476764105,
  "coverage/intent": 1.0,
  "coverage/difficulty": 1.0,
  "coverage/ambiguity": 1.0,
  "coverage/style": 1.0,
  "coverage/noise": 1.0,
  "coverage/scenario_type": 1.0,
  "pack_accuracy": 0.5,
  "pack_confidence": 0.0,
  "mode_seeking_ratio": 0.22557807101092794,
  "text_distance_mean": 0.9599526952725144,
  "banned_phrasings_total": 0.0,
  "banned_phrasings_new": 0.0,
  "coverage_classifier_auroc": 0.5
}