{
  "mode_seeking_ratio": 0.22557807101092794,
  "n_pairs": 276,
  "text_distance_mean": 0.9599526952725144,
  "target_distance_mean": 4.518115942028985,
  "attribute_sensitivity": {
    "intent": 0.0,
    "noise": 0.0,
    "difficulty": 0.0,
    "ambiguity": 0.0,
    "style": 0.0,
    "scenario_type": 0.0
  }
}