{
  "mode_seeking_ratio": 0.23371859717525859,
  "n_pairs": 120,
  "text_distance_mean": 0.9438164205978126,
  "target_distance_mean": 4.408333333333333,
  "attribute_sensitivity": {
    "noise": 0.0,
    "style": 0.0,
    "difficulty": 0.0,
    "intent": 0.9502537370528409,
    "ambiguity": 0.0,
    "scenario_type": 0.0
  }
}