{
  "run_dir": "E:\\Projects\\PromptForge\\experiments\\banking77_v297_seed17\\full_attrforge\\20260602T185957Z",
  "n_iterations": 3,
  "final_prompt_version": 2,
  "metric_history": [
    {
      "iteration": 0.0,
      "attribute_match_rate": 0.9523809523809523,
      "discriminator_accuracy": 0.75,
      "synthetic_detection_rate": 0.75,
      "near_duplicate_rate": 0.25,
      "combination_coverage": 0.5666666666666667,
      "entropy/intent": 0.9960334049191263,
      "entropy/difficulty": 0.980315378922394,
      "entropy/ambiguity": 0.9821410328348751,
      "entropy/style": 0.8927867997351165,
      "entropy/noise": 0.9763945235672326,
      "entropy/scenario_type": 0.9937866610055328,
      "coverage/intent": 1.0,
      "coverage/difficulty": 1.0,
      "coverage/ambiguity": 1.0,
      "coverage/style": 1.0,
      "coverage/noise": 1.0,
      "coverage/scenario_type": 1.0,
      "pack_accuracy": 0.75,
      "pack_confidence": 0.8875,
      "mode_seeking_ratio": 0.2123101843261671,
      "text_distance_mean": 0.9357253110474818,
      "banned_phrasings_total": 1.0,
      "banned_phrasings_new": 1.0,
      "coverage_classifier_auroc": 1.0
    },
    {
      "iteration": 1.0,
      "attribute_match_rate": 1.0,
      "discriminator_accuracy": 0.75,
      "synthetic_detection_rate": 0.0,
      "near_duplicate_rate": 0.25,
      "combination_coverage": 0.5666666666666667,
      "entropy/intent": 0.9999999999999998,
      "entropy/difficulty": 0.9713107216099229,
      "entropy/ambiguity": 0.8870920155351287,
      "entropy/style": 0.8841425345975926,
      "entropy/noise": 0.8862106770924658,
      "entropy/scenario_type": 0.9835386311891134,
      "coverage/intent": 1.0,
      "coverage/difficulty": 1.0,
      "coverage/ambiguity": 1.0,
      "coverage/style": 0.8333333333333334,
      "coverage/noise": 1.0,
      "coverage/scenario_type": 1.0,
      "pack_accuracy": 0.625,
      "pack_confidence": 0.9,
      "mode_seeking_ratio": 0.22377753011466628,
      "text_distance_mean": 0.9384873610443124,
      "banned_phrasings_total": 2.0,
      "banned_phrasings_new": 1.0,
      "coverage_classifier_auroc": 1.0
    },
    {
      "iteration": 2.0,
      "attribute_match_rate": 0.9047619047619048,
      "discriminator_accuracy": 0.9166666666666666,
      "synthetic_detection_rate": 1.0,
      "near_duplicate_rate": 0.25,
      "combination_coverage": 0.5333333333333333,
      "entropy/intent": 0.9960334049191263,
      "entropy/difficulty": 0.8342820655073296,
      "entropy/ambiguity": 0.889595191167314,
      "entropy/style": 0.9785395778702867,
      "entropy/noise": 0.9898279823399508,
      "entropy/scenario_type": 0.914100892018565,
      "coverage/intent": 1.0,
      "coverage/difficulty": 1.0,
      "coverage/ambiguity": 1.0,
      "coverage/style": 1.0,
      "coverage/noise": 1.0,
      "coverage/scenario_type": 1.0,
      "pack_accuracy": 0.625,
      "pack_confidence": 0.9,
      "mode_seeking_ratio": 0.22564306367136377,
      "text_distance_mean": 0.9458771255316969,
      "banned_phrasings_total": 2.0,
      "banned_phrasings_new": 0.0,
      "coverage_classifier_auroc": 1.0
    }
  ],
  "prompt_history": [
    {
      "version": 0,
      "iteration": 0,
      "prompt": "Generate realistic banking customer-support messages that match the requested intent\nand style. The example should be plausible for a customer support channel\n(email, chat, in-app form). Keep it short to medium length. Output a JSON\nobject with the sample id, the text, and the attribute values.\n",
      "motivation": "initial prompt",
      "feedback_summary": {},
      "timestamp": "2026-06-02T18:59:57.241745+00:00"
    },
    {
      "version": 1,
      "iteration": 1,
      "prompt": "\"\"\"Generate realistic banking customer-support messages that match the requested intent and style. The example should be plausible for a customer support channel (email, chat, in-app form). Keep it short to medium length, ensuring a variety of sentence structures and emotional tones. Output a JSON object with the sample id, the text, and the attribute values.\n\n**Preferred phrasings:**\n- \"Why is the exchange rate for my payment incorrect?\"\n- \"My card has been stolen; what do I do?\"\n- \"What do I do if my card is stolen?\"\n- \"Please tell me why I was charged additionally when I used the card.\"\n\n**Forbidden phrasings:**\n- \"I regret to inform you that my card has been trapped in the ATM.\"\n\nFocus on generating messages that are:\n1. Attribute-faithful: Ensure the intent, difficulty, and context are clearly aligned.\n2. Realistic: Use formal language and detailed explanations typical of actual customer support interactions.\n3. Diverse: Incorporate a range of scenarios, including complex cases with multiple issues, and vary the emotional tone (e.g., frustration, humor) to enhance expression.\n\nAim for a balance of concise inquiries and more detailed requests, avoiding repetitive structures and common phrases. The goal is to create a rich set of messages that reflect genuine customer concerns and inquiries about banking issues.\"\"\"",
      "motivation": "The batch demonstrates a high level of attribute coverage but suffers from significant nuance-level redundancy, particularly in phrasing and sentence structure. Many texts exhibit similar constructions and surface patterns, leading to a lack of true diversity in expression.",
      "feedback_summary": {
        "iteration": 0,
        "n_attribute_failures": 1,
        "n_realism_artifacts": 8,
        "near_duplicate_rate": 0.25,
        "pack_accuracy": 0.75,
        "mode_seeking_ratio": 0.2123101843261671,
        "n_banned_phrasings": 1,
        "missing_modes": [
          "More formal inquiries regarding card issues with detailed explanations.",
          "Casual or humorous expressions related to card problems.",
          "Scenarios involving multiple issues at once, such as lost cards and payment failures."
        ],
        "overrepresented_modes": [
          "Concise inquiries that follow a similar question structure.",
          "Verbose explanations that often repeat phrases like 'I just wanted to check in' or 'Can you help me with this?'",
          "Fragmented styles that often use short, abrupt sentences."
        ],
        "metrics": {
          "attribute_match_rate": 0.9523809523809523,
          "discriminator_accuracy": 0.75,
          "synthetic_detection_rate": 0.75,
          "near_duplicate_rate": 0.25,
          "combination_coverage": 0.5666666666666667,
          "entropy/intent": 0.9960334049191263,
          "entropy/difficulty": 0.980315378922394,
          "entropy/ambiguity": 0.9821410328348751,
          "entropy/style": 0.8927867997351165,
          "entropy/noise": 0.9763945235672326,
          "entropy/scenario_type": 0.9937866610055328,
          "coverage/intent": 1.0,
          "coverage/difficulty": 1.0,
          "coverage/ambiguity": 1.0,
          "coverage/style": 1.0,
          "coverage/noise": 1.0,
          "coverage/scenario_type": 1.0,
          "pack_accuracy": 0.75,
          "pack_confidence": 0.8875,
          "mode_seeking_ratio": 0.2123101843261671,
          "text_distance_mean": 0.9357253110474818,
          "banned_phrasings_total": 1.0,
          "banned_phrasings_new": 1.0,
          "coverage_classifier_auroc": 1.0
        }
      },
      "timestamp": "2026-06-02T19:02:50.580039+00:00"
    },
    {
      "version": 2,
      "iteration": 2,