{
  "mode_seeking_ratio": 0.2417833717923681,
  "n_pairs": 231,
  "text_distance_mean": 0.9663228023404499,
  "target_distance_mean": 4.294372294372295,
  "attribute_sensitivity": {
    "style": 0.0,
    "polarity_intensity": 0.7627575251922656,
    "noise": 0.0,
    "scenario_type": 0.0,
    "intent": 0.0,
    "difficulty": 0.0
  }
}