{
  "attribute_match_rate": 0.6363636363636364,
  "discriminator_accuracy": 0.5909090909090909,
  "synthetic_detection_rate": 0.5909090909090909,
  "near_duplicate_rate": 0.25,
  "combination_coverage": 1.0,
  "entropy/intent": 0.976020648236615,
  "entropy/difficulty": 0.987029693781109,
  "entropy/polarity_intensity": 0.9431887805255734,
  "entropy/style": 0.989062158294503,
  "entropy/noise": 0.9074246850599206,
  "entropy/scenario_type": 0.9737865837049762,
  "coverage/intent": 1.0,
  "coverage/difficulty": 1.0,
  "coverage/polarity_intensity": 1.0,
  "coverage/style": 1.0,
  "coverage/noise": 1.0,
  "coverage/scenario_type": 1.0,
  "pack_accuracy": 0.5,
  "pack_confidence": 0.0,
  "mode_seeking_ratio": 0.2415178285206815,
  "text_distance_mean": 0.9611523241772355,
  "banned_phrasings_total": 0.0,
  "banned_phrasings_new": 0.0,
  "coverage_classifier_auroc": 0.5
}