{
  "mode_seeking_ratio": 0.25717832426795045,
  "n_pairs": 120,
  "text_distance_mean": 0.9630205075627752,
  "target_distance_mean": 4.233333333333333,
  "attribute_sensitivity": {
    "polarity_intensity": 0.0,
    "intent": 0.0,
    "noise": 0.0,
    "difficulty": 0.0,
    "style": 0.9330508747135224,
    "scenario_type": 0.9562981274183132
  }
}