{
  "run_dir": "E:\\Projects\\PromptForge\\experiments\\loo_run_002_seed149\\no_pack\\20260602T103231Z",
  "n_iterations": 3,
  "final_prompt_version": 2,
  "metric_history": [
    {
      "iteration": 0.0,
      "attribute_match_rate": 0.0625,
      "discriminator_accuracy": 1.0,
      "synthetic_detection_rate": 1.0,
      "near_duplicate_rate": 0.15,
      "combination_coverage": 0.5333333333333333,
      "entropy/intent": 0.9256951044610051,
      "entropy/difficulty": 0.8024052436705212,
      "entropy/ambiguity": 0.8620485698650452,
      "entropy/style": 0.9218145574751188,
      "entropy/noise": 0.9415787376332126,
      "entropy/scenario_type": 0.8957541375001009,
      "coverage/intent": 1.0,
      "coverage/difficulty": 1.0,
      "coverage/ambiguity": 1.0,
      "coverage/style": 1.0,
      "coverage/noise": 1.0,
      "coverage/scenario_type": 1.0,
      "mode_seeking_ratio": 0.23384110896427407,
      "text_distance_mean": 0.932927434686429,
      "banned_phrasings_total": 4.0,
      "banned_phrasings_new": 4.0,
      "coverage_classifier_auroc": 1.0
    },
    {
      "iteration": 1.0,
      "attribute_match_rate": 0.0625,
      "discriminator_accuracy": 0.9583333333333334,
      "synthetic_detection_rate": 0.9,
      "near_duplicate_rate": 0.15,
      "combination_coverage": 0.8,
      "entropy/intent": 0.9592101522724051,
      "entropy/difficulty": 0.9755307720176264,
      "entropy/ambiguity": 0.895014514573153,
      "entropy/style": 0.7737056144690831,
      "entropy/noise": 0.9724056781360315,
      "entropy/scenario_type": 0.9497012164384108,
      "coverage/intent": 1.0,
      "coverage/difficulty": 1.0,
      "coverage/ambiguity": 1.0,
      "coverage/style": 1.0,
      "coverage/noise": 1.0,
      "coverage/scenario_type": 1.0,
      "mode_seeking_ratio": 0.23065423822456615,
      "text_distance_mean": 0.9529181101002671,
      "banned_phrasings_total": 8.0,
      "banned_phrasings_new": 4.0,
      "coverage_classifier_auroc": 1.0
    },
    {
      "iteration": 2.0,
      "attribute_match_rate": 0.0625,
      "discriminator_accuracy": 0.041666666666666664,
      "synthetic_detection_rate": 0.1111111111111111,
      "near_duplicate_rate": 0.15,
      "combination_coverage": 0.6,
      "entropy/intent": 0.9283832117695864,
      "entropy/difficulty": 0.9497012164384108,
      "entropy/ambiguity": 0.9850568223215079,
      "entropy/style": 0.9099617502405772,
      "entropy/noise": 0.9592101522724051,
      "entropy/scenario_type": 0.9497012164384108,
      "coverage/intent": 1.0,
      "coverage/difficulty": 1.0,
      "coverage/ambiguity": 1.0,
      "coverage/style": 1.0,
      "coverage/noise": 1.0,
      "coverage/scenario_type": 1.0,
      "mode_seeking_ratio": 0.22380932210633173,
      "text_distance_mean": 0.937515373319099,
      "banned_phrasings_total": 12.0,
      "banned_phrasings_new": 4.0,
      "coverage_classifier_auroc": 1.0
    }
  ],
  "prompt_history": [
    {
      "version": 0,
      "iteration": 0,
      "prompt": "Generate realistic customer support messages that match the requested intent\nand style. The example should be plausible for a customer support channel\n(email, chat, in-app form). Keep it short to medium length. Output a JSON\nobject with the sample id, the text, and the attribute values.\n",
      "motivation": "initial prompt",
      "feedback_summary": {},
      "timestamp": "2026-06-02T10:32:31.436656+00:00"
    },
    {
      "version": 1,
      "iteration": 1,
      "prompt": "\"\"\"Generate realistic customer support messages that match the requested intent and style, ensuring a variety of emotional tones and scenarios. The messages should reflect plausible interactions for customer support channels (email, chat, in-app form) and include a mix of common and edge case situations. Aim for short to medium length, incorporating some ambiguity and noise, such as typos or informal language. Output a JSON object with the sample id, the text, and the attribute values.\n\nForbidden phrasings:\n- 'I\u2019m really upset!'\n- 'I just don\u2019t get why'\n- 'I would like to formally express my dissatisfaction'\n- 'Can you please help me figure out what\u2019s going on?'\n\nEnsure that each message:\n- Clearly expresses the intended sentiment (e.g., complaint, inquiry).\n- Varies in difficulty, with some messages reflecting more complex issues.\n- Includes elements of noise, such as missing details or informal expressions.\n- Represents diverse scenarios, including rare situations and unique phrasing to minimize near-duplicates.\n\nFocus on creating messages that feel personal and relatable, avoiding overly formal or scripted language. This will enhance realism and ensure a broad representation of customer experiences.\"\"\"",
      "motivation": "The batch of synthetic samples demonstrates a comprehensive coverage of the attribute schema, with all modes represented. However, there are instances of near-duplicate phrasings and some overrepresented styles that could affect diversity.",
      "feedback_summary": {
        "iteration": 0,
        "n_attribute_failures": 15,
        "n_realism_artifacts": 7,
        "near_duplicate_rate": 0.15,
        "pack_accuracy": null,
        "mode_seeking_ratio": 0.23384110896427407,
        "n_banned_phrasings": 4,
        "missing_modes": [],
        "overrepresented_modes": [
          "emotional",
          "formal"
        ],
        "metrics": {
          "attribute_match_rate": 0.0625,
          "discriminator_accuracy": 1.0,
          "synthetic_detection_rate": 1.0,
          "near_duplicate_rate": 0.15,
          "combination_coverage": 0.5333333333333333,
          "entropy/intent": 0.9256951044610051,
          "entropy/difficulty": 0.8024052436705212,
          "entropy/ambiguity": 0.8620485698650452,
          "entropy/style": 0.9218145574751188,
          "entropy/noise": 0.9415787376332126,
          "entropy/scenario_type": 0.8957541375001009,
          "coverage/intent": 1.0,
          "coverage/difficulty": 1.0,
          "coverage/ambiguity": 1.0,
          "coverage/style": 1.0,
          "coverage/noise": 1.0,
          "coverage/scenario_type": 1.0,
          "mode_seeking_ratio": 0.23384110896427407,
          "text_distance_mean": 0.932927434686429,
          "banned_phrasings_total": 4.0,
          "banned_phrasings_new": 4.0,
          "coverage_classifier_auroc": 1.0
        }
      },
      "timestamp": "2026-06-02T10:34:06.828286+00:00"
    },
    {
      "version": 2,
      "iteration": 2,
      "prompt": "\"\"\"\"\"\"Generate realistic customer support messages that align with the requested intent and style, ensuring a wide range of emotional tones and scenarios. The messages should reflect plausible interactions across customer support channels (email, chat, in-app form) and include a mix of common and edge cases. Aim for short to medium length, incorporating elements of noise, such as typos, informal language, or fragmented thoughts. Output a JSON object with the sample id, the text, and the attribute values.\n\nForbidden phrasings:\n- 'I\u2019m really upset!'\n- 'I just don\u2019t get why'\n- 'I would like to formally express my dissatisfaction'\n- 'Can you please help me figure out what\u2019s going on?'\n- 'Hey, so'\n- 'I kinda'\n- 'what\u2019s up with that?'\n- 'just kinda worried about it, ya know?'\n\nEnsure that each message:\n- Clearly conveys the intended sentiment (e.g., complaint, inquiry).\n- Varies in complexity, with some messages reflecting intricate issues.\n- Contains elements of noise, such as missing details or informal expressions.\n- Represents diverse scenarios, including unique phrasing and rare situations to minimize near-duplicates.\n\nFocus on crafting messages that feel personal and relatable, avoiding overly formal or scripted language. This will enhance realism and ensure a broad representation of customer experiences while encouraging creativity in phrasing and structure.\"\"\"\"\"\"",