{
  "run_dir": "E:\\Projects\\PromptForge\\experiments\\loo_run_002_seed127\\no_pack\\20260602T094641Z",
  "n_iterations": 3,
  "final_prompt_version": 2,
  "metric_history": [
    {
      "iteration": 0.0,
      "attribute_match_rate": 0.0625,
      "discriminator_accuracy": 1.0,
      "synthetic_detection_rate": 1.0,
      "near_duplicate_rate": 0.15,
      "combination_coverage": 0.6,
      "entropy/intent": 0.9724056781360315,
      "entropy/difficulty": 0.9755307720176264,
      "entropy/ambiguity": 0.9755307720176264,
      "entropy/style": 0.9123763275816897,
      "entropy/noise": 0.9822177815287606,
      "entropy/scenario_type": 0.9497012164384108,
      "coverage/intent": 1.0,
      "coverage/difficulty": 1.0,
      "coverage/ambiguity": 1.0,
      "coverage/style": 1.0,
      "coverage/noise": 1.0,
      "coverage/scenario_type": 1.0,
      "mode_seeking_ratio": 0.23494282706449532,
      "text_distance_mean": 0.9522131751113851,
      "banned_phrasings_total": 4.0,
      "banned_phrasings_new": 4.0,
      "coverage_classifier_auroc": 1.0
    },
    {
      "iteration": 1.0,
      "attribute_match_rate": 0.125,
      "discriminator_accuracy": 0.7916666666666666,
      "synthetic_detection_rate": 0.5,
      "near_duplicate_rate": 0.15,
      "combination_coverage": 0.8,
      "entropy/intent": 0.9042492561839792,
      "entropy/difficulty": 0.946394630357186,
      "entropy/ambiguity": 0.9320201587042913,
      "entropy/style": 0.9607329284860076,
      "entropy/noise": 0.8207140722512382,
      "entropy/scenario_type": 0.946394630357186,
      "coverage/intent": 1.0,
      "coverage/difficulty": 1.0,
      "coverage/ambiguity": 1.0,
      "coverage/style": 1.0,
      "coverage/noise": 0.8,
      "coverage/scenario_type": 1.0,
      "mode_seeking_ratio": 0.23643448131100453,
      "text_distance_mean": 0.9508696906513115,
      "banned_phrasings_total": 8.0,
      "banned_phrasings_new": 4.0,
      "coverage_classifier_auroc": 1.0
    },
    {
      "iteration": 2.0,
      "attribute_match_rate": 0.0,
      "discriminator_accuracy": 0.7083333333333334,
      "synthetic_detection_rate": 0.5,
      "near_duplicate_rate": 0.15,
      "combination_coverage": 0.6666666666666666,
      "entropy/intent": 0.9283832117695864,
      "entropy/difficulty": 0.9497012164384108,
      "entropy/ambiguity": 0.9965119062478287,
      "entropy/style": 0.8822716235122602,
      "entropy/noise": 0.8839297342362052,
      "entropy/scenario_type": 0.8957541375001009,
      "coverage/intent": 1.0,
      "coverage/difficulty": 1.0,
      "coverage/ambiguity": 1.0,
      "coverage/style": 1.0,
      "coverage/noise": 1.0,
      "coverage/scenario_type": 1.0,
      "mode_seeking_ratio": 0.22809999689591678,
      "text_distance_mean": 0.9490514094748096,
      "banned_phrasings_total": 12.0,
      "banned_phrasings_new": 4.0,
      "coverage_classifier_auroc": 1.0
    }
  ],
  "prompt_history": [
    {
      "version": 0,
      "iteration": 0,
      "prompt": "Generate realistic customer support messages that match the requested intent\nand style. The example should be plausible for a customer support channel\n(email, chat, in-app form). Keep it short to medium length. Output a JSON\nobject with the sample id, the text, and the attribute values.\n",
      "motivation": "initial prompt",
      "feedback_summary": {},
      "timestamp": "2026-06-02T09:46:41.582337+00:00"
    },
    {
      "version": 1,
      "iteration": 1,
      "prompt": "\"\"\"Generate realistic customer support messages that match the requested intent and style, ensuring a balance of unique phrasings and scenarios. The examples should reflect a variety of customer experiences, including complaints, general questions, technical problems, and refund requests, while incorporating elements of ambiguity and noise. Keep the messages concise but authentic, capturing the emotional depth and spontaneity of real user inquiries. \n\nOutput a JSON object with the following structure:\n{\n  \"sample_id\": \"unique_identifier\",\n  \"text\": \"customer support message\",\n  \"attributes\": {\n    \"intent\": \"specific_intent\",\n    \"difficulty\": \"easy|medium|hard\",\n    \"ambiguity\": \"low|medium|high\",\n    \"style\": \"formal|informal\",\n    \"noise\": \"clean|some_noise|high_noise\",\n    \"scenario_type\": \"common|edge_case\"\n  }\n}\n\nForbidden phrasings:\n- 'I thought it would work like advertised'\n- 'Can you clarify that for me, please?'\n- 'I feel quite disappointed with the'\n- \"I can't believe how awful your service has been!\"\n\nFocus on generating messages that include specific details and avoid overly polished language. Aim for a diverse representation of intents and scenarios to enhance the overall uniqueness of the output.\"",
      "motivation": "The batch of synthetic samples demonstrates a good coverage of the attribute schema, but there are some near-duplicate phrasings and a few missing edge cases. The diversity is generally acceptable, but further refinement is needed to enhance uniqueness.",
      "feedback_summary": {
        "iteration": 0,
        "n_attribute_failures": 15,
        "n_realism_artifacts": 7,
        "near_duplicate_rate": 0.15,
        "pack_accuracy": null,
        "mode_seeking_ratio": 0.23494282706449532,
        "n_banned_phrasings": 4,
        "missing_modes": [],
        "overrepresented_modes": [
          "complaint",
          "general_question"
        ],
        "metrics": {
          "attribute_match_rate": 0.0625,
          "discriminator_accuracy": 1.0,
          "synthetic_detection_rate": 1.0,
          "near_duplicate_rate": 0.15,
          "combination_coverage": 0.6,
          "entropy/intent": 0.9724056781360315,
          "entropy/difficulty": 0.9755307720176264,
          "entropy/ambiguity": 0.9755307720176264,
          "entropy/style": 0.9123763275816897,
          "entropy/noise": 0.9822177815287606,
          "entropy/scenario_type": 0.9497012164384108,
          "coverage/intent": 1.0,
          "coverage/difficulty": 1.0,
          "coverage/ambiguity": 1.0,
          "coverage/style": 1.0,
          "coverage/noise": 1.0,
          "coverage/scenario_type": 1.0,
          "mode_seeking_ratio": 0.23494282706449532,
          "text_distance_mean": 0.9522131751113851,
          "banned_phrasings_total": 4.0,
          "banned_phrasings_new": 4.0,
          "coverage_classifier_auroc": 1.0
        }
      },
      "timestamp": "2026-06-02T09:48:28.545720+00:00"
    },
    {
      "version": 2,
      "iteration": 2,