{
  "run_dir": "E:\\Projects\\PromptForge\\experiments\\loo_run_002_seed137\\no_mode_hunter\\20260602T102119Z",
  "n_iterations": 3,
  "final_prompt_version": 2,
  "metric_history": [
    {
      "iteration": 0.0,
      "attribute_match_rate": 0.0625,
      "discriminator_accuracy": 1.0,
      "synthetic_detection_rate": 1.0,
      "near_duplicate_rate": 0.15,
      "combination_coverage": 0.7333333333333333,
      "entropy/intent": 0.9487027337173605,
      "entropy/difficulty": 0.9755307720176264,
      "entropy/ambiguity": 0.946394630357186,
      "entropy/style": 0.9306282244165779,
      "entropy/noise": 0.8410335941990121,
      "entropy/scenario_type": 0.9850568223215079,
      "coverage/intent": 1.0,
      "coverage/difficulty": 1.0,
      "coverage/ambiguity": 1.0,
      "coverage/style": 1.0,
      "coverage/noise": 1.0,
      "coverage/scenario_type": 1.0,
      "pack_accuracy": 0.5,
      "pack_confidence": 0.88125,
      "mode_seeking_ratio": 0.24196243489708402,
      "text_distance_mean": 0.9593787492373061,
      "coverage_classifier_auroc": 1.0
    },
    {
      "iteration": 1.0,
      "attribute_match_rate": 0.0,
      "discriminator_accuracy": 0.75,
      "synthetic_detection_rate": 0.3333333333333333,
      "near_duplicate_rate": 0.15,
      "combination_coverage": 0.6666666666666666,
      "entropy/intent": 0.9592101522724051,
      "entropy/difficulty": 0.9850568223215079,
      "entropy/ambiguity": 0.9497012164384108,
      "entropy/style": 0.8156631257730544,
      "entropy/noise": 0.9080636898218125,
      "entropy/scenario_type": 0.8957541375001009,
      "coverage/intent": 1.0,
      "coverage/difficulty": 1.0,
      "coverage/ambiguity": 1.0,
      "coverage/style": 0.8333333333333334,
      "coverage/noise": 1.0,
      "coverage/scenario_type": 1.0,
      "pack_accuracy": 0.875,
      "pack_confidence": 0.8875,
      "mode_seeking_ratio": 0.2331087968685269,
      "text_distance_mean": 0.9415447114862562,
      "coverage_classifier_auroc": 1.0
    },
    {
      "iteration": 2.0,
      "attribute_match_rate": 0.0,
      "discriminator_accuracy": 0.8333333333333334,
      "synthetic_detection_rate": 0.6,
      "near_duplicate_rate": 0.15,
      "combination_coverage": 0.6666666666666666,
      "entropy/intent": 0.9822177815287606,
      "entropy/difficulty": 0.9755307720176264,
      "entropy/ambiguity": 0.8387794678549644,
      "entropy/style": 0.8521669194428305,
      "entropy/noise": 0.8339095981148644,
      "entropy/scenario_type": 0.9850568223215079,
      "coverage/intent": 1.0,
      "coverage/difficulty": 1.0,
      "coverage/ambiguity": 1.0,
      "coverage/style": 0.8333333333333334,
      "coverage/noise": 0.8,
      "coverage/scenario_type": 1.0,
      "pack_accuracy": 0.375,
      "pack_confidence": 0.88125,
      "mode_seeking_ratio": 0.2395359588021759,
      "text_distance_mean": 0.9657150858441822,
      "coverage_classifier_auroc": 1.0
    }
  ],
  "prompt_history": [
    {
      "version": 0,
      "iteration": 0,
      "prompt": "Generate realistic customer support messages that match the requested intent\nand style. The example should be plausible for a customer support channel\n(email, chat, in-app form). Keep it short to medium length. Output a JSON\nobject with the sample id, the text, and the attribute values.\n",
      "motivation": "initial prompt",
      "feedback_summary": {},
      "timestamp": "2026-06-02T10:21:19.343336+00:00"
    },
    {
      "version": 1,
      "iteration": 1,
      "prompt": "\"\"\"Generate realistic customer support messages that align with the specified intent and style. Ensure the messages reflect a variety of user experiences, including edge cases and unique scenarios. The examples should be plausible for a customer support channel (email, chat, in-app form) and maintain a balance between formal and informal tones. Keep the length short to medium. Output a JSON object containing the sample id, the text, and the attribute values.\n\nForbidden phrasings: \n- Avoid overly polished or generic language.\n- Do not use exclamatory statements expressing frustration.\n- Refrain from direct requests for refunds or replacements.\n- Avoid similar sentence structures and informal abbreviations.\n\nFocus on creating messages that:\n- Exhibit a range of difficulty levels, from easy to hard.\n- Incorporate varying degrees of ambiguity, ensuring some messages are clear while others are more vague.\n- Reflect diverse scenarios, including technical issues, account inquiries, and general questions.\n- Utilize unique expressions and varied phrasings to minimize near-duplicates.\n\nAim for a mix of emotional styles, from empathetic to straightforward, while ensuring the messages are free of typos and contradictions. This will enhance realism and attribute fidelity in the generated samples.\"\"\"",
      "motivation": "The batch of synthetic samples covers all attribute values, but there are some near-duplicate phrasings and a few edge cases that could be better represented. Overall diversity is good, but attention to unique expressions is needed.",
      "feedback_summary": {
        "iteration": 0,
        "n_attribute_failures": 15,
        "n_realism_artifacts": 9,
        "near_duplicate_rate": 0.15,
        "pack_accuracy": 0.5,
        "mode_seeking_ratio": 0.24196243489708402,
        "n_banned_phrasings": 0,
        "missing_modes": [],
        "overrepresented_modes": [
          "fragmented",
          "informal"
        ],
        "metrics": {
          "attribute_match_rate": 0.0625,
          "discriminator_accuracy": 1.0,
          "synthetic_detection_rate": 1.0,
          "near_duplicate_rate": 0.15,
          "combination_coverage": 0.7333333333333333,
          "entropy/intent": 0.9487027337173605,
          "entropy/difficulty": 0.9755307720176264,
          "entropy/ambiguity": 0.946394630357186,
          "entropy/style": 0.9306282244165779,
          "entropy/noise": 0.8410335941990121,
          "entropy/scenario_type": 0.9850568223215079,
          "coverage/intent": 1.0,
          "coverage/difficulty": 1.0,
          "coverage/ambiguity": 1.0,
          "coverage/style": 1.0,
          "coverage/noise": 1.0,
          "coverage/scenario_type": 1.0,
          "pack_accuracy": 0.5,
          "pack_confidence": 0.88125,
          "mode_seeking_ratio": 0.24196243489708402,
          "text_distance_mean": 0.9593787492373061,
          "coverage_classifier_auroc": 1.0
        }
      },
      "timestamp": "2026-06-02T10:23:03.365466+00:00"
    },
    {
      "version": 2,
      "iteration": 2,