{
  "attribute_match_rate": 0.5,
  "discriminator_accuracy": 0.5833333333333334,
  "synthetic_detection_rate": 0.5833333333333334,
  "near_duplicate_rate": 0.25,
  "combination_coverage": 1.0,
  "entropy/intent": 0.954434002924965,
  "entropy/difficulty": 0.9862707094162991,
  "entropy/polarity_intensity": 0.9680589902708631,
  "entropy/style": 0.9925308085173912,
  "entropy/noise": 0.9745411476764105,
  "entropy/scenario_type": 0.876666739970944,
  "coverage/intent": 1.0,
  "coverage/difficulty": 1.0,
  "coverage/polarity_intensity": 1.0,
  "coverage/style": 1.0,
  "coverage/noise": 1.0,
  "coverage/scenario_type": 1.0,
  "pack_accuracy": 0.5,
  "pack_confidence": 0.0,
  "mode_seeking_ratio": 0.24441049983959656,
  "text_distance_mean": 0.9590858995750917,
  "banned_phrasings_total": 0.0,
  "banned_phrasings_new": 0.0,
  "coverage_classifier_auroc": 0.5
}