{
  "mode_seeking_ratio": 0.24441049983959656,
  "n_pairs": 276,
  "text_distance_mean": 0.9590858995750917,
  "target_distance_mean": 4.231884057971015,
  "attribute_sensitivity": {
    "style": 0.9422895164151885,
    "difficulty": 0.0,
    "scenario_type": 0.0,
    "noise": 0.0,
    "polarity_intensity": 0.0,
    "intent": 0.0
  }
}