{
  "mode_seeking_ratio": 0.21651422585936322,
  "n_pairs": 190,
  "text_distance_mean": 0.9388291177568155,
  "target_distance_mean": 4.589473684210526,
  "attribute_sensitivity": {
    "ambiguity": 0.0,
    "style": 0.0,
    "noise": 0.0,
    "difficulty": 0.0,
    "scenario_type": 0.0,
    "intent": 0.0
  }
}