{
  "attribute_match_rate": 0.9523809523809523,
  "discriminator_accuracy": 0.75,
  "synthetic_detection_rate": 1.0,
  "near_duplicate_rate": 0.25,
  "combination_coverage": 0.4666666666666667,
  "entropy/intent": 0.9960334049191263,
  "entropy/difficulty": 0.9584114221179828,
  "entropy/ambiguity": 0.9216124027287592,
  "entropy/style": 0.9277902462594633,
  "entropy/noise": 0.8349563027191339,
  "entropy/scenario_type": 0.9937866610055328,
  "coverage/intent": 1.0,
  "coverage/difficulty": 1.0,
  "coverage/ambiguity": 1.0,
  "coverage/style": 1.0,
  "coverage/noise": 0.8,
  "coverage/scenario_type": 1.0,
  "pack_accuracy": 0.5,
  "pack_confidence": 0.9,
  "mode_seeking_ratio": 0.21990101812575244,
  "text_distance_mean": 0.9339881779013921,
  "banned_phrasings_total": 1.0,
  "banned_phrasings_new": 1.0,
  "coverage_classifier_auroc": 1.0
}