{
  "mode_seeking_ratio": 0.21990101812575244,
  "n_pairs": 210,
  "text_distance_mean": 0.9339881779013921,
  "target_distance_mean": 4.542857142857143,
  "attribute_sensitivity": {
    "ambiguity": 0.0,
    "difficulty": 0.0,
    "noise": 0.0,
    "intent": 1.0,
    "scenario_type": 0.0,
    "style": 0.0
  }
}