{
  "run_dir": "E:\\Projects\\PromptForge\\experiments\\loo_run_002_seed89\\no_pack\\20260602T083834Z",
  "n_iterations": 3,
  "final_prompt_version": 2,
  "metric_history": [
    {
      "iteration": 0.0,
      "attribute_match_rate": 0.0,
      "discriminator_accuracy": 0.9166666666666666,
      "synthetic_detection_rate": 0.8181818181818182,
      "near_duplicate_rate": 0.25,
      "combination_coverage": 0.6,
      "entropy/intent": 0.9592101522724051,
      "entropy/difficulty": 0.8957541375001009,
      "entropy/ambiguity": 0.9850568223215079,
      "entropy/style": 0.8822716235122602,
      "entropy/noise": 0.8274070571684498,
      "entropy/scenario_type": 0.9497012164384108,
      "coverage/intent": 1.0,
      "coverage/difficulty": 1.0,
      "coverage/ambiguity": 1.0,
      "coverage/style": 0.8333333333333334,
      "coverage/noise": 1.0,
      "coverage/scenario_type": 1.0,
      "mode_seeking_ratio": 0.2281104468511143,
      "text_distance_mean": 0.938441998939742,
      "banned_phrasings_total": 4.0,
      "banned_phrasings_new": 4.0,
      "coverage_classifier_auroc": 1.0
    },
    {
      "iteration": 1.0,
      "attribute_match_rate": 0.0625,
      "discriminator_accuracy": 0.875,
      "synthetic_detection_rate": 0.8,
      "near_duplicate_rate": 0.15,
      "combination_coverage": 0.6666666666666666,
      "entropy/intent": 0.9487027337173605,
      "entropy/difficulty": 0.8024052436705212,
      "entropy/ambiguity": 0.9755307720176264,
      "entropy/style": 0.9306282244165779,
      "entropy/noise": 0.9415787376332126,
      "entropy/scenario_type": 0.9755307720176264,
      "coverage/intent": 1.0,
      "coverage/difficulty": 1.0,
      "coverage/ambiguity": 1.0,
      "coverage/style": 1.0,
      "coverage/noise": 1.0,
      "coverage/scenario_type": 1.0,
      "mode_seeking_ratio": 0.22915754864339621,
      "text_distance_mean": 0.9459842931214598,
      "banned_phrasings_total": 7.0,
      "banned_phrasings_new": 3.0,
      "coverage_classifier_auroc": 1.0
    },
    {
      "iteration": 2.0,
      "attribute_match_rate": 0.0,
      "discriminator_accuracy": 0.9166666666666666,
      "synthetic_detection_rate": 1.0,
      "near_duplicate_rate": 0.15,
      "combination_coverage": 0.6,
      "entropy/intent": 0.9415787376332126,
      "entropy/difficulty": 0.7559752426306121,
      "entropy/ambiguity": 0.8957541375001009,
      "entropy/style": 0.9488801212514659,
      "entropy/noise": 0.9822177815287606,
      "entropy/scenario_type": 0.946394630357186,
      "coverage/intent": 1.0,
      "coverage/difficulty": 1.0,
      "coverage/ambiguity": 1.0,
      "coverage/style": 1.0,
      "coverage/noise": 1.0,
      "coverage/scenario_type": 1.0,
      "mode_seeking_ratio": 0.23336210657304118,
      "text_distance_mean": 0.9541148779931855,
      "banned_phrasings_total": 11.0,
      "banned_phrasings_new": 4.0,
      "coverage_classifier_auroc": 1.0
    }
  ],
  "prompt_history": [
    {
      "version": 0,
      "iteration": 0,
      "prompt": "Generate realistic customer support messages that match the requested intent\nand style. The example should be plausible for a customer support channel\n(email, chat, in-app form). Keep it short to medium length. Output a JSON\nobject with the sample id, the text, and the attribute values.\n",
      "motivation": "initial prompt",
      "feedback_summary": {},
      "timestamp": "2026-06-02T08:38:34.724453+00:00"
    },
    {
      "version": 1,
      "iteration": 1,
      "prompt": "\"\"\"Generate realistic customer support messages that match the requested intent and style, ensuring a diverse range of expressions. The examples should reflect common scenarios (email, chat, in-app form) and vary in difficulty and ambiguity. Incorporate both informal and verbose styles alongside concise and emotional ones. Aim for short to medium-length messages that feel spontaneous and authentic, avoiding overly polished or generic phrasing. Output a JSON object with the sample id, the text, and the attribute values.\n\nForbidden phrasings:\n- 'I thought updates were supposed to fix problems, not create new ones!'\n- 'I seem to lack specific guidance on this matter.'\n- 'I was charged but I thought it was a trial, can u help?!?'\n- 'I just updated it yesterday.'\n\nEnsure that the messages include a mix of intents (e.g., refund requests, general questions), and introduce unique structural variations to reduce near-duplicate phrasings. Strive for a balance in style representation and maintain realism by incorporating everyday noise and specific details that reflect genuine user experiences. Aim for a total of 10 samples with varied attributes to enhance the overall diversity and authenticity of the generated data.\"\"\"",
      "motivation": "The batch of synthetic samples demonstrates a good coverage of intents, difficulties, and ambiguities, but there is a notable lack of diversity in the style attribute, particularly with the absence of 'informal' and 'verbose' styles. Additionally, there are several near-duplicate phrasings and shallow paraphrases present.",
      "feedback_summary": {
        "iteration": 0,
        "n_attribute_failures": 16,
        "n_realism_artifacts": 9,
        "near_duplicate_rate": 0.25,
        "pack_accuracy": null,
        "mode_seeking_ratio": 0.2281104468511143,
        "n_banned_phrasings": 4,
        "missing_modes": [
          "informal",
          "verbose"
        ],
        "overrepresented_modes": [
          "concise",
          "emotional"
        ],
        "metrics": {
          "attribute_match_rate": 0.0,
          "discriminator_accuracy": 0.9166666666666666,
          "synthetic_detection_rate": 0.8181818181818182,
          "near_duplicate_rate": 0.25,
          "combination_coverage": 0.6,
          "entropy/intent": 0.9592101522724051,
          "entropy/difficulty": 0.8957541375001009,
          "entropy/ambiguity": 0.9850568223215079,
          "entropy/style": 0.8822716235122602,
          "entropy/noise": 0.8274070571684498,
          "entropy/scenario_type": 0.9497012164384108,
          "coverage/intent": 1.0,
          "coverage/difficulty": 1.0,
          "coverage/ambiguity": 1.0,
          "coverage/style": 0.8333333333333334,
          "coverage/noise": 1.0,
          "coverage/scenario_type": 1.0,
          "mode_seeking_ratio": 0.2281104468511143,
          "text_distance_mean": 0.938441998939742,
          "banned_phrasings_total": 4.0,
          "banned_phrasings_new": 4.0,
          "coverage_classifier_auroc": 1.0
        }
      },
      "timestamp": "2026-06-02T08:40:06.100437+00:00"
    },
    {
      "version": 2,
      "iteration": 2,