{
  "run_dir": "E:\\Projects\\PromptForge\\experiments\\loo_run_002_seed109\\no_pack\\20260602T092454Z",
  "n_iterations": 3,
  "final_prompt_version": 2,
  "metric_history": [
    {
      "iteration": 0.0,
      "attribute_match_rate": 0.125,
      "discriminator_accuracy": 0.9583333333333334,
      "synthetic_detection_rate": 0.8888888888888888,
      "near_duplicate_rate": 0.15,
      "combination_coverage": 0.8,
      "entropy/intent": 0.9822177815287606,
      "entropy/difficulty": 0.9755307720176264,
      "entropy/ambiguity": 0.9850568223215079,
      "entropy/style": 0.9400664543100068,
      "entropy/noise": 0.9822177815287606,
      "entropy/scenario_type": 0.9320201587042913,
      "coverage/intent": 1.0,
      "coverage/difficulty": 1.0,
      "coverage/ambiguity": 1.0,
      "coverage/style": 1.0,
      "coverage/noise": 1.0,
      "coverage/scenario_type": 1.0,
      "mode_seeking_ratio": 0.22752943294416678,
      "text_distance_mean": 0.9545891283271449,
      "banned_phrasings_total": 4.0,
      "banned_phrasings_new": 4.0,
      "coverage_classifier_auroc": 1.0
    },
    {
      "iteration": 1.0,
      "attribute_match_rate": 0.0,
      "discriminator_accuracy": 0.6666666666666666,
      "synthetic_detection_rate": 0.2857142857142857,
      "near_duplicate_rate": 0.15,
      "combination_coverage": 0.6666666666666666,
      "entropy/intent": 0.8647365386176832,
      "entropy/difficulty": 0.9965119062478287,
      "entropy/ambiguity": 0.9850568223215079,
      "entropy/style": 0.9488801212514659,
      "entropy/noise": 0.9256951044610051,
      "entropy/scenario_type": 0.9755307720176264,
      "coverage/intent": 1.0,
      "coverage/difficulty": 1.0,
      "coverage/ambiguity": 1.0,
      "coverage/style": 1.0,
      "coverage/noise": 1.0,
      "coverage/scenario_type": 1.0,
      "mode_seeking_ratio": 0.22074510670292702,
      "text_distance_mean": 0.9446241932028023,
      "banned_phrasings_total": 7.0,
      "banned_phrasings_new": 3.0,
      "coverage_classifier_auroc": 1.0
    },
    {
      "iteration": 2.0,
      "attribute_match_rate": 0.0625,
      "discriminator_accuracy": 0.75,
      "synthetic_detection_rate": 0.4444444444444444,
      "near_duplicate_rate": 0.15,
      "combination_coverage": 0.7333333333333333,
      "entropy/intent": 0.9592101522724051,
      "entropy/difficulty": 0.8957541375001009,
      "entropy/ambiguity": 0.9755307720176264,
      "entropy/style": 0.9400664543100068,
      "entropy/noise": 0.9080636898218125,
      "entropy/scenario_type": 0.8868595071429147,
      "coverage/intent": 1.0,
      "coverage/difficulty": 1.0,
      "coverage/ambiguity": 1.0,
      "coverage/style": 1.0,
      "coverage/noise": 1.0,
      "coverage/scenario_type": 1.0,
      "mode_seeking_ratio": 0.23048791284455822,
      "text_distance_mean": 0.9497158255013969,
      "banned_phrasings_total": 11.0,
      "banned_phrasings_new": 4.0,
      "coverage_classifier_auroc": 1.0
    }
  ],
  "prompt_history": [
    {
      "version": 0,
      "iteration": 0,
      "prompt": "Generate realistic customer support messages that match the requested intent\nand style. The example should be plausible for a customer support channel\n(email, chat, in-app form). Keep it short to medium length. Output a JSON\nobject with the sample id, the text, and the attribute values.\n",
      "motivation": "initial prompt",
      "feedback_summary": {},
      "timestamp": "2026-06-02T09:24:54.143395+00:00"
    },
    {
      "version": 1,
      "iteration": 1,
      "prompt": "\"\"\"Generate realistic customer support messages that align with the specified intent and style. Ensure the examples are plausible for various customer support channels (email, chat, in-app form) and vary in complexity and tone. Include a mix of formal and informal styles, and introduce edge cases to enhance diversity. Keep the messages concise and avoid irrelevant details. Output a JSON object containing the sample id, the text, and the attribute values.\n\nForbidden phrasings:\n- \"I can't believe how frustrating this has been!\"\n- 'Hey, quick question!'\n- 'I thought I was fine.'\n- 'it\u2019s so annoyng!'\n\nEnsure that the generated messages:\n- Clearly indicate the intent (e.g., account issue, refund request, general question).\n- Exhibit a range of difficulty levels, from easy to medium.\n- Maintain low ambiguity while avoiding overly emotional or casual language.\n- Incorporate a variety of scenarios, including edge cases, to reflect diverse customer experiences.\n- Avoid combining unrelated topics and ensure coherence in the message structure.\n\nAim for a balanced representation of styles, reducing overrepresentation of emotional and informal tones while introducing more formal and verbose options. The output should reflect a realistic user experience with minimal artifacts of synthetic generation. Aim for a near-duplicate rate below 10% across the batch.\"\"\"",
      "motivation": "The batch of synthetic samples demonstrates a comprehensive coverage of the attribute schema, with all modes represented. However, there are instances of near-duplicate phrasings and some overrepresented styles, particularly in emotional and informal tones.",
      "feedback_summary": {
        "iteration": 0,
        "n_attribute_failures": 14,
        "n_realism_artifacts": 8,
        "near_duplicate_rate": 0.15,
        "pack_accuracy": null,
        "mode_seeking_ratio": 0.22752943294416678,
        "n_banned_phrasings": 4,
        "missing_modes": [],
        "overrepresented_modes": [
          "emotional",
          "informal"
        ],
        "metrics": {
          "attribute_match_rate": 0.125,
          "discriminator_accuracy": 0.9583333333333334,
          "synthetic_detection_rate": 0.8888888888888888,
          "near_duplicate_rate": 0.15,
          "combination_coverage": 0.8,
          "entropy/intent": 0.9822177815287606,
          "entropy/difficulty": 0.9755307720176264,
          "entropy/ambiguity": 0.9850568223215079,
          "entropy/style": 0.9400664543100068,
          "entropy/noise": 0.9822177815287606,
          "entropy/scenario_type": 0.9320201587042913,
          "coverage/intent": 1.0,
          "coverage/difficulty": 1.0,
          "coverage/ambiguity": 1.0,
          "coverage/style": 1.0,
          "coverage/noise": 1.0,
          "coverage/scenario_type": 1.0,
          "mode_seeking_ratio": 0.22752943294416678,
          "text_distance_mean": 0.9545891283271449,
          "banned_phrasings_total": 4.0,
          "banned_phrasings_new": 4.0,
          "coverage_classifier_auroc": 1.0
        }
      },
      "timestamp": "2026-06-02T09:26:25.538006+00:00"
    },
    {
      "version": 2,
      "iteration": 2,