{
  "run_dir": "E:\\Projects\\PromptForge\\experiments\\sst2_v297_seed53\\full_attrforge\\20260602T185954Z",
  "n_iterations": 3,
  "final_prompt_version": 2,
  "metric_history": [
    {
      "iteration": 0.0,
      "attribute_match_rate": 0.6363636363636364,
      "discriminator_accuracy": 0.5454545454545454,
      "synthetic_detection_rate": 0.5454545454545454,
      "near_duplicate_rate": 0.25,
      "combination_coverage": 1.0,
      "entropy/intent": 0.9940302114769566,
      "entropy/difficulty": 0.9741707427017493,
      "entropy/polarity_intensity": 0.9643787017331664,
      "entropy/style": 0.9166222909544273,
      "entropy/noise": 0.9849226290193992,
      "entropy/scenario_type": 0.9202359289475054,
      "coverage/intent": 1.0,
      "coverage/difficulty": 1.0,
      "coverage/polarity_intensity": 1.0,
      "coverage/style": 1.0,
      "coverage/noise": 1.0,
      "coverage/scenario_type": 1.0,
      "pack_accuracy": 0.5,
      "pack_confidence": 0.0,
      "mode_seeking_ratio": 0.2577976820543415,
      "text_distance_mean": 0.9707335199817017,
      "banned_phrasings_total": 0.0,
      "banned_phrasings_new": 0.0,
      "coverage_classifier_auroc": 0.5
    },
    {
      "iteration": 1.0,
      "attribute_match_rate": 0.5909090909090909,
      "discriminator_accuracy": 0.45454545454545453,
      "synthetic_detection_rate": 0.45454545454545453,
      "near_duplicate_rate": 0.25,
      "combination_coverage": 1.0,
      "entropy/intent": 0.976020648236615,
      "entropy/difficulty": 0.929252365043453,
      "entropy/polarity_intensity": 0.9741707427017493,
      "entropy/style": 0.9490905975029206,
      "entropy/noise": 0.9389433656943028,
      "entropy/scenario_type": 0.9202359289475054,
      "coverage/intent": 1.0,
      "coverage/difficulty": 1.0,
      "coverage/polarity_intensity": 1.0,
      "coverage/style": 1.0,
      "coverage/noise": 1.0,
      "coverage/scenario_type": 1.0,
      "pack_accuracy": 0.5,
      "pack_confidence": 0.0,
      "mode_seeking_ratio": 0.25362431800089086,
      "text_distance_mean": 0.9640608154257753,
      "banned_phrasings_total": 0.0,
      "banned_phrasings_new": 0.0,
      "coverage_classifier_auroc": 0.5
    },
    {
      "iteration": 2.0,
      "attribute_match_rate": 0.5454545454545454,
      "discriminator_accuracy": 0.5,
      "synthetic_detection_rate": 0.5,
      "near_duplicate_rate": 0.35,
      "combination_coverage": 0.8333333333333334,
      "entropy/intent": 1.0,
      "entropy/difficulty": 0.987029693781109,
      "entropy/polarity_intensity": 0.9981459752167369,
      "entropy/style": 0.9562266726976327,
      "entropy/noise": 0.9728301523003201,
      "entropy/scenario_type": 0.931018185801348,
      "coverage/intent": 1.0,
      "coverage/difficulty": 1.0,
      "coverage/polarity_intensity": 1.0,
      "coverage/style": 1.0,
      "coverage/noise": 1.0,
      "coverage/scenario_type": 1.0,
      "pack_accuracy": 0.5,
      "pack_confidence": 0.0,
      "mode_seeking_ratio": 0.23999207465406389,
      "text_distance_mean": 0.9595721064311226,
      "banned_phrasings_total": 0.0,
      "banned_phrasings_new": 0.0,
      "coverage_classifier_auroc": 0.5
    }
  ],
  "prompt_history": [
    {
      "version": 0,
      "iteration": 0,
      "prompt": "Generate realistic short movie review sentences that match the requested\nsentiment polarity (positive or negative). Reviews should sound like\nnatural film criticism: short, opinionated, using a mix of explicit\nsentiment words and comparative judgments. Match the requested style,\nintensity, and scenario type. Output a JSON object with the sample id,\nthe text, and the attribute values.\n",
      "motivation": "initial prompt",
      "feedback_summary": {},
      "timestamp": "2026-06-02T18:59:54.883166+00:00"
    },
    {
      "version": 1,
      "iteration": 1,
      "prompt": "\"\"\"Generate realistic short movie review sentences that align with the requested sentiment polarity (positive or negative). Reviews should reflect natural film criticism: concise, opinionated, and utilizing a blend of explicit sentiment words and comparative judgments. Ensure the reviews are formal and structured, avoiding sarcasm and overly casual language. Incorporate a range of emotional responses, from straightforward critiques to nuanced reflections, while maintaining clarity and depth. Output a JSON object with the sample id, the text, and the attribute values.\n\n**Preferred phrasings:**\n- \"The performances were captivating and truly brought the story to life.\"\n- \"While the film had its moments, it ultimately fell short of expectations.\"\n- \"The cinematography was stunning, enhancing the overall experience.\"\n- \"Despite some pacing issues, the film delivered a compelling narrative.\"\n- \"The dialogue felt authentic and resonated with the audience.\"\n\n**Forbidden phrasings:**\n- Avoid sarcasm or humor that undermines the sentiment.\n- Refrain from using overly poetic or metaphorical language that complicates the review.\n- Do not include irrelevant asides or casual expressions that detract from the analysis.\n\nFocus on matching the requested style, intensity, and scenario type while ensuring attribute fidelity, realism, and diversity in expression. Aim for unique sentence structures to reduce redundancy and enhance the overall quality of the reviews.\"\"\"",
      "motivation": "The batch exhibits a high level of surface diversity in terms of intent, difficulty, and style, but suffers from significant redundancy in phrasing and sentence structure, particularly in sarcastic and poetic styles. Many texts utilize similar constructions and expressions, leading to a lack of nuanced variation.",
      "feedback_summary": {
        "iteration": 0,
        "n_attribute_failures": 8,
        "n_realism_artifacts": 12,
        "near_duplicate_rate": 0.25,
        "pack_accuracy": 0.5,
        "mode_seeking_ratio": 0.2577976820543415,
        "n_banned_phrasings": 0,
        "missing_modes": [
          "A more straightforward, plain English style for both positive and negative reviews.",
          "A more diverse range of emotional responses beyond the current spectrum."
        ],
        "overrepresented_modes": [
          "Sarcastic expressions, particularly in negative reviews, often follow similar patterns.",
          "Poetic styles that use metaphorical language to describe acting quality and visuals."
        ],
        "metrics": {
          "attribute_match_rate": 0.6363636363636364,
          "discriminator_accuracy": 0.5454545454545454,
          "synthetic_detection_rate": 0.5454545454545454,
          "near_duplicate_rate": 0.25,
          "combination_coverage": 1.0,
          "entropy/intent": 0.9940302114769566,
          "entropy/difficulty": 0.9741707427017493,
          "entropy/polarity_intensity": 0.9643787017331664,
          "entropy/style": 0.9166222909544273,
          "entropy/noise": 0.9849226290193992,
          "entropy/scenario_type": 0.9202359289475054,
          "coverage/intent": 1.0,
          "coverage/difficulty": 1.0,
          "coverage/polarity_intensity": 1.0,
          "coverage/style": 1.0,
          "coverage/noise": 1.0,
          "coverage/scenario_type": 1.0,
          "pack_accuracy": 0.5,
          "pack_confidence": 0.0,
          "mode_seeking_ratio": 0.2577976820543415,
          "text_distance_mean": 0.9707335199817017,
          "banned_phrasings_total": 0.0,
          "banned_phrasings_new": 0.0,
          "coverage_classifier_auroc": 0.5
        }
      },
      "timestamp": "2026-06-02T19:02:10.662872+00:00"
    },
    {
      "version": 2,
      "iteration": 2,