{
  "run_dir": "E:\\Projects\\PromptForge\\experiments\\vs_run_001_seed23\\full_attrforge_vs\\20260602T072835Z",
  "n_iterations": 3,
  "final_prompt_version": 2,
  "metric_history": [
    {
      "iteration": 0.0,
      "attribute_match_rate": 0.125,
      "discriminator_accuracy": 1.0,
      "synthetic_detection_rate": 1.0,
      "near_duplicate_rate": 0.15,
      "combination_coverage": 0.6666666666666666,
      "entropy/intent": 0.8647365386176832,
      "entropy/difficulty": 0.946394630357186,
      "entropy/ambiguity": 0.9755307720176264,
      "entropy/style": 0.8433532525013715,
      "entropy/noise": 0.9822177815287606,
      "entropy/scenario_type": 0.9497012164384108,
      "coverage/intent": 1.0,
      "coverage/difficulty": 1.0,
      "coverage/ambiguity": 1.0,
      "coverage/style": 0.8333333333333334,
      "coverage/noise": 1.0,
      "coverage/scenario_type": 1.0,
      "pack_accuracy": 0.625,
      "pack_confidence": 0.875,
      "mode_seeking_ratio": 0.23211522251205308,
      "text_distance_mean": 0.9586294128783647,
      "banned_phrasings_total": 4.0,
      "banned_phrasings_new": 4.0,
      "coverage_classifier_auroc": 1.0
    },
    {
      "iteration": 1.0,
      "attribute_match_rate": 0.0,
      "discriminator_accuracy": 1.0,
      "synthetic_detection_rate": 1.0,
      "near_duplicate_rate": 0.15,
      "combination_coverage": 0.5333333333333333,
      "entropy/intent": 0.8207140722512382,
      "entropy/difficulty": 0.9320201587042913,
      "entropy/ambiguity": 0.9850568223215079,
      "entropy/style": 0.8433532525013715,
      "entropy/noise": 0.9592101522724051,
      "entropy/scenario_type": 0.9497012164384108,
      "coverage/intent": 1.0,
      "coverage/difficulty": 1.0,
      "coverage/ambiguity": 1.0,
      "coverage/style": 0.8333333333333334,
      "coverage/noise": 1.0,
      "coverage/scenario_type": 1.0,
      "pack_accuracy": 0.5,
      "pack_confidence": 0.875,
      "mode_seeking_ratio": 0.23933818344394558,
      "text_distance_mean": 0.9586986654007511,
      "banned_phrasings_total": 8.0,
      "banned_phrasings_new": 4.0,
      "coverage_classifier_auroc": 1.0
    },
    {
      "iteration": 2.0,
      "attribute_match_rate": 0.0625,
      "discriminator_accuracy": 0.7083333333333334,
      "synthetic_detection_rate": 0.25,
      "near_duplicate_rate": 0.15,
      "combination_coverage": 0.6,
      "entropy/intent": 0.8285333834977017,
      "entropy/difficulty": 0.8957541375001009,
      "entropy/ambiguity": 0.9965119062478287,
      "entropy/style": 0.9099617502405772,
      "entropy/noise": 0.796580116665631,
      "entropy/scenario_type": 0.9965119062478287,
      "coverage/intent": 0.8,
      "coverage/difficulty": 1.0,
      "coverage/ambiguity": 1.0,
      "coverage/style": 1.0,
      "coverage/noise": 0.8,
      "coverage/scenario_type": 1.0,
      "pack_accuracy": 0.375,
      "pack_confidence": 0.88125,
      "mode_seeking_ratio": 0.24358380525118514,
      "text_distance_mean": 0.9624065195916813,
      "banned_phrasings_total": 12.0,
      "banned_phrasings_new": 4.0,
      "coverage_classifier_auroc": 1.0
    }
  ],
  "prompt_history": [
    {
      "version": 0,
      "iteration": 0,
      "prompt": "Generate realistic customer support messages that match the requested intent\nand style. The example should be plausible for a customer support channel\n(email, chat, in-app form). Keep it short to medium length. Output a JSON\nobject with the sample id, the text, and the attribute values.\n",
      "motivation": "initial prompt",
      "feedback_summary": {},
      "timestamp": "2026-06-02T07:28:35.440449+00:00"
    },
    {
      "version": 1,
      "iteration": 1,
      "prompt": "\"\"\"Generate realistic customer support messages that match the requested intent and style, ensuring a variety of scenarios and levels of difficulty. Focus on edge cases and avoid common phrasing. The messages should reflect genuine user experiences, incorporating urgency and specificity. Include a mix of styles, including verbose and emotional tones, while maintaining clarity. Output a JSON object with the sample id, the text, and the attribute values.\n\nForbidden phrasings:\n- 'I might have forgotten my log-in credentials'\n- 'I seem to have misplaced access to my account'\n- 'I\u2019ve been wondering how to update my profile info'\n- 'Honestly, this is ridiculous'\n\nEnsure the messages are concise to medium-length, avoiding ambiguity and noise. Aim for a balance of intents, including refund requests, technical problems, and general questions, while introducing varied sentence structures to minimize near-duplicates. The generated messages should feel authentic and reflect a wide range of customer experiences, including rare scenarios. Prioritize clarity and urgency in conveying the user's issue to enhance realism and engagement.\"",
      "motivation": "The batch exhibits a good variety of intents, difficulties, and ambiguities, but the style attribute is underrepresented, particularly the 'verbose' mode. There are also several instances of near-duplicate phrasings and missing edge cases.",
      "feedback_summary": {
        "iteration": 0,
        "n_attribute_failures": 14,
        "n_realism_artifacts": 9,
        "near_duplicate_rate": 0.15,
        "pack_accuracy": 0.625,
        "mode_seeking_ratio": 0.23211522251205308,
        "n_banned_phrasings": 4,
        "missing_modes": [
          "verbose"
        ],
        "overrepresented_modes": [
          "informal",
          "emotional"
        ],
        "metrics": {
          "attribute_match_rate": 0.125,
          "discriminator_accuracy": 1.0,
          "synthetic_detection_rate": 1.0,
          "near_duplicate_rate": 0.15,
          "combination_coverage": 0.6666666666666666,
          "entropy/intent": 0.8647365386176832,
          "entropy/difficulty": 0.946394630357186,
          "entropy/ambiguity": 0.9755307720176264,
          "entropy/style": 0.8433532525013715,
          "entropy/noise": 0.9822177815287606,
          "entropy/scenario_type": 0.9497012164384108,
          "coverage/intent": 1.0,
          "coverage/difficulty": 1.0,
          "coverage/ambiguity": 1.0,
          "coverage/style": 0.8333333333333334,
          "coverage/noise": 1.0,
          "coverage/scenario_type": 1.0,
          "pack_accuracy": 0.625,
          "pack_confidence": 0.875,
          "mode_seeking_ratio": 0.23211522251205308,
          "text_distance_mean": 0.9586294128783647,
          "banned_phrasings_total": 4.0,
          "banned_phrasings_new": 4.0,
          "coverage_classifier_auroc": 1.0
        }
      },
      "timestamp": "2026-06-02T07:32:13.753621+00:00"
    },
    {
      "version": 2,
      "iteration": 2,