{
  "run_dir": "E:\\Projects\\PromptForge\\experiments\\loo_run_002_seed127\\no_coverage_hole\\20260602T100318Z",
  "n_iterations": 3,
  "final_prompt_version": 2,
  "metric_history": [
    {
      "iteration": 0.0,
      "attribute_match_rate": 0.0625,
      "discriminator_accuracy": 1.0,
      "synthetic_detection_rate": 1.0,
      "near_duplicate_rate": 0.15,
      "combination_coverage": 0.6,
      "entropy/intent": 0.9724056781360315,
      "entropy/difficulty": 0.9755307720176264,
      "entropy/ambiguity": 0.9755307720176264,
      "entropy/style": 0.9123763275816897,
      "entropy/noise": 0.9822177815287606,
      "entropy/scenario_type": 0.9497012164384108,
      "coverage/intent": 1.0,
      "coverage/difficulty": 1.0,
      "coverage/ambiguity": 1.0,
      "coverage/style": 1.0,
      "coverage/noise": 1.0,
      "coverage/scenario_type": 1.0,
      "pack_accuracy": 0.5,
      "pack_confidence": 0.9,
      "mode_seeking_ratio": 0.23491085626632022,
      "text_distance_mean": 0.9548585050246161,
      "banned_phrasings_total": 3.0,
      "banned_phrasings_new": 3.0
    },
    {
      "iteration": 1.0,
      "attribute_match_rate": 0.1875,
      "discriminator_accuracy": 0.9583333333333334,
      "synthetic_detection_rate": 0.9,
      "near_duplicate_rate": 0.15,
      "combination_coverage": 0.8,
      "entropy/intent": 0.9042492561839792,
      "entropy/difficulty": 0.946394630357186,
      "entropy/ambiguity": 0.9320201587042913,
      "entropy/style": 0.9607329284860076,
      "entropy/noise": 0.8207140722512382,
      "entropy/scenario_type": 0.946394630357186,
      "coverage/intent": 1.0,
      "coverage/difficulty": 1.0,
      "coverage/ambiguity": 1.0,
      "coverage/style": 1.0,
      "coverage/noise": 0.8,
      "coverage/scenario_type": 1.0,
      "pack_accuracy": 0.625,
      "pack_confidence": 0.88125,
      "mode_seeking_ratio": 0.23553998270279752,
      "text_distance_mean": 0.9476123304653085,
      "banned_phrasings_total": 7.0,
      "banned_phrasings_new": 4.0
    },
    {
      "iteration": 2.0,
      "attribute_match_rate": 0.0625,
      "discriminator_accuracy": 0.8333333333333334,
      "synthetic_detection_rate": 0.625,
      "near_duplicate_rate": 0.15,
      "combination_coverage": 0.6666666666666666,
      "entropy/intent": 0.9283832117695864,
      "entropy/difficulty": 0.9497012164384108,
      "entropy/ambiguity": 0.9965119062478287,
      "entropy/style": 0.8822716235122602,
      "entropy/noise": 0.8839297342362052,
      "entropy/scenario_type": 0.8957541375001009,
      "coverage/intent": 1.0,
      "coverage/difficulty": 1.0,
      "coverage/ambiguity": 1.0,
      "coverage/style": 1.0,
      "coverage/noise": 1.0,
      "coverage/scenario_type": 1.0,
      "pack_accuracy": 0.25,
      "pack_confidence": 0.89375,
      "mode_seeking_ratio": 0.2259264130208906,
      "text_distance_mean": 0.940630045110805,
      "banned_phrasings_total": 11.0,
      "banned_phrasings_new": 4.0
    }
  ],
  "prompt_history": [
    {
      "version": 0,
      "iteration": 0,
      "prompt": "Generate realistic customer support messages that match the requested intent\nand style. The example should be plausible for a customer support channel\n(email, chat, in-app form). Keep it short to medium length. Output a JSON\nobject with the sample id, the text, and the attribute values.\n",
      "motivation": "initial prompt",
      "feedback_summary": {},
      "timestamp": "2026-06-02T10:03:18.538515+00:00"
    },
    {
      "version": 1,
      "iteration": 1,
      "prompt": "\"\"\"Generate diverse and realistic customer support messages that align with the requested intent and style. The messages should reflect a range of scenarios, including common issues and edge cases, while maintaining a balance of complexity and clarity. Incorporate a mix of emotional tones and personal touches to enhance realism. The output should be a JSON object containing the sample id, the text, and the attribute values. \n\nEnsure the following:\n- Messages vary in length and structure, avoiding overly formal or polished language.\n- Include a mix of concise and more elaborate phrasing to reduce near-duplicates.\n- Address a variety of scenarios, including both typical and less common situations.\n- Maintain a level of ambiguity and difficulty that reflects real user experiences.\n\nForbidden phrasings:\n- 'I was told it should'\n- 'I thought I read somewhere that'\n- \"I can't believe how slow the service is!\"\n\nAim for messages that feel authentic and relatable, capturing the nuances of customer interactions while adhering to the specified attributes.\"",
      "motivation": "The batch exhibits a good coverage of attribute values, but there are some near-duplicate phrasings and overrepresented styles. Additionally, certain edge cases are underrepresented.",
      "feedback_summary": {
        "iteration": 0,
        "n_attribute_failures": 15,
        "n_realism_artifacts": 7,
        "near_duplicate_rate": 0.15,
        "pack_accuracy": 0.5,
        "mode_seeking_ratio": 0.23491085626632022,
        "n_banned_phrasings": 3,
        "missing_modes": [],
        "overrepresented_modes": [
          "concise",
          "common"
        ],
        "metrics": {
          "attribute_match_rate": 0.0625,
          "discriminator_accuracy": 1.0,
          "synthetic_detection_rate": 1.0,
          "near_duplicate_rate": 0.15,
          "combination_coverage": 0.6,
          "entropy/intent": 0.9724056781360315,
          "entropy/difficulty": 0.9755307720176264,
          "entropy/ambiguity": 0.9755307720176264,
          "entropy/style": 0.9123763275816897,
          "entropy/noise": 0.9822177815287606,
          "entropy/scenario_type": 0.9497012164384108,
          "coverage/intent": 1.0,
          "coverage/difficulty": 1.0,
          "coverage/ambiguity": 1.0,
          "coverage/style": 1.0,
          "coverage/noise": 1.0,
          "coverage/scenario_type": 1.0,
          "pack_accuracy": 0.5,
          "pack_confidence": 0.9,
          "mode_seeking_ratio": 0.23491085626632022,
          "text_distance_mean": 0.9548585050246161,
          "banned_phrasings_total": 3.0,
          "banned_phrasings_new": 3.0
        }
      },
      "timestamp": "2026-06-02T10:05:25.428167+00:00"
    },
    {
      "version": 2,
      "iteration": 2,
      "prompt": "\"\"\"\"\"\"Generate diverse and realistic customer support messages that align with the requested intent and style. The messages should reflect a wide range of scenarios, including both common issues and edge cases, while incorporating varying levels of complexity and clarity. Include a mix of emotional tones, personal anecdotes, and occasional contradictions to enhance realism. The output should be a JSON object containing the sample id, the text, and the attribute values.\n\nEnsure the following:\n- Messages vary in length and structure, including both concise and elaborate phrasing to minimize near-duplicates.\n- Address a variety of scenarios, including atypical situations and those with missing details.\n- Incorporate elements of ambiguity and noise, reflecting real user experiences.\n- Avoid overly formal or scripted language.\n\nForbidden phrasings:\n- 'I was told it should'\n- 'I thought I read somewhere that'\n- \"I can't believe how slow the service is!\"\n- 'Hey, so I was just wondering'\n- 'I seem to be encountering a rather perplexing issue'\n- \"I just found out that the upgrade I paid for isn't working at all\"\n- 'I want a refund. I didn\u2019t get the item I ordered.'\n\nAim for messages that feel authentic and relatable, capturing the nuances of customer interactions while adhering to the specified attributes. Introduce more edge cases and rare scenarios to enhance diversity and ensure a balanced representation of styles and intents.\"\"\"\"\"",