{
  "mode_seeking_ratio": 0.22057665528448686,
  "n_pairs": 120,
  "text_distance_mean": 0.9443590870732159,
  "target_distance_mean": 4.508333333333334,
  "attribute_sensitivity": {
    "scenario_type": 0.0,
    "style": 0.0,
    "noise": 0.0,
    "intent": 0.0,
    "ambiguity": 0.0,
    "difficulty": 0.0
  }
}