{
  "run_dir": "E:\\Projects\\PromptForge\\experiments\\loo_run_002_seed149\\no_mode_seeking\\20260602T103703Z",
  "n_iterations": 3,
  "final_prompt_version": 2,
  "metric_history": [
    {
      "iteration": 0.0,
      "attribute_match_rate": 0.0625,
      "discriminator_accuracy": 0.9166666666666666,
      "synthetic_detection_rate": 0.7142857142857143,
      "near_duplicate_rate": 0.2,
      "combination_coverage": 0.5333333333333333,
      "entropy/intent": 0.9256951044610051,
      "entropy/difficulty": 0.8024052436705212,
      "entropy/ambiguity": 0.8620485698650452,
      "entropy/style": 0.9218145574751188,
      "entropy/noise": 0.9415787376332126,
      "entropy/scenario_type": 0.8957541375001009,
      "coverage/intent": 1.0,
      "coverage/difficulty": 1.0,
      "coverage/ambiguity": 1.0,
      "coverage/style": 1.0,
      "coverage/noise": 1.0,
      "coverage/scenario_type": 1.0,
      "pack_accuracy": 0.375,
      "pack_confidence": 0.89375,
      "banned_phrasings_total": 4.0,
      "banned_phrasings_new": 4.0,
      "coverage_classifier_auroc": 1.0
    },
    {
      "iteration": 1.0,
      "attribute_match_rate": 0.0625,
      "discriminator_accuracy": 0.9166666666666666,
      "synthetic_detection_rate": 0.8,
      "near_duplicate_rate": 0.15,
      "combination_coverage": 0.8,
      "entropy/intent": 0.9592101522724051,
      "entropy/difficulty": 0.9755307720176264,
      "entropy/ambiguity": 0.895014514573153,
      "entropy/style": 0.7737056144690831,
      "entropy/noise": 0.9724056781360315,
      "entropy/scenario_type": 0.9497012164384108,
      "coverage/intent": 1.0,
      "coverage/difficulty": 1.0,
      "coverage/ambiguity": 1.0,
      "coverage/style": 1.0,
      "coverage/noise": 1.0,
      "coverage/scenario_type": 1.0,
      "pack_accuracy": 0.375,
      "pack_confidence": 0.88125,
      "banned_phrasings_total": 8.0,
      "banned_phrasings_new": 4.0,
      "coverage_classifier_auroc": 1.0
    },
    {
      "iteration": 2.0,
      "attribute_match_rate": 0.0625,
      "discriminator_accuracy": 0.6666666666666666,
      "synthetic_detection_rate": 0.375,
      "near_duplicate_rate": 0.15,
      "combination_coverage": 0.6,
      "entropy/intent": 0.9283832117695864,
      "entropy/difficulty": 0.9497012164384108,
      "entropy/ambiguity": 0.9850568223215079,
      "entropy/style": 0.9099617502405772,
      "entropy/noise": 0.9592101522724051,
      "entropy/scenario_type": 0.9497012164384108,
      "coverage/intent": 1.0,
      "coverage/difficulty": 1.0,
      "coverage/ambiguity": 1.0,
      "coverage/style": 1.0,
      "coverage/noise": 1.0,
      "coverage/scenario_type": 1.0,
      "pack_accuracy": 0.375,
      "pack_confidence": 0.8875,
      "banned_phrasings_total": 12.0,
      "banned_phrasings_new": 4.0,
      "coverage_classifier_auroc": 1.0
    }
  ],
  "prompt_history": [
    {
      "version": 0,
      "iteration": 0,
      "prompt": "Generate realistic customer support messages that match the requested intent\nand style. The example should be plausible for a customer support channel\n(email, chat, in-app form). Keep it short to medium length. Output a JSON\nobject with the sample id, the text, and the attribute values.\n",
      "motivation": "initial prompt",
      "feedback_summary": {},
      "timestamp": "2026-06-02T10:37:03.180143+00:00"
    },
    {
      "version": 1,
      "iteration": 1,
      "prompt": "\"\"\"Generate realistic customer support messages that align with the specified intent and style while ensuring diversity in phrasing and scenarios. The examples should be plausible for various customer support channels (email, chat, in-app form) and can range from short to medium length. Aim for a balance between emotional expression and straightforward communication, avoiding excessive formality or overly detailed descriptions. Each message should reflect a clear intent without irrelevant details or ambiguity. Output a JSON object containing the sample id, the text, and the attribute values.\n\nForbidden phrasings:\n- \"I can't believe this is happening again!\"\n- \"I've been really frustrated with my experience lately!\"\n- 'I believe that a full refund should be considered.'\n- 'It feels like no one cares about my issues'\n\nEnsure to include a mix of common and rare scenarios, and vary the emotional tone and complexity of the messages to enhance diversity. Avoid repetitive phrases and structures, and strive for clarity and engagement in the responses. Each sample should provide sufficient detail to avoid missing information while maintaining a realistic customer support context. \n\"\"\"",
      "motivation": "The batch of synthetic samples demonstrates a good coverage of attribute values, but there are instances of missing details and some overrepresentation of certain styles and scenarios. Additionally, there are near-duplicate phrasings that could be diversified.",
      "feedback_summary": {
        "iteration": 0,
        "n_attribute_failures": 15,
        "n_realism_artifacts": 5,
        "near_duplicate_rate": 0.2,
        "pack_accuracy": 0.375,
        "mode_seeking_ratio": null,
        "n_banned_phrasings": 4,
        "missing_modes": [],
        "overrepresented_modes": [
          "emotional",
          "common"
        ],
        "metrics": {
          "attribute_match_rate": 0.0625,
          "discriminator_accuracy": 0.9166666666666666,
          "synthetic_detection_rate": 0.7142857142857143,
          "near_duplicate_rate": 0.2,
          "combination_coverage": 0.5333333333333333,
          "entropy/intent": 0.9256951044610051,
          "entropy/difficulty": 0.8024052436705212,
          "entropy/ambiguity": 0.8620485698650452,
          "entropy/style": 0.9218145574751188,
          "entropy/noise": 0.9415787376332126,
          "entropy/scenario_type": 0.8957541375001009,
          "coverage/intent": 1.0,
          "coverage/difficulty": 1.0,
          "coverage/ambiguity": 1.0,
          "coverage/style": 1.0,
          "coverage/noise": 1.0,
          "coverage/scenario_type": 1.0,
          "pack_accuracy": 0.375,
          "pack_confidence": 0.89375,
          "banned_phrasings_total": 4.0,
          "banned_phrasings_new": 4.0,
          "coverage_classifier_auroc": 1.0
        }
      },
      "timestamp": "2026-06-02T10:38:41.568417+00:00"
    },
    {
      "version": 2,
      "iteration": 2,
      "prompt": "\"\"\"\"\"\"Generate realistic customer support messages that align with the specified intent and style while ensuring diversity in phrasing and scenarios. The examples should be plausible for various customer support channels (email, chat, in-app form) and can range from short to medium length. Aim for a balance between emotional expression and straightforward communication, avoiding excessive formality or overly detailed descriptions. Each message should reflect a clear intent without irrelevant details or ambiguity. Output a JSON object containing the sample id, the text, and the attribute values.\n\nForbidden phrasings:\n- \"I can't believe this is happening again!\"\n- \"I've been really frustrated with my experience lately!\"\n- 'I believe that a full refund should be considered.'\n- 'It feels like no one cares about my issues'\n- 'I just don\u2019t understand why'\n- 'I\u2019ve been trying to update my app for days'\n- 'I noticed my last payment was taken out on a Tuesday'\n- 'hey, can u tell me how long it takes for a refund?'\n\nEnsure to include a mix of common and rare scenarios, and vary the emotional tone and complexity of the messages to enhance diversity. Incorporate more complex technical issues or unique account problems, and strive for clarity and engagement in the responses. Avoid repetitive phrases and structures, and provide sufficient detail to maintain a realistic customer support context. Each sample should reflect a blend of fragmented and concise styles, ensuring a more natural conversational flow. \n\"\"\"\"\"\"",