{
  "attribute_match_rate": 0.0,
  "discriminator_accuracy": 1.0,
  "synthetic_detection_rate": 1.0,
  "near_duplicate_rate": 0.15,
  "combination_coverage": 0.6666666666666666,
  "entropy/intent": 0.8822716235122602,
  "entropy/difficulty": 0.9755307720176264,
  "entropy/ambiguity": 0.8957541375001009,
  "entropy/style": 0.9822177815287606,
  "entropy/noise": 0.8980898459737487,
  "entropy/scenario_type": 0.9248008763572907,
  "coverage/intent": 1.0,
  "coverage/difficulty": 1.0,
  "coverage/ambiguity": 1.0,
  "coverage/style": 1.0,
  "coverage/noise": 1.0,
  "coverage/scenario_type": 1.0,
  "pack_accuracy": 0.8333333333333334,
  "pack_confidence": 0.8833333333333333,
  "mode_seeking_ratio": 0.23507628452304458,
  "text_distance_mean": 0.9626790897937957,
  "banned_phrasings_total": 2.0,
  "banned_phrasings_new": 0.0,
  "coverage_classifier_auroc": 1.0
}