{
  "mode_seeking_ratio": 0.23507628452304458,
  "n_pairs": 120,
  "text_distance_mean": 0.9626790897937957,
  "target_distance_mean": 4.433333333333334,
  "attribute_sensitivity": {
    "scenario_type": 0.0,
    "style": 0.0,
    "noise": 0.0,
    "intent": 0.0,
    "ambiguity": 0.0,
    "difficulty": 0.8011610587904231
  }
}