{
  "mode_seeking_ratio": 0.2493063464823689,
  "n_pairs": 120,
  "text_distance_mean": 0.970458925257803,
  "target_distance_mean": 4.258333333333334,
  "attribute_sensitivity": {
    "polarity_intensity": 0.0,
    "intent": 0.0,
    "noise": 0.0,
    "difficulty": 0.8802278741478392,
    "style": 0.0,
    "scenario_type": 0.0
  }
}