{
  "run_dir": "E:\\Projects\\PromptForge\\experiments\\trec_run_001_seed17\\full_attrforge\\20260602T072552Z",
  "n_iterations": 3,
  "final_prompt_version": 2,
  "metric_history": [
    {
      "iteration": 0.0,
      "attribute_match_rate": 0.0625,
      "discriminator_accuracy": 1.0,
      "synthetic_detection_rate": 1.0,
      "near_duplicate_rate": 0.15,
      "combination_coverage": 0.6111111111111112,
      "entropy/intent": 0.8433532525013715,
      "entropy/difficulty": 0.9755307720176264,
      "entropy/ambiguity": 0.9497012164384108,
      "entropy/style": 0.8823679532568757,
      "entropy/noise": 0.7028195311147832,
      "entropy/scenario_type": 0.9414280318460244,
      "coverage/intent": 0.8333333333333334,
      "coverage/difficulty": 1.0,
      "coverage/ambiguity": 1.0,
      "coverage/style": 1.0,
      "coverage/noise": 0.75,
      "coverage/scenario_type": 1.0,
      "pack_accuracy": 0.8333333333333334,
      "pack_confidence": 0.875,
      "mode_seeking_ratio": 0.2378169008106853,
      "text_distance_mean": 0.949439214165285,
      "banned_phrasings_total": 0.0,
      "banned_phrasings_new": 0.0,
      "coverage_classifier_auroc": 1.0
    },
    {
      "iteration": 1.0,
      "attribute_match_rate": 0.0,
      "discriminator_accuracy": 1.0,
      "synthetic_detection_rate": 1.0,
      "near_duplicate_rate": 0.15,
      "combination_coverage": 0.6666666666666666,
      "entropy/intent": 0.9099617502405772,
      "entropy/difficulty": 0.9755307720176264,
      "entropy/ambiguity": 0.8194483718728035,
      "entropy/style": 0.9592101522724051,
      "entropy/noise": 0.9618974703476993,
      "entropy/scenario_type": 0.9886085007312413,
      "coverage/intent": 1.0,
      "coverage/difficulty": 1.0,
      "coverage/ambiguity": 1.0,
      "coverage/style": 1.0,
      "coverage/noise": 1.0,
      "coverage/scenario_type": 1.0,
      "pack_accuracy": 0.3333333333333333,
      "pack_confidence": 0.8666666666666667,
      "mode_seeking_ratio": 0.22629862583375224,
      "text_distance_mean": 0.9606760938681355,
      "banned_phrasings_total": 0.0,
      "banned_phrasings_new": 0.0,
      "coverage_classifier_auroc": 1.0
    },
    {
      "iteration": 2.0,
      "attribute_match_rate": 0.0,
      "discriminator_accuracy": 0.8333333333333334,
      "synthetic_detection_rate": 1.0,
      "near_duplicate_rate": 0.15,
      "combination_coverage": 0.6111111111111112,
      "entropy/intent": 0.9400664543100068,
      "entropy/difficulty": 0.9850568223215079,
      "entropy/ambiguity": 0.9320201587042913,
      "entropy/style": 0.9283832117695864,
      "entropy/noise": 0.9414280318460244,
      "entropy/scenario_type": 0.9528195311147832,
      "coverage/intent": 1.0,
      "coverage/difficulty": 1.0,
      "coverage/ambiguity": 1.0,
      "coverage/style": 1.0,
      "coverage/noise": 1.0,
      "coverage/scenario_type": 1.0,
      "pack_accuracy": 0.6666666666666666,
      "pack_confidence": 0.8666666666666667,
      "mode_seeking_ratio": 0.23031996440068678,
      "text_distance_mean": 0.9685567089270848,
      "banned_phrasings_total": 0.0,
      "banned_phrasings_new": 0.0,
      "coverage_classifier_auroc": 1.0
    }
  ],
  "prompt_history": [
    {
      "version": 0,
      "iteration": 0,
      "prompt": "Generate realistic open-domain English questions that match the requested\nTREC question-type category. The example should be a single complete question\nthat ends with a question mark and reads as something a user might ask in\nan open-domain QA system. Match the requested style and noise level. Output\na JSON object with the sample id, the text, and the attribute values.\n",
      "motivation": "initial prompt",
      "feedback_summary": {},
      "timestamp": "2026-06-02T07:25:52.999236+00:00"
    },
    {
      "version": 1,
      "iteration": 1,
      "prompt": "\"\"\"Generate diverse and realistic open-domain English questions that align with the specified TREC question-type category. Each question should be a single complete sentence ending with a question mark, reflecting a user\u2019s potential inquiry in an open-domain QA system. Ensure that the questions incorporate specific details, numeric values, or abstract concepts to enhance attribute fidelity and realism. Aim for a variety of intents, including human beings, and incorporate different noise types, such as irrelevant details. Avoid repetitive structures and strive for a mix of styles, reducing the frequency of fragmented outputs. \n\nOutput a JSON object containing the sample id, the generated question text, and the corresponding attribute values, including intent, difficulty, ambiguity, style, noise, and scenario type. \n\nForbidden phrasings: \"how,\" \"what is,\" \"can you,\" \"what are some,\" \"how does ... compare to ...,\" \"what does ... stand for.\" \n\nThis prompt encourages the generation of questions that are not only varied in structure and content but also rich in detail and complexity, ensuring a comprehensive representation of the requested attributes.\"\"\"",
      "motivation": "The batch exhibits a strong representation of various intents and difficulties, but there are notable gaps in noise types and some missing attribute combinations. Additionally, there are instances of near-duplicate phrasings and shallow paraphrases.",
      "feedback_summary": {
        "iteration": 0,
        "n_attribute_failures": 15,
        "n_realism_artifacts": 9,
        "near_duplicate_rate": 0.15,
        "pack_accuracy": 0.8333333333333334,
        "mode_seeking_ratio": 0.2378169008106853,
        "n_banned_phrasings": 0,
        "missing_modes": [
          "noise: irrelevant_details",
          "intent: human_beings"
        ],
        "overrepresented_modes": [
          "style: fragmented"
        ],
        "metrics": {
          "attribute_match_rate": 0.0625,
          "discriminator_accuracy": 1.0,
          "synthetic_detection_rate": 1.0,
          "near_duplicate_rate": 0.15,
          "combination_coverage": 0.6111111111111112,
          "entropy/intent": 0.8433532525013715,
          "entropy/difficulty": 0.9755307720176264,
          "entropy/ambiguity": 0.9497012164384108,
          "entropy/style": 0.8823679532568757,
          "entropy/noise": 0.7028195311147832,
          "entropy/scenario_type": 0.9414280318460244,
          "coverage/intent": 0.8333333333333334,
          "coverage/difficulty": 1.0,
          "coverage/ambiguity": 1.0,
          "coverage/style": 1.0,
          "coverage/noise": 0.75,
          "coverage/scenario_type": 1.0,
          "pack_accuracy": 0.8333333333333334,
          "pack_confidence": 0.875,
          "mode_seeking_ratio": 0.2378169008106853,
          "text_distance_mean": 0.949439214165285,
          "banned_phrasings_total": 0.0,
          "banned_phrasings_new": 0.0,
          "coverage_classifier_auroc": 1.0
        }
      },
      "timestamp": "2026-06-02T07:27:37.956317+00:00"
    },
    {
      "version": 2,
      "iteration": 2,