{
  "run_dir": "E:\\Projects\\PromptForge\\experiments\\trec_run_001_seed41\\diversity_only\\20260602T075512Z",
  "n_iterations": 3,
  "final_prompt_version": 2,
  "metric_history": [
    {
      "iteration": 0.0,
      "attribute_match_rate": 0.0,
      "discriminator_accuracy": 0.5,
      "synthetic_detection_rate": 0.5,
      "near_duplicate_rate": 0.1,
      "combination_coverage": 0.7222222222222222,
      "entropy/intent": 0.9400664543100068,
      "entropy/difficulty": 0.8868595071429147,
      "entropy/ambiguity": 0.9497012164384108,
      "entropy/style": 0.9592101522724051,
      "entropy/noise": 0.7897170014624826,
      "entropy/scenario_type": 0.9248008763572907,
      "coverage/intent": 1.0,
      "coverage/difficulty": 1.0,
      "coverage/ambiguity": 1.0,
      "coverage/style": 1.0,
      "coverage/noise": 0.75,
      "coverage/scenario_type": 1.0,
      "mode_seeking_ratio": 0.23498702754235096,
      "text_distance_mean": 0.9591477115483521,
      "coverage_classifier_auroc": 1.0
    },
    {
      "iteration": 1.0,
      "attribute_match_rate": 0.0,
      "discriminator_accuracy": 0.5,
      "synthetic_detection_rate": 0.5,
      "near_duplicate_rate": 0.1,
      "combination_coverage": 0.6111111111111112,
      "entropy/intent": 0.9400664543100068,
      "entropy/difficulty": 0.9965119062478287,
      "entropy/ambiguity": 0.9497012164384108,
      "entropy/style": 0.9822177815287606,
      "entropy/noise": 0.8903195311147832,
      "entropy/scenario_type": 0.8246987351738496,
      "coverage/intent": 1.0,
      "coverage/difficulty": 1.0,
      "coverage/ambiguity": 1.0,
      "coverage/style": 1.0,
      "coverage/noise": 1.0,
      "coverage/scenario_type": 1.0,
      "mode_seeking_ratio": 0.22775304584020203,
      "text_distance_mean": 0.9555908779314638,
      "coverage_classifier_auroc": 1.0
    },
    {
      "iteration": 2.0,
      "attribute_match_rate": 0.0,
      "discriminator_accuracy": 0.5,
      "synthetic_detection_rate": 0.5,
      "near_duplicate_rate": 0.15,
      "combination_coverage": 0.6666666666666666,
      "entropy/intent": 0.8822716235122602,
      "entropy/difficulty": 0.9755307720176264,
      "entropy/ambiguity": 0.8957541375001009,
      "entropy/style": 0.9822177815287606,
      "entropy/noise": 0.8980898459737487,
      "entropy/scenario_type": 0.9248008763572907,
      "coverage/intent": 1.0,
      "coverage/difficulty": 1.0,
      "coverage/ambiguity": 1.0,
      "coverage/style": 1.0,
      "coverage/noise": 1.0,
      "coverage/scenario_type": 1.0,
      "mode_seeking_ratio": 0.23227591390770166,
      "text_distance_mean": 0.9561624808564756,
      "coverage_classifier_auroc": 1.0
    }
  ],
  "prompt_history": [
    {
      "version": 0,
      "iteration": 0,
      "prompt": "Generate realistic open-domain English questions that match the requested\nTREC question-type category. The example should be a single complete question\nthat ends with a question mark and reads as something a user might ask in\nan open-domain QA system. Match the requested style and noise level. Output\na JSON object with the sample id, the text, and the attribute values.\n",
      "motivation": "initial prompt",
      "feedback_summary": {},
      "timestamp": "2026-06-02T07:55:12.071495+00:00"
    },
    {
      "version": 1,
      "iteration": 1,
      "prompt": "\"\"\"Generate realistic open-domain English questions that match the requested TREC question-type category. Each example should be a single complete question that ends with a question mark, reflecting what a user might ask in an open-domain QA system. Ensure to include a variety of intents, difficulties, ambiguities, and styles, while incorporating diverse noise types, including examples with missing details and irrelevant details. Avoid overrepresentation of typos. Output a JSON object with the sample id, the text, and the attribute values.\n\nForbidden phrasings: \n- Avoid using repetitive or overly simplistic structures.\n- Do not include questions that are too similar to each other or lack unique elements.\n\nExample outputs should cover a broad range of scenarios, especially for numeric values and human beings, to enhance diversity. Aim for a balance in noise categories to ensure a rich dataset that captures the complexity of real user inquiries. Ensure that the generated questions are varied enough to minimize near-duplicate rates and reflect the full spectrum of user queries in an open-domain context. \n\n\"\"\"",
      "motivation": "The batch of synthetic samples demonstrates a good variety of intents, difficulties, ambiguities, styles, and scenario types. However, there are some missing noise categories and a notable presence of typos across multiple entries.",
      "feedback_summary": {
        "iteration": 0,
        "n_attribute_failures": 0,
        "n_realism_artifacts": 0,
        "near_duplicate_rate": 0.1,
        "pack_accuracy": null,
        "mode_seeking_ratio": 0.23498702754235096,
        "n_banned_phrasings": 0,
        "missing_modes": [
          "missing_details",
          "irrelevant_details"
        ],
        "overrepresented_modes": [
          "typos"
        ],
        "metrics": {
          "attribute_match_rate": 0.0,
          "discriminator_accuracy": 0.5,
          "synthetic_detection_rate": 0.5,
          "near_duplicate_rate": 0.1,
          "combination_coverage": 0.7222222222222222,
          "entropy/intent": 0.9400664543100068,
          "entropy/difficulty": 0.8868595071429147,
          "entropy/ambiguity": 0.9497012164384108,
          "entropy/style": 0.9592101522724051,
          "entropy/noise": 0.7897170014624826,
          "entropy/scenario_type": 0.9248008763572907,
          "coverage/intent": 1.0,
          "coverage/difficulty": 1.0,
          "coverage/ambiguity": 1.0,
          "coverage/style": 1.0,
          "coverage/noise": 0.75,
          "coverage/scenario_type": 1.0,
          "mode_seeking_ratio": 0.23498702754235096,
          "text_distance_mean": 0.9591477115483521,
          "coverage_classifier_auroc": 1.0
        }
      },
      "timestamp": "2026-06-02T07:55:55.942914+00:00"
    },
    {
      "version": 2,
      "iteration": 2,
      "prompt": "\"\"\"\"\"\"Generate realistic open-domain English questions that align with the requested TREC question-type category. Each example should be a single complete question ending with a question mark, reflecting authentic user inquiries in an open-domain QA system. Incorporate a wide range of intents, difficulties, ambiguities, and styles, while ensuring a rich diversity of scenarios, including numeric values and human beings. \n\nInclude various noise types, such as examples with missing or irrelevant details, but avoid excessive typos. Strive for unique phrasing to minimize near-duplicates and enhance clarity. Aim for a balanced representation of diverse scenarios, including edge cases or rare inquiries, to enrich the dataset.\n\nOutput a JSON object with the sample id, the text, and the attribute values. \n\nForbidden phrasings: \n- Avoid repetitive or overly simplistic structures.\n- Do not include questions that are too similar to each other or lack distinctiveness.\n- Ensure all samples are free of typos and missing details.\n\nExample outputs should cover a broad spectrum of user queries, capturing the complexity and variety of real-world inquiries. \n\n\"\"\"\"\"\"",
      "motivation": "The batch demonstrates a good variety of intents, difficulties, ambiguities, styles, noise types, and scenario types. However, there are some issues with typos and missing details that could affect the overall quality and diversity of the samples.",
      "feedback_summary": {
        "iteration": 1,
        "n_attribute_failures": 0,
        "n_realism_artifacts": 0,
        "near_duplicate_rate": 0.1,
        "pack_accuracy": null,
        "mode_seeking_ratio": 0.22775304584020203,
        "n_banned_phrasings": 0,
        "missing_modes": [],