{
  "mode_seeking_ratio": 0.21061913548074943,
  "n_pairs": 190,
  "text_distance_mean": 0.9413644003745281,
  "target_distance_mean": 4.7105263157894735,
  "attribute_sensitivity": {
    "difficulty": 0.0,
    "style": 0.0,
    "scenario_type": 0.0,
    "intent": 0.0,
    "noise": 0.0,
    "ambiguity": 0.0
  }
}