{
  "mode_seeking_ratio": 0.24211464682308279,
  "n_pairs": 120,
  "text_distance_mean": 0.9555871679339268,
  "target_distance_mean": 4.375,
  "attribute_sensitivity": {
    "scenario_type": 0.0,
    "intent": 0.0,
    "style": 0.8186582493330072,
    "ambiguity": 0.0,
    "noise": 0.0,
    "difficulty": 0.0
  }
}