{
  "attribute_match_rate": 0.375,
  "discriminator_accuracy": 0.5833333333333334,
  "synthetic_detection_rate": 0.5833333333333334,
  "near_duplicate_rate": 0.25,
  "combination_coverage": 0.7222222222222222,
  "entropy/intent": 0.9671320180863539,
  "entropy/difficulty": 0.9999999999999998,
  "entropy/ambiguity": 0.946394630357186,
  "entropy/style": 0.8701501333892036,
  "entropy/noise": 0.9608948553419607,
  "entropy/scenario_type": 0.9477867202775715,
  "coverage/intent": 1.0,
  "coverage/difficulty": 1.0,
  "coverage/ambiguity": 1.0,
  "coverage/style": 1.0,
  "coverage/noise": 1.0,
  "coverage/scenario_type": 1.0,
  "pack_accuracy": 0.5,
  "pack_confidence": 0.0,
  "mode_seeking_ratio": 0.23130623673100129,
  "text_distance_mean": 0.9556189418974612,
  "banned_phrasings_total": 0.0,
  "banned_phrasings_new": 0.0,
  "coverage_classifier_auroc": 0.5
}