{
  "attribute_match_rate": 1.0,
  "discriminator_accuracy": 0.625,
  "synthetic_detection_rate": 0.5,
  "near_duplicate_rate": 0.25,
  "combination_coverage": 0.5666666666666667,
  "entropy/intent": 0.9999999999999998,
  "entropy/difficulty": 0.8870920155351287,
  "entropy/ambiguity": 0.9713107216099229,
  "entropy/style": 0.9049856125628767,
  "entropy/noise": 0.9244211090762223,
  "entropy/scenario_type": 0.9545258142257613,
  "coverage/intent": 1.0,
  "coverage/difficulty": 1.0,
  "coverage/ambiguity": 1.0,
  "coverage/style": 1.0,
  "coverage/noise": 1.0,
  "coverage/scenario_type": 1.0,
  "pack_accuracy": 0.625,
  "pack_confidence": 0.9,
  "mode_seeking_ratio": 0.22301926968186023,
  "text_distance_mean": 0.9406060706891143,
  "banned_phrasings_total": 0.0,
  "banned_phrasings_new": 0.0,
  "coverage_classifier_auroc": 1.0
}