{
  "attribute_match_rate": 0.5909090909090909,
  "discriminator_accuracy": 0.36363636363636365,
  "synthetic_detection_rate": 0.36363636363636365,
  "near_duplicate_rate": 0.25,
  "combination_coverage": 1.0,
  "entropy/intent": 1.0,
  "entropy/difficulty": 0.9981459752167369,
  "entropy/polarity_intensity": 0.8342022886441013,
  "entropy/style": 0.9122066329329885,
  "entropy/noise": 0.933816945485606,
  "entropy/scenario_type": 0.933510035736515,
  "coverage/intent": 1.0,
  "coverage/difficulty": 1.0,
  "coverage/polarity_intensity": 1.0,
  "coverage/style": 1.0,
  "coverage/noise": 1.0,
  "coverage/scenario_type": 1.0,
  "pack_accuracy": 0.5,
  "pack_confidence": 0.0,
  "mode_seeking_ratio": 0.24735512413249405,
  "text_distance_mean": 0.9610259117057637,
  "banned_phrasings_total": 0.0,
  "banned_phrasings_new": 0.0,
  "coverage_classifier_auroc": 0.5
}