{
  "mode_seeking_ratio": 0.24735512413249405,
  "n_pairs": 231,
  "text_distance_mean": 0.9610259117057637,
  "target_distance_mean": 4.1645021645021645,
  "attribute_sensitivity": {
    "style": 0.0,
    "difficulty": 0.0,
    "scenario_type": 0.0,
    "noise": 0.0,
    "polarity_intensity": 0.0,
    "intent": 0.0
  }
}