{
  "mode_seeking_ratio": 0.23447994316173185,
  "n_pairs": 120,
  "text_distance_mean": 0.9421654482034097,
  "target_distance_mean": 4.341666666666667,
  "attribute_sensitivity": {
    "noise": 0.0,
    "style": 0.0,
    "difficulty": 0.9517173244567252,
    "intent": 0.0,
    "ambiguity": 0.0,
    "scenario_type": 0.0
  }
}