{
  "attribute_match_rate": 0.0,
  "discriminator_accuracy": 0.0,
  "synthetic_detection_rate": 0.0,
  "near_duplicate_rate": 0.15,
  "combination_coverage": 1.0,
  "entropy/intent": 0.8960382325345574,
  "entropy/difficulty": 0.9755307720176264,
  "entropy/polarity_intensity": 0.9965119062478287,
  "entropy/style": 0.9158830010682758,
  "entropy/noise": 0.9414280318460244,
  "entropy/scenario_type": 0.8822716235122602,
  "coverage/intent": 1.0,
  "coverage/difficulty": 1.0,
  "coverage/polarity_intensity": 1.0,
  "coverage/style": 1.0,
  "coverage/noise": 1.0,
  "coverage/scenario_type": 0.8333333333333334
}