{
  "mode_seeking_ratio": 0.26114649123218164,
  "n_pairs": 120,
  "text_distance_mean": 0.9644456681449127,
  "target_distance_mean": 4.141666666666667,
  "attribute_sensitivity": {
    "style": 0.959001353839479,
    "polarity_intensity": 0.0,
    "difficulty": 0.0,
    "noise": 0.0,
    "scenario_type": 0.0,
    "intent": 0.8995160386842107
  }
}