{
  "attribute_match_rate": 0.0,
  "discriminator_accuracy": 0.8333333333333334,
  "synthetic_detection_rate": 0.6,
  "near_duplicate_rate": 0.25,
  "combination_coverage": 0.6,
  "entropy/intent": 0.9080636898218125,
  "entropy/difficulty": 0.9755307720176264,
  "entropy/ambiguity": 0.9965119062478287,
  "entropy/style": 0.9218145574751188,
  "entropy/noise": 0.8207140722512382,
  "entropy/scenario_type": 0.946394630357186,
  "coverage/intent": 1.0,
  "coverage/difficulty": 1.0,
  "coverage/ambiguity": 1.0,
  "coverage/style": 1.0,
  "coverage/noise": 0.8,
  "coverage/scenario_type": 1.0,
  "pack_accuracy": 0.5,
  "pack_confidence": 0.89375,
  "mode_seeking_ratio": 0.22353467883904407,
  "text_distance_mean": 0.9405509602873595,
  "coverage_classifier_auroc": 1.0
}