{
  "mode_seeking_ratio": 0.22353467883904407,
  "n_pairs": 120,
  "text_distance_mean": 0.9405509602873595,
  "target_distance_mean": 4.466666666666667,
  "attribute_sensitivity": {
    "noise": 0.0,
    "style": 0.0,
    "difficulty": 0.0,
    "intent": 0.0,
    "ambiguity": 0.0,
    "scenario_type": 0.0
  }
}