{
  "mode_seeking_ratio": 0.22061886256845195,
  "n_pairs": 120,
  "text_distance_mean": 0.8858475515875164,
  "target_distance_mean": 4.375,
  "attribute_sensitivity": {
    "style": 0.9413136364920396,
    "difficulty": 0.0,
    "noise": 0.0,
    "ambiguity": 0.0,
    "scenario_type": 0.0,
    "intent": 0.0
  }
}