{
  "attribute_match_rate": 0.0,
  "discriminator_accuracy": 0.5,
  "synthetic_detection_rate": 0.5,
  "near_duplicate_rate": 0.15,
  "combination_coverage": 0.6666666666666666,
  "entropy/intent": 0.8822716235122602,
  "entropy/difficulty": 0.9755307720176264,
  "entropy/ambiguity": 0.8957541375001009,
  "entropy/style": 0.9822177815287606,
  "entropy/noise": 0.8980898459737487,
  "entropy/scenario_type": 0.9248008763572907,
  "coverage/intent": 1.0,
  "coverage/difficulty": 1.0,
  "coverage/ambiguity": 1.0,
  "coverage/style": 1.0,
  "coverage/noise": 1.0,
  "coverage/scenario_type": 1.0,
  "mode_seeking_ratio": 0.23227591390770166,
  "text_distance_mean": 0.9561624808564756,
  "coverage_classifier_auroc": 1.0
}