{
  "mode_seeking_ratio": 0.2267352703378059,
  "n_pairs": 120,
  "text_distance_mean": 0.950005643286336,
  "target_distance_mean": 4.583333333333333,
  "attribute_sensitivity": {
    "noise": 0.0,
    "style": 0.0,
    "difficulty": 0.0,
    "intent": 0.931472645934702,
    "ambiguity": 0.0,
    "scenario_type": 0.0
  }
}