{
  "mode_seeking_ratio": 0.2634759972129061,
  "n_pairs": 120,
  "text_distance_mean": 0.968202701750228,
  "target_distance_mean": 4.05,
  "attribute_sensitivity": {
    "polarity_intensity": 0.0,
    "intent": 0.0,
    "noise": 0.0,
    "difficulty": 0.0,
    "style": 0.0,
    "scenario_type": 0.9477991848804033
  }
}