{
  "mode_seeking_ratio": 0.26455435227925467,
  "n_pairs": 120,
  "text_distance_mean": 0.961232722157567,
  "target_distance_mean": 4.108333333333333,
  "attribute_sensitivity": {
    "style": 0.9528532104715888,
    "polarity_intensity": 0.0,
    "difficulty": 0.0,
    "noise": 0.0,
    "scenario_type": 0.9639004728173969,
    "intent": 0.0
  }
}