{
  "attribute_match_rate": 0.4583333333333333,
  "discriminator_accuracy": 0.4166666666666667,
  "synthetic_detection_rate": 0.4166666666666667,
  "near_duplicate_rate": 0.25,
  "combination_coverage": 0.7222222222222222,
  "entropy/intent": 0.9776902310822042,
  "entropy/difficulty": 0.9850568223215079,
  "entropy/ambiguity": 0.9850568223215079,
  "entropy/style": 0.9925308085173912,
  "entropy/noise": 0.8819555782894635,
  "entropy/scenario_type": 0.9515535841814057,
  "coverage/intent": 1.0,
  "coverage/difficulty": 1.0,
  "coverage/ambiguity": 1.0,
  "coverage/style": 1.0,
  "coverage/noise": 1.0,
  "coverage/scenario_type": 1.0,
  "pack_accuracy": 0.5,
  "pack_confidence": 0.0,
  "mode_seeking_ratio": 0.2271160730448432,
  "text_distance_mean": 0.9493157908182933,
  "banned_phrasings_total": 0.0,
  "banned_phrasings_new": 0.0,
  "coverage_classifier_auroc": 0.5
}