{
  "mode_seeking_ratio": 0.2271160730448432,
  "n_pairs": 276,
  "text_distance_mean": 0.9493157908182933,
  "target_distance_mean": 4.503623188405797,
  "attribute_sensitivity": {
    "difficulty": 0.0,
    "ambiguity": 0.0,
    "noise": 0.0,
    "style": 0.0,
    "scenario_type": 0.0,
    "intent": 0.0
  }
}