{
  "mode_seeking_ratio": 0.2673953801280699,
  "n_pairs": 120,
  "text_distance_mean": 0.9716500905999852,
  "target_distance_mean": 4.108333333333333,
  "attribute_sensitivity": {
    "style": 0.9871554249879997,
    "intent": 0.0,
    "scenario_type": 0.985901012584021,
    "difficulty": 0.0,
    "noise": 0.0,
    "polarity_intensity": 0.0
  }
}