{
  "mode_seeking_ratio": 0.2505523394206138,
  "n_pairs": 190,
  "text_distance_mean": 0.9706008558930831,
  "target_distance_mean": 4.294736842105263,
  "attribute_sensitivity": {
    "noise": 0.0,
    "scenario_type": 0.9489092572733271,
    "polarity_intensity": 0.0,
    "intent": 0.0,
    "difficulty": 0.0,
    "style": 0.9481653120267866
  }
}