{
  "attribute_match_rate": 0.6190476190476191,
  "discriminator_accuracy": 0.42857142857142855,
  "synthetic_detection_rate": 0.42857142857142855,
  "near_duplicate_rate": 0.35,
  "combination_coverage": 1.0,
  "entropy/intent": 0.998363672593813,
  "entropy/difficulty": 0.9937866610055328,
  "entropy/polarity_intensity": 0.9937866610055328,
  "entropy/style": 0.9224177393686547,
  "entropy/noise": 0.9363346784550166,
  "entropy/scenario_type": 0.9488874856715143,
  "coverage/intent": 1.0,
  "coverage/difficulty": 1.0,
  "coverage/polarity_intensity": 1.0,
  "coverage/style": 1.0,
  "coverage/noise": 1.0,
  "coverage/scenario_type": 1.0,
  "pack_accuracy": 0.5,
  "pack_confidence": 0.0,
  "mode_seeking_ratio": 0.24245441245744365,
  "text_distance_mean": 0.9677724001790282,
  "banned_phrasings_total": 0.0,
  "banned_phrasings_new": 0.0,
  "coverage_classifier_auroc": 0.5
}