{
  "mode_seeking_ratio": 0.24245441245744365,
  "n_pairs": 210,
  "text_distance_mean": 0.9677724001790282,
  "target_distance_mean": 4.304761904761905,
  "attribute_sensitivity": {
    "intent": 0.0,
    "noise": 0.0,
    "style": 0.0,
    "polarity_intensity": 0.0,
    "difficulty": 0.0,
    "scenario_type": 0.8440163394310323
  }
}