{
  "attribute_match_rate": 0.6666666666666666,
  "discriminator_accuracy": 0.5238095238095238,
  "synthetic_detection_rate": 0.5238095238095238,
  "near_duplicate_rate": 0.35,
  "combination_coverage": 1.0,
  "entropy/intent": 0.998363672593813,
  "entropy/difficulty": 0.9584114221179828,
  "entropy/polarity_intensity": 0.9937866610055328,
  "entropy/style": 0.9763945235672326,
  "entropy/noise": 0.91874241485597,
  "entropy/scenario_type": 0.9507271636456954,
  "coverage/intent": 1.0,
  "coverage/difficulty": 1.0,
  "coverage/polarity_intensity": 1.0,
  "coverage/style": 1.0,
  "coverage/noise": 1.0,
  "coverage/scenario_type": 1.0,
  "pack_accuracy": 0.5,
  "pack_confidence": 0.0,
  "mode_seeking_ratio": 0.24256488966900863,
  "text_distance_mean": 0.9629407977286866,
  "banned_phrasings_total": 0.0,
  "banned_phrasings_new": 0.0,
  "coverage_classifier_auroc": 0.5
}