{
  "mode_seeking_ratio": 0.24256488966900863,
  "n_pairs": 210,
  "text_distance_mean": 0.9629407977286866,
  "target_distance_mean": 4.285714285714286,
  "attribute_sensitivity": {
    "difficulty": 0.0,
    "intent": 0.0,
    "style": 0.0,
    "scenario_type": 0.0,
    "noise": 0.0,
    "polarity_intensity": 0.9089329205252102
  }
}