{
  "mode_seeking_ratio": 0.2311559056037611,
  "n_pairs": 120,
  "text_distance_mean": 0.9448456849993552,
  "target_distance_mean": 4.533333333333333,
  "attribute_sensitivity": {
    "scenario_type": 0.0,
    "intent": 0.0,
    "style": 0.9392504543605344,
    "ambiguity": 0.0,
    "noise": 0.9825370744211367,
    "difficulty": 0.0
  }
}