{
  "attribute_match_rate": 0.0,
  "discriminator_accuracy": 0.5,
  "synthetic_detection_rate": 0.5,
  "near_duplicate_rate": 0.15,
  "combination_coverage": 0.8333333333333334,
  "entropy/intent": 0.8112781244591328,
  "entropy/difficulty": 0.9850568223215079,
  "entropy/polarity_intensity": 0.9965119062478287,
  "entropy/style": 0.9388906303246313,
  "entropy/noise": 0.8514097655573916,
  "entropy/scenario_type": 0.9099617502405772,
  "coverage/intent": 1.0,
  "coverage/difficulty": 1.0,
  "coverage/polarity_intensity": 1.0,
  "coverage/style": 1.0,
  "coverage/noise": 1.0,
  "coverage/scenario_type": 1.0,
  "mode_seeking_ratio": 0.27240652435231577,
  "text_distance_mean": 0.9661567692948678,
  "coverage_classifier_auroc": 1.0
}