{
  "mode_seeking_ratio": 0.2389979403402237,
  "n_pairs": 120,
  "text_distance_mean": 0.9453008173978892,
  "target_distance_mean": 4.375,
  "attribute_sensitivity": {
    "noise": 0.0,
    "style": 0.8256000159806614,
    "difficulty": 0.0,
    "intent": 0.0,
    "ambiguity": 0.0,
    "scenario_type": 0.0
  }
}