{
  "attribute_match_rate": 0.9047619047619048,
  "discriminator_accuracy": 0.041666666666666664,
  "synthetic_detection_rate": 0.0,
  "near_duplicate_rate": 0.25,
  "combination_coverage": 0.5,
  "entropy/intent": 0.9960334049191263,
  "entropy/difficulty": 0.9303400857202416,
  "entropy/ambiguity": 0.980315378922394,
  "entropy/style": 0.9488874856715143,
  "entropy/noise": 0.9554289021908485,
  "entropy/scenario_type": 0.914100892018565,
  "coverage/intent": 1.0,
  "coverage/difficulty": 1.0,
  "coverage/ambiguity": 1.0,
  "coverage/style": 1.0,
  "coverage/noise": 1.0,
  "coverage/scenario_type": 1.0,
  "pack_accuracy": 0.25,
  "pack_confidence": 0.9,
  "mode_seeking_ratio": 0.21753238666982877,
  "text_distance_mean": 0.9393713401364039,
  "banned_phrasings_total": 2.0,
  "banned_phrasings_new": 2.0,
  "coverage_classifier_auroc": 1.0
}