{
  "mode_seeking_ratio": 0.21753238666982877,
  "n_pairs": 210,
  "text_distance_mean": 0.9393713401364039,
  "target_distance_mean": 4.571428571428571,
  "attribute_sensitivity": {
    "difficulty": 0.0,
    "intent": 0.0,
    "noise": 0.0,
    "style": 0.0,
    "ambiguity": 0.0,
    "scenario_type": 0.0
  }
}