{
  "mode_seeking_ratio": 0.24530210473261288,
  "n_pairs": 120,
  "text_distance_mean": 0.9554661248672679,
  "target_distance_mean": 4.241666666666666,
  "attribute_sensitivity": {
    "scenario_type": 0.0,
    "style": 0.0,
    "noise": 0.0,
    "ambiguity": 0.0,
    "difficulty": 0.0,
    "intent": 0.0
  }
}