{
  "run_dir": "E:\\Projects\\PromptForge\\experiments\\loo_run_002_seed41\\no_pack\\20260602T075447Z",
  "n_iterations": 3,
  "final_prompt_version": 2,
  "metric_history": [
    {
      "iteration": 0.0,
      "attribute_match_rate": 0.0625,
      "discriminator_accuracy": 0.9166666666666666,
      "synthetic_detection_rate": 0.8181818181818182,
      "near_duplicate_rate": 0.15,
      "combination_coverage": 0.5333333333333333,
      "entropy/intent": 0.851541012754057,
      "entropy/difficulty": 0.9755307720176264,
      "entropy/ambiguity": 0.9850568223215079,
      "entropy/style": 0.9123763275816897,
      "entropy/noise": 0.9388906303246313,
      "entropy/scenario_type": 0.895014514573153,
      "coverage/intent": 0.8,
      "coverage/difficulty": 1.0,
      "coverage/ambiguity": 1.0,
      "coverage/style": 1.0,
      "coverage/noise": 1.0,
      "coverage/scenario_type": 1.0,
      "mode_seeking_ratio": 0.22851019110984222,
      "text_distance_mean": 0.941618846288579,
      "banned_phrasings_total": 4.0,
      "banned_phrasings_new": 4.0,
      "coverage_classifier_auroc": 1.0
    },
    {
      "iteration": 1.0,
      "attribute_match_rate": 0.0,
      "discriminator_accuracy": 0.625,
      "synthetic_detection_rate": 0.4166666666666667,
      "near_duplicate_rate": 0.15,
      "combination_coverage": 0.6666666666666666,
      "entropy/intent": 0.9158830010682758,
      "entropy/difficulty": 0.9320201587042913,
      "entropy/ambiguity": 0.9755307720176264,
      "entropy/style": 0.9789848253208956,
      "entropy/noise": 0.9362025230160498,
      "entropy/scenario_type": 0.9850568223215079,
      "coverage/intent": 1.0,
      "coverage/difficulty": 1.0,
      "coverage/ambiguity": 1.0,
      "coverage/style": 1.0,
      "coverage/noise": 1.0,
      "coverage/scenario_type": 1.0,
      "mode_seeking_ratio": 0.23147771934929803,
      "text_distance_mean": 0.9439764350995443,
      "banned_phrasings_total": 8.0,
      "banned_phrasings_new": 4.0,
      "coverage_classifier_auroc": 1.0
    },
    {
      "iteration": 2.0,
      "attribute_match_rate": 0.125,
      "discriminator_accuracy": 1.0,
      "synthetic_detection_rate": 1.0,
      "near_duplicate_rate": 0.15,
      "combination_coverage": 0.5333333333333333,
      "entropy/intent": 0.8417289093613277,
      "entropy/difficulty": 0.7559752426306121,
      "entropy/ambiguity": 0.9497012164384108,
      "entropy/style": 0.9488801212514659,
      "entropy/noise": 0.9822177815287606,
      "entropy/scenario_type": 0.9497012164384108,
      "coverage/intent": 0.8,
      "coverage/difficulty": 1.0,
      "coverage/ambiguity": 1.0,
      "coverage/style": 1.0,
      "coverage/noise": 1.0,
      "coverage/scenario_type": 1.0,
      "mode_seeking_ratio": 0.23839581512912308,
      "text_distance_mean": 0.9431822871713719,
      "banned_phrasings_total": 12.0,
      "banned_phrasings_new": 4.0,
      "coverage_classifier_auroc": 1.0
    }
  ],
  "prompt_history": [
    {
      "version": 0,
      "iteration": 0,
      "prompt": "Generate realistic customer support messages that match the requested intent\nand style. The example should be plausible for a customer support channel\n(email, chat, in-app form). Keep it short to medium length. Output a JSON\nobject with the sample id, the text, and the attribute values.\n",
      "motivation": "initial prompt",
      "feedback_summary": {},
      "timestamp": "2026-06-02T07:54:47.295229+00:00"
    },
    {
      "version": 1,
      "iteration": 1,
      "prompt": "\"\"\"Generate realistic customer support messages that match the requested intent and style. Ensure the messages reflect a variety of scenarios, including common inquiries, technical problems, and account issues. Incorporate elements of real-world noise, such as informal language and minor errors, while maintaining clarity. Aim for a mix of short and medium-length responses, avoiding overly structured or polished language. Output a JSON object with the sample id, the text, and the attribute values.\n\nForbidden phrasings:\n- 'I thought I had ordered'\n- 'I want to make an informed decision'\n- 'I was just thinking a'\n- \"I can't believe how many issues I've had\"\n\nPlease include diverse intents such as 'technical_problem' and 'general_question,' and limit verbose or informal styles to promote a wider range of expression. Introduce edge cases and rare scenarios to enhance complexity. The ambiguity should vary, with some messages being clear and others containing slight confusion. Strive for a balance in difficulty, ensuring some messages are straightforward while others present moderate challenges. Avoid near-duplicate phrasings to enrich the dataset's diversity.\"\"\"",
      "motivation": "The batch demonstrates good coverage across most attributes, but there are some missing combinations and potential overrepresentation of certain styles. Additionally, there are near-duplicate phrasings that could be addressed.",
      "feedback_summary": {
        "iteration": 0,
        "n_attribute_failures": 15,
        "n_realism_artifacts": 9,
        "near_duplicate_rate": 0.15,
        "pack_accuracy": null,
        "mode_seeking_ratio": 0.22851019110984222,
        "n_banned_phrasings": 4,
        "missing_modes": [
          "intent: technical_problem",
          "scenario_type: rare"
        ],
        "overrepresented_modes": [
          "style: verbose",
          "style: informal"
        ],
        "metrics": {
          "attribute_match_rate": 0.0625,
          "discriminator_accuracy": 0.9166666666666666,
          "synthetic_detection_rate": 0.8181818181818182,
          "near_duplicate_rate": 0.15,
          "combination_coverage": 0.5333333333333333,
          "entropy/intent": 0.851541012754057,
          "entropy/difficulty": 0.9755307720176264,
          "entropy/ambiguity": 0.9850568223215079,
          "entropy/style": 0.9123763275816897,
          "entropy/noise": 0.9388906303246313,
          "entropy/scenario_type": 0.895014514573153,
          "coverage/intent": 0.8,
          "coverage/difficulty": 1.0,
          "coverage/ambiguity": 1.0,
          "coverage/style": 1.0,
          "coverage/noise": 1.0,
          "coverage/scenario_type": 1.0,
          "mode_seeking_ratio": 0.22851019110984222,
          "text_distance_mean": 0.941618846288579,
          "banned_phrasings_total": 4.0,
          "banned_phrasings_new": 4.0,
          "coverage_classifier_auroc": 1.0
        }
      },
      "timestamp": "2026-06-02T07:56:29.527893+00:00"
    },
    {
      "version": 2,
      "iteration": 2,