{
  "mode_seeking_ratio": 0.2404104028905735,
  "n_pairs": 120,
  "text_distance_mean": 0.9458887128890561,
  "target_distance_mean": 4.408333333333333,
  "attribute_sensitivity": {
    "difficulty": 1.0,
    "scenario_type": 0.0,
    "intent": 0.9171265087485599,
    "noise": 0.0,
    "ambiguity": 0.0,
    "style": 0.0
  }
}