{
  "run_dir": "E:\\Projects\\PromptForge\\experiments\\loo_run_002_seed17\\no_mode_hunter\\20260602T072126Z",
  "n_iterations": 3,
  "final_prompt_version": 2,
  "metric_history": [
    {
      "iteration": 0.0,
      "attribute_match_rate": 0.125,
      "discriminator_accuracy": 0.875,
      "synthetic_detection_rate": 0.7,
      "near_duplicate_rate": 0.15,
      "combination_coverage": 0.6,
      "entropy/intent": 0.9080636898218125,
      "entropy/difficulty": 0.9755307720176264,
      "entropy/ambiguity": 0.8387794678549644,
      "entropy/style": 0.9218145574751188,
      "entropy/noise": 0.9954133073923868,
      "entropy/scenario_type": 0.707676529682256,
      "coverage/intent": 1.0,
      "coverage/difficulty": 1.0,
      "coverage/ambiguity": 1.0,
      "coverage/style": 1.0,
      "coverage/noise": 1.0,
      "coverage/scenario_type": 1.0,
      "pack_accuracy": 0.625,
      "pack_confidence": 0.9,
      "mode_seeking_ratio": 0.2409875838399153,
      "text_distance_mean": 0.9476274617717574,
      "coverage_classifier_auroc": 1.0
    },
    {
      "iteration": 1.0,
      "attribute_match_rate": 0.0625,
      "discriminator_accuracy": 0.5833333333333334,
      "synthetic_detection_rate": 0.25,
      "near_duplicate_rate": 0.15,
      "combination_coverage": 0.6,
      "entropy/intent": 0.796580116665631,
      "entropy/difficulty": 0.9497012164384108,
      "entropy/ambiguity": 0.9497012164384108,
      "entropy/style": 0.8156631257730544,
      "entropy/noise": 0.9256951044610051,
      "entropy/scenario_type": 0.9497012164384108,
      "coverage/intent": 0.8,
      "coverage/difficulty": 1.0,
      "coverage/ambiguity": 1.0,
      "coverage/style": 0.8333333333333334,
      "coverage/noise": 1.0,
      "coverage/scenario_type": 1.0,
      "pack_accuracy": 0.875,
      "pack_confidence": 0.89375,
      "mode_seeking_ratio": 0.24400290600867536,
      "text_distance_mean": 0.9560620333760913,
      "coverage_classifier_auroc": 1.0
    },
    {
      "iteration": 2.0,
      "attribute_match_rate": 0.125,
      "discriminator_accuracy": 1.0,
      "synthetic_detection_rate": 1.0,
      "near_duplicate_rate": 0.15,
      "combination_coverage": 0.8,
      "entropy/intent": 0.9592101522724051,
      "entropy/difficulty": 0.9497012164384108,
      "entropy/ambiguity": 0.9497012164384108,
      "entropy/style": 0.8156631257730544,
      "entropy/noise": 0.796580116665631,
      "entropy/scenario_type": 0.9755307720176264,
      "coverage/intent": 1.0,
      "coverage/difficulty": 1.0,
      "coverage/ambiguity": 1.0,
      "coverage/style": 0.8333333333333334,
      "coverage/noise": 0.8,
      "coverage/scenario_type": 1.0,
      "pack_accuracy": 0.625,
      "pack_confidence": 0.9,
      "mode_seeking_ratio": 0.2319749347671946,
      "text_distance_mean": 0.9500179757711773,
      "coverage_classifier_auroc": 1.0
    }
  ],
  "prompt_history": [
    {
      "version": 0,
      "iteration": 0,
      "prompt": "Generate realistic customer support messages that match the requested intent\nand style. The example should be plausible for a customer support channel\n(email, chat, in-app form). Keep it short to medium length. Output a JSON\nobject with the sample id, the text, and the attribute values.\n",
      "motivation": "initial prompt",
      "feedback_summary": {},
      "timestamp": "2026-06-02T07:21:26.252880+00:00"
    },
    {
      "version": 1,
      "iteration": 1,
      "prompt": "\"\"\"Generate diverse and realistic customer support messages that align with the specified intent and style. The messages should reflect varying levels of difficulty, ambiguity, and noise, capturing a range of scenarios including edge cases. Ensure the tone varies from formal to informal, and incorporate emotional expressions where appropriate. Keep the length short to medium, and avoid repetitive structures or phrasings. Output a JSON object containing the sample id, the text, and the attribute values.\n\nForbidden phrasings: \n- \"I\u2019m having trouble\"\n- \"Can you help me with this?\"\n- \"I need assistance\"\n- \"My issue is\"\n- \"I want to know\"\n- \"I\u2019m frustrated with\"\n\nEnsure that each message includes specific details relevant to the scenario, such as technical problems, account issues, or general inquiries. Aim for a balance of common and rare situations, and incorporate a mix of straightforward and complex inquiries to enhance realism and diversity. The output should reflect a natural tone, avoiding overly structured or polished language that may detract from authenticity. Consider various customer emotions and perspectives to create a well-rounded set of samples.\"",
      "motivation": "The batch of synthetic samples demonstrates a comprehensive coverage of the attribute schema, with all modes represented. However, there are instances of near-duplicate phrasings and some missing edge cases.",
      "feedback_summary": {
        "iteration": 0,
        "n_attribute_failures": 14,
        "n_realism_artifacts": 7,
        "near_duplicate_rate": 0.15,
        "pack_accuracy": 0.625,
        "mode_seeking_ratio": 0.2409875838399153,
        "n_banned_phrasings": 0,
        "missing_modes": [],
        "overrepresented_modes": [
          "fragmented",
          "medium difficulty",
          "medium ambiguity"
        ],
        "metrics": {
          "attribute_match_rate": 0.125,
          "discriminator_accuracy": 0.875,
          "synthetic_detection_rate": 0.7,
          "near_duplicate_rate": 0.15,
          "combination_coverage": 0.6,
          "entropy/intent": 0.9080636898218125,
          "entropy/difficulty": 0.9755307720176264,
          "entropy/ambiguity": 0.8387794678549644,
          "entropy/style": 0.9218145574751188,
          "entropy/noise": 0.9954133073923868,
          "entropy/scenario_type": 0.707676529682256,
          "coverage/intent": 1.0,
          "coverage/difficulty": 1.0,
          "coverage/ambiguity": 1.0,
          "coverage/style": 1.0,
          "coverage/noise": 1.0,
          "coverage/scenario_type": 1.0,
          "pack_accuracy": 0.625,
          "pack_confidence": 0.9,
          "mode_seeking_ratio": 0.2409875838399153,
          "text_distance_mean": 0.9476274617717574,
          "coverage_classifier_auroc": 1.0
        }
      },
      "timestamp": "2026-06-02T07:23:06.933228+00:00"
    },
    {
      "version": 2,
      "iteration": 2,
      "prompt": "\"\"\"\"\"\"Generate diverse and realistic customer support messages that align with the specified intent and style. The messages should reflect varying levels of difficulty, ambiguity, and noise, capturing a range of scenarios, including both common and rare situations. Ensure the tone varies from formal to informal, incorporating emotional expressions where appropriate. Messages should be concise but can also be verbose when necessary, avoiding repetitive structures or phrasings. Output a JSON object containing the sample id, the text, and the attribute values.\n\nForbidden phrasings: \n- \"I\u2019m having trouble\"\n- \"Can you help me with this?\"\n- \"I need assistance\"\n- \"My issue is\"\n- \"I want to know\"\n- \"I\u2019m frustrated with\"\n\nEach message must include specific details relevant to the scenario, such as technical problems, account issues, or general inquiries. Aim for a balance of straightforward and complex inquiries, ensuring some messages reflect ambiguity and noise, such as typos or informal language. Consider various customer emotions and perspectives to create a well-rounded set of samples. Strive for authenticity by incorporating personal touches and avoiding overly structured language that may detract from realism. Include a mix of intents, particularly focusing on account issues, and ensure a variety of styles to enhance diversity.\"\"\"\"\"",