{
  "attribute_match_rate": 0.0625,
  "discriminator_accuracy": 1.0,
  "synthetic_detection_rate": 1.0,
  "near_duplicate_rate": 0.15,
  "combination_coverage": 0.6666666666666666,
  "entropy/intent": 0.9592101522724051,
  "entropy/difficulty": 0.9850568223215079,
  "entropy/ambiguity": 0.9497012164384108,
  "entropy/style": 0.8156631257730544,
  "entropy/noise": 0.9080636898218125,
  "entropy/scenario_type": 0.8957541375001009,
  "coverage/intent": 1.0,
  "coverage/difficulty": 1.0,
  "coverage/ambiguity": 1.0,
  "coverage/style": 0.8333333333333334,
  "coverage/noise": 1.0,
  "coverage/scenario_type": 1.0,
  "mode_seeking_ratio": 0.23397184719389466,
  "text_distance_mean": 0.9454109907702162,
  "banned_phrasings_total": 8.0,
  "banned_phrasings_new": 4.0,
  "coverage_classifier_auroc": 1.0
}