{
  "mode_seeking_ratio": 0.2225059810767658,
  "n_pairs": 120,
  "text_distance_mean": 0.8911933630385195,
  "target_distance_mean": 4.375,
  "attribute_sensitivity": {
    "style": 0.9412289078321687,
    "difficulty": 0.0,
    "noise": 0.0,
    "ambiguity": 0.0,
    "scenario_type": 0.0,
    "intent": 0.0
  }
}