{
  "attribute_match_rate": 0.6956521739130435,
  "discriminator_accuracy": 0.5217391304347826,
  "synthetic_detection_rate": 0.5217391304347826,
  "near_duplicate_rate": 0.25,
  "combination_coverage": 0.8333333333333334,
  "entropy/intent": 0.9849269366259108,
  "entropy/difficulty": 0.9982526816976661,
  "entropy/ambiguity": 0.9154212059212886,
  "entropy/style": 0.9841517646228418,
  "entropy/noise": 0.9623366843150859,
  "entropy/scenario_type": 0.8950252083920531,
  "coverage/intent": 1.0,
  "coverage/difficulty": 1.0,
  "coverage/ambiguity": 1.0,
  "coverage/style": 1.0,
  "coverage/noise": 1.0,
  "coverage/scenario_type": 1.0,
  "pack_accuracy": 0.5,
  "pack_confidence": 0.0,
  "mode_seeking_ratio": 0.2288080265878207,
  "text_distance_mean": 0.9538979255713017,
  "banned_phrasings_total": 0.0,
  "banned_phrasings_new": 0.0,
  "coverage_classifier_auroc": 0.5
}