{
  "attribute_match_rate": 0.6956521739130435,
  "discriminator_accuracy": 0.30434782608695654,
  "synthetic_detection_rate": 0.30434782608695654,
  "near_duplicate_rate": 0.25,
  "combination_coverage": 1.0,
  "entropy/intent": 0.9986359641585719,
  "entropy/difficulty": 0.940725014049597,
  "entropy/polarity_intensity": 0.9782534167892908,
  "entropy/style": 0.9841517646228418,
  "entropy/noise": 0.9486586303348536,
  "entropy/scenario_type": 0.9237794341096142,
  "coverage/intent": 1.0,
  "coverage/difficulty": 1.0,
  "coverage/polarity_intensity": 1.0,
  "coverage/style": 1.0,
  "coverage/noise": 1.0,
  "coverage/scenario_type": 1.0,
  "pack_accuracy": 0.5,
  "pack_confidence": 0.0,
  "mode_seeking_ratio": 0.247369665643838,
  "text_distance_mean": 0.9645473015379235,
  "banned_phrasings_total": 0.0,
  "banned_phrasings_new": 0.0,
  "coverage_classifier_auroc": 0.5
}