{
  "attribute_match_rate": 0.6956521739130435,
  "discriminator_accuracy": 0.782608695652174,
  "synthetic_detection_rate": 0.782608695652174,
  "near_duplicate_rate": 0.25,
  "combination_coverage": 0.7777777777777778,
  "entropy/intent": 0.9910581831938824,
  "entropy/difficulty": 0.9876197168461961,
  "entropy/ambiguity": 0.8539309314862878,
  "entropy/style": 0.9787122437557368,
  "entropy/noise": 0.9863237070924825,
  "entropy/scenario_type": 0.9131048906957293,
  "coverage/intent": 1.0,
  "coverage/difficulty": 1.0,
  "coverage/ambiguity": 1.0,
  "coverage/style": 1.0,
  "coverage/noise": 1.0,
  "coverage/scenario_type": 1.0,
  "pack_accuracy": 0.5,
  "pack_confidence": 0.0,
  "mode_seeking_ratio": 0.2330970879529648,
  "text_distance_mean": 0.9590061753279518,
  "banned_phrasings_total": 0.0,
  "banned_phrasings_new": 0.0,
  "coverage_classifier_auroc": 0.5
}