{
  "run_dir": "E:\\Projects\\PromptForge\\experiments\\loo_run_002_seed17\\no_coverage_hole\\20260602T072821Z",
  "n_iterations": 3,
  "final_prompt_version": 2,
  "metric_history": [
    {
      "iteration": 0.0,
      "attribute_match_rate": 0.0625,
      "discriminator_accuracy": 1.0,
      "synthetic_detection_rate": 1.0,
      "near_duplicate_rate": 0.15,
      "combination_coverage": 0.6,
      "entropy/intent": 0.9080636898218125,
      "entropy/difficulty": 0.9755307720176264,
      "entropy/ambiguity": 0.8387794678549644,
      "entropy/style": 0.9218145574751188,
      "entropy/noise": 0.9954133073923868,
      "entropy/scenario_type": 0.707676529682256,
      "coverage/intent": 1.0,
      "coverage/difficulty": 1.0,
      "coverage/ambiguity": 1.0,
      "coverage/style": 1.0,
      "coverage/noise": 1.0,
      "coverage/scenario_type": 1.0,
      "pack_accuracy": 0.625,
      "pack_confidence": 0.88125,
      "mode_seeking_ratio": 0.24236879062954184,
      "text_distance_mean": 0.9500324665684532,
      "banned_phrasings_total": 4.0,
      "banned_phrasings_new": 4.0
    },
    {
      "iteration": 1.0,
      "attribute_match_rate": 0.0625,
      "discriminator_accuracy": 0.5833333333333334,
      "synthetic_detection_rate": 0.25,
      "near_duplicate_rate": 0.15,
      "combination_coverage": 0.6,
      "entropy/intent": 0.796580116665631,
      "entropy/difficulty": 0.9497012164384108,
      "entropy/ambiguity": 0.9497012164384108,
      "entropy/style": 0.8156631257730544,
      "entropy/noise": 0.9256951044610051,
      "entropy/scenario_type": 0.9497012164384108,
      "coverage/intent": 0.8,
      "coverage/difficulty": 1.0,
      "coverage/ambiguity": 1.0,
      "coverage/style": 0.8333333333333334,
      "coverage/noise": 1.0,
      "coverage/scenario_type": 1.0,
      "pack_accuracy": 0.875,
      "pack_confidence": 0.89375,
      "mode_seeking_ratio": 0.24247504036149514,
      "text_distance_mean": 0.9540250557240871,
      "banned_phrasings_total": 8.0,
      "banned_phrasings_new": 4.0
    },
    {
      "iteration": 2.0,
      "attribute_match_rate": 0.1875,
      "discriminator_accuracy": 1.0,
      "synthetic_detection_rate": 1.0,
      "near_duplicate_rate": 0.15,
      "combination_coverage": 0.8,
      "entropy/intent": 0.9592101522724051,
      "entropy/difficulty": 0.9497012164384108,
      "entropy/ambiguity": 0.9497012164384108,
      "entropy/style": 0.8156631257730544,
      "entropy/noise": 0.796580116665631,
      "entropy/scenario_type": 0.9755307720176264,
      "coverage/intent": 1.0,
      "coverage/difficulty": 1.0,
      "coverage/ambiguity": 1.0,
      "coverage/style": 0.8333333333333334,
      "coverage/noise": 0.8,
      "coverage/scenario_type": 1.0,
      "pack_accuracy": 0.625,
      "pack_confidence": 0.9,
      "mode_seeking_ratio": 0.2295746869145632,
      "text_distance_mean": 0.9407325589868953,
      "banned_phrasings_total": 12.0,
      "banned_phrasings_new": 4.0
    }
  ],
  "prompt_history": [
    {
      "version": 0,
      "iteration": 0,
      "prompt": "Generate realistic customer support messages that match the requested intent\nand style. The example should be plausible for a customer support channel\n(email, chat, in-app form). Keep it short to medium length. Output a JSON\nobject with the sample id, the text, and the attribute values.\n",
      "motivation": "initial prompt",
      "feedback_summary": {},
      "timestamp": "2026-06-02T07:28:21.966817+00:00"
    },
    {
      "version": 1,
      "iteration": 1,
      "prompt": "\"\"\"Generate realistic customer support messages that reflect diverse intents and styles, suitable for various customer support channels (email, chat, in-app form). Ensure messages are plausible, concise, and exhibit a range of emotional tones and scenarios, including edge cases. The output should be a JSON object containing the sample id, the text, and the attribute values.\n\nPlease adhere to the following guidelines:\n- Vary sentence structure and phrasing to avoid repetition and near-duplicates.\n- Include a mix of common and rare scenarios, ensuring medium difficulty and ambiguity in requests.\n- Avoid overly formal or informal language; aim for a conversational yet professional tone.\n- Introduce elements of personal context and emotional nuance to enhance realism.\n- Ensure clarity in intent while allowing for some ambiguity to reflect real customer experiences.\n\nForbidden phrasings:\n- 'I really dislike the idea of store credit'\n- 'I thought it was just my phone at first'\n- 'I need to access my acc'\n- 'Can I please just get a refund instead?'\n\"\"\"",
      "motivation": "The batch of synthetic samples demonstrates a comprehensive coverage of the attribute schema, with all modes represented. However, there are instances of near-duplicate phrasings and some missing details in certain samples.",
      "feedback_summary": {
        "iteration": 0,
        "n_attribute_failures": 15,
        "n_realism_artifacts": 10,
        "near_duplicate_rate": 0.15,
        "pack_accuracy": 0.625,
        "mode_seeking_ratio": 0.24236879062954184,
        "n_banned_phrasings": 4,
        "missing_modes": [],
        "overrepresented_modes": [
          "refund_request",
          "technical_problem"
        ],
        "metrics": {
          "attribute_match_rate": 0.0625,
          "discriminator_accuracy": 1.0,
          "synthetic_detection_rate": 1.0,
          "near_duplicate_rate": 0.15,
          "combination_coverage": 0.6,
          "entropy/intent": 0.9080636898218125,
          "entropy/difficulty": 0.9755307720176264,
          "entropy/ambiguity": 0.8387794678549644,
          "entropy/style": 0.9218145574751188,
          "entropy/noise": 0.9954133073923868,
          "entropy/scenario_type": 0.707676529682256,
          "coverage/intent": 1.0,
          "coverage/difficulty": 1.0,
          "coverage/ambiguity": 1.0,
          "coverage/style": 1.0,
          "coverage/noise": 1.0,
          "coverage/scenario_type": 1.0,
          "pack_accuracy": 0.625,
          "pack_confidence": 0.88125,
          "mode_seeking_ratio": 0.24236879062954184,
          "text_distance_mean": 0.9500324665684532,
          "banned_phrasings_total": 4.0,
          "banned_phrasings_new": 4.0
        }
      },
      "timestamp": "2026-06-02T07:30:05.272093+00:00"
    },
    {
      "version": 2,
      "iteration": 2,
      "prompt": "\"\"\"\"\"\"Generate realistic customer support messages that reflect diverse intents and styles, suitable for various customer support channels (email, chat, in-app form). Ensure messages are plausible, concise, and exhibit a range of emotional tones and scenarios, including edge cases. The output should be a JSON object containing the sample id, the text, and the attribute values.\n\nPlease adhere to the following guidelines:\n- Vary sentence structure and phrasing to avoid repetition and near-duplicates.\n- Include a mix of common and rare scenarios, ensuring medium difficulty and ambiguity in requests.\n- Aim for a conversational yet professional tone, avoiding overly formal or informal language.\n- Introduce personal context and emotional nuance to enhance realism, while maintaining clarity in intent and allowing for some ambiguity.\n- Incorporate a variety of intents, including refund requests, and styles, including verbose expressions.\n\nForbidden phrasings:\n- 'I really dislike the idea of store credit'\n- 'I thought it was just my phone at first'\n- 'I need to access my acc'\n- 'Can I please just get a refund instead?'\n- 'Hey, so I was wondering'\n- \"I can't believe I still can't\"\n- 'I was extremly displeased'\n- 'Just curious.'\n\nEnsure that messages reflect a balance of emotional, informal, and verbose styles, while also addressing technical issues and general inquiries. Strive for a diverse representation of customer experiences and intents to create a rich dataset.",