{
  "attribute_match_rate": 0.0,
  "discriminator_accuracy": 0.9166666666666666,
  "synthetic_detection_rate": 1.0,
  "near_duplicate_rate": 0.15,
  "combination_coverage": 0.5555555555555556,
  "entropy/intent": 0.9099617502405772,
  "entropy/difficulty": 0.9965119062478287,
  "entropy/ambiguity": 0.8620485698650452,
  "entropy/style": 0.810901968858509,
  "entropy/noise": 0.9681390622295665,
  "entropy/scenario_type": 0.9886085007312413,
  "coverage/intent": 1.0,
  "coverage/difficulty": 1.0,
  "coverage/ambiguity": 1.0,
  "coverage/style": 0.8,
  "coverage/noise": 1.0,
  "coverage/scenario_type": 1.0,
  "pack_accuracy": 0.6666666666666666,
  "pack_confidence": 0.8833333333333333,
  "mode_seeking_ratio": 0.22536668858755698,
  "text_distance_mean": 0.9495456531384072,
  "banned_phrasings_total": 1.0,
  "banned_phrasings_new": 0.0,
  "coverage_classifier_auroc": 1.0
}