{
  "run_dir": "E:\\Projects\\PromptForge\\experiments\\sim_run_002_seed17\\diversity_only\\20260601T053917Z",
  "n_iterations": 3,
  "final_prompt_version": 1,
  "metric_history": [
    {
      "iteration": 0.0,
      "attribute_match_rate": 0.0,
      "discriminator_accuracy": 0.5,
      "synthetic_detection_rate": 0.5,
      "near_duplicate_rate": 0.0,
      "combination_coverage": 0.6,
      "entropy/intent": 0.9080636898218125,
      "entropy/difficulty": 0.9755307720176264,
      "entropy/ambiguity": 0.8387794678549644,
      "entropy/style": 0.9218145574751188,
      "entropy/noise": 0.9954133073923868,
      "entropy/scenario_type": 0.707676529682256,
      "coverage/intent": 1.0,
      "coverage/difficulty": 1.0,
      "coverage/ambiguity": 1.0,
      "coverage/style": 1.0,
      "coverage/noise": 1.0,
      "coverage/scenario_type": 1.0,
      "mode_seeking_ratio": 0.22791728167238728,
      "text_distance_mean": 0.899489939385752,
      "coverage_classifier_auroc": 1.0
    },
    {
      "iteration": 1.0,
      "attribute_match_rate": 0.0,
      "discriminator_accuracy": 0.5,
      "synthetic_detection_rate": 0.5,
      "near_duplicate_rate": 0.0,
      "combination_coverage": 0.6,
      "entropy/intent": 0.796580116665631,
      "entropy/difficulty": 0.9497012164384108,
      "entropy/ambiguity": 0.9497012164384108,
      "entropy/style": 0.8156631257730544,
      "entropy/noise": 0.9256951044610051,
      "entropy/scenario_type": 0.9497012164384108,
      "coverage/intent": 0.8,
      "coverage/difficulty": 1.0,
      "coverage/ambiguity": 1.0,
      "coverage/style": 0.8333333333333334,
      "coverage/noise": 1.0,
      "coverage/scenario_type": 1.0,
      "mode_seeking_ratio": 0.23192665797686388,
      "text_distance_mean": 0.9098227473123826,
      "coverage_classifier_auroc": 1.0
    },
    {
      "iteration": 2.0,
      "attribute_match_rate": 0.0,
      "discriminator_accuracy": 0.5,
      "synthetic_detection_rate": 0.5,
      "near_duplicate_rate": 0.125,
      "combination_coverage": 0.8,
      "entropy/intent": 0.9592101522724051,
      "entropy/difficulty": 0.9497012164384108,
      "entropy/ambiguity": 0.9497012164384108,
      "entropy/style": 0.8156631257730544,
      "entropy/noise": 0.796580116665631,
      "entropy/scenario_type": 0.9755307720176264,
      "coverage/intent": 1.0,
      "coverage/difficulty": 1.0,
      "coverage/ambiguity": 1.0,
      "coverage/style": 0.8333333333333334,
      "coverage/noise": 0.8,
      "coverage/scenario_type": 1.0,
      "mode_seeking_ratio": 0.2169531323978447,
      "text_distance_mean": 0.8991377947154898,
      "coverage_classifier_auroc": 1.0
    }
  ],
  "prompt_history": [
    {
      "version": 0,
      "iteration": 0,
      "prompt": "Generate realistic customer support messages that match the requested\nintent and style. The example should be plausible for a customer support\nchannel (email, chat, in-app form). Keep it short to medium length. Output\na JSON object with the sample id, the text, and the attribute values.\n",
      "motivation": "initial prompt",
      "feedback_summary": {},
      "timestamp": "2026-06-01T05:39:17.689353+00:00"
    },
    {
      "version": 1,
      "iteration": 1,
      "prompt": "Generate realistic customer support messages that match the requested\nintent and style. The example should be plausible for a customer support\nchannel (email, chat, in-app form). Keep it short to medium length. Output\na JSON object with the sample id, the text, and the attribute values.\n\nStyle and constraints (added by updater):\n- Include rare and edge_case scenario types, fragmented and emotional styles, and varied noise levels including typos and missing_details.\n- Each requested attribute change must produce a visible surface change in the text. Rotate openers per sample.\n- Match the style and surface form of any provided real exemplars.",
      "motivation": "critic-guided rewrite",
      "feedback_summary": {
        "iteration": 0,
        "n_attribute_failures": 0,
        "n_realism_artifacts": 0,
        "near_duplicate_rate": 0.0,
        "pack_accuracy": null,
        "mode_seeking_ratio": 0.22791728167238728,
        "n_banned_phrasings": 0,
        "missing_modes": [],
        "overrepresented_modes": [],
        "metrics": {
          "attribute_match_rate": 0.0,
          "discriminator_accuracy": 0.5,
          "synthetic_detection_rate": 0.5,
          "near_duplicate_rate": 0.0,
          "combination_coverage": 0.6,
          "entropy/intent": 0.9080636898218125,
          "entropy/difficulty": 0.9755307720176264,
          "entropy/ambiguity": 0.8387794678549644,
          "entropy/style": 0.9218145574751188,
          "entropy/noise": 0.9954133073923868,
          "entropy/scenario_type": 0.707676529682256,
          "coverage/intent": 1.0,
          "coverage/difficulty": 1.0,
          "coverage/ambiguity": 1.0,
          "coverage/style": 1.0,
          "coverage/noise": 1.0,
          "coverage/scenario_type": 1.0,
          "mode_seeking_ratio": 0.22791728167238728,
          "text_distance_mean": 0.899489939385752,
          "coverage_classifier_auroc": 1.0
        }
      },
      "timestamp": "2026-06-01T05:39:17.715620+00:00"
    }
  ]
}