{
  "mode_seeking_ratio": 0.23839784049846488,
  "n_pairs": 120,
  "text_distance_mean": 0.962998490985148,
  "target_distance_mean": 4.4,
  "attribute_sensitivity": {
    "scenario_type": 0.0,
    "style": 0.956099997186196,
    "noise": 0.0,
    "intent": 0.0,
    "ambiguity": 0.0,
    "difficulty": 0.0
  }
}