{
  "run_dir": "E:\\Projects\\PromptForge\\experiments\\loo_run_002_seed137\\no_coverage_hole\\20260602T102626Z",
  "n_iterations": 3,
  "final_prompt_version": 2,
  "metric_history": [
    {
      "iteration": 0.0,
      "attribute_match_rate": 0.0,
      "discriminator_accuracy": 1.0,
      "synthetic_detection_rate": 1.0,
      "near_duplicate_rate": 0.15,
      "combination_coverage": 0.7333333333333333,
      "entropy/intent": 0.9487027337173605,
      "entropy/difficulty": 0.9755307720176264,
      "entropy/ambiguity": 0.946394630357186,
      "entropy/style": 0.9306282244165779,
      "entropy/noise": 0.8410335941990121,
      "entropy/scenario_type": 0.9850568223215079,
      "coverage/intent": 1.0,
      "coverage/difficulty": 1.0,
      "coverage/ambiguity": 1.0,
      "coverage/style": 1.0,
      "coverage/noise": 1.0,
      "coverage/scenario_type": 1.0,
      "pack_accuracy": 0.625,
      "pack_confidence": 0.875,
      "mode_seeking_ratio": 0.24313028571149148,
      "text_distance_mean": 0.9609737029554754,
      "banned_phrasings_total": 4.0,
      "banned_phrasings_new": 4.0
    },
    {
      "iteration": 1.0,
      "attribute_match_rate": 0.0,
      "discriminator_accuracy": 0.7083333333333334,
      "synthetic_detection_rate": 0.2222222222222222,
      "near_duplicate_rate": 0.15,
      "combination_coverage": 0.6666666666666666,
      "entropy/intent": 0.9592101522724051,
      "entropy/difficulty": 0.9850568223215079,
      "entropy/ambiguity": 0.9497012164384108,
      "entropy/style": 0.8156631257730544,
      "entropy/noise": 0.9080636898218125,
      "entropy/scenario_type": 0.8957541375001009,
      "coverage/intent": 1.0,
      "coverage/difficulty": 1.0,
      "coverage/ambiguity": 1.0,
      "coverage/style": 0.8333333333333334,
      "coverage/noise": 1.0,
      "coverage/scenario_type": 1.0,
      "pack_accuracy": 0.625,
      "pack_confidence": 0.89375,
      "mode_seeking_ratio": 0.23371859717525859,
      "text_distance_mean": 0.9438164205978126,
      "banned_phrasings_total": 8.0,
      "banned_phrasings_new": 4.0
    },
    {
      "iteration": 2.0,
      "attribute_match_rate": 0.0,
      "discriminator_accuracy": 0.875,
      "synthetic_detection_rate": 0.7,
      "near_duplicate_rate": 0.15,
      "combination_coverage": 0.6666666666666666,
      "entropy/intent": 0.9822177815287606,
      "entropy/difficulty": 0.9755307720176264,
      "entropy/ambiguity": 0.8387794678549644,
      "entropy/style": 0.8521669194428305,
      "entropy/noise": 0.8339095981148644,
      "entropy/scenario_type": 0.9850568223215079,
      "coverage/intent": 1.0,
      "coverage/difficulty": 1.0,
      "coverage/ambiguity": 1.0,
      "coverage/style": 0.8333333333333334,
      "coverage/noise": 0.8,
      "coverage/scenario_type": 1.0,
      "pack_accuracy": 0.5,
      "pack_confidence": 0.8875,
      "mode_seeking_ratio": 0.2366134182509476,
      "text_distance_mean": 0.9539959285886804,
      "banned_phrasings_total": 12.0,
      "banned_phrasings_new": 4.0
    }
  ],
  "prompt_history": [
    {
      "version": 0,
      "iteration": 0,
      "prompt": "Generate realistic customer support messages that match the requested intent\nand style. The example should be plausible for a customer support channel\n(email, chat, in-app form). Keep it short to medium length. Output a JSON\nobject with the sample id, the text, and the attribute values.\n",
      "motivation": "initial prompt",
      "feedback_summary": {},
      "timestamp": "2026-06-02T10:26:26.639326+00:00"
    },
    {
      "version": 1,
      "iteration": 1,
      "prompt": "\"\"\"Generate realistic customer support messages that match the requested intent and style, incorporating a variety of phrasing and scenarios. The messages should reflect a range of difficulties, from common inquiries to edge cases, and include varying levels of ambiguity. Ensure the text is plausible for a customer support channel (email, chat, in-app form) and can include informal, fragmented, or emotional styles, but avoid overly polished or generic phrasing. Output a JSON object with the sample id, the text, and the attribute values.\n\nForbidden phrasings:\n- 'I just feel so overwhelmed'\n- \"I can't believe I had to wait so long\"\n- 'I really dont like this new update'\n- \"What do I even do if I can't get it right?!\"\n\nPlease include typos or informal language to reflect realistic customer interactions, and ensure the messages are diverse in structure and content to minimize near-duplicates. Aim for a mix of direct requests and more complex scenarios, with attention to maintaining the integrity of the attributes while enhancing the realism and diversity of the samples.\"\"\"",
      "motivation": "The batch of synthetic samples demonstrates a good coverage of attribute values, but there are instances of near-duplicate phrasings and some overrepresented modes. The diversity could be improved by incorporating more edge cases and varying the phrasing styles.",
      "feedback_summary": {
        "iteration": 0,
        "n_attribute_failures": 16,
        "n_realism_artifacts": 9,
        "near_duplicate_rate": 0.15,
        "pack_accuracy": 0.625,
        "mode_seeking_ratio": 0.24313028571149148,
        "n_banned_phrasings": 4,
        "missing_modes": [],
        "overrepresented_modes": [
          "fragmented",
          "informal",
          "hard difficulty"
        ],
        "metrics": {
          "attribute_match_rate": 0.0,
          "discriminator_accuracy": 1.0,
          "synthetic_detection_rate": 1.0,
          "near_duplicate_rate": 0.15,
          "combination_coverage": 0.7333333333333333,
          "entropy/intent": 0.9487027337173605,
          "entropy/difficulty": 0.9755307720176264,
          "entropy/ambiguity": 0.946394630357186,
          "entropy/style": 0.9306282244165779,
          "entropy/noise": 0.8410335941990121,
          "entropy/scenario_type": 0.9850568223215079,
          "coverage/intent": 1.0,
          "coverage/difficulty": 1.0,
          "coverage/ambiguity": 1.0,
          "coverage/style": 1.0,
          "coverage/noise": 1.0,
          "coverage/scenario_type": 1.0,
          "pack_accuracy": 0.625,
          "pack_confidence": 0.875,
          "mode_seeking_ratio": 0.24313028571149148,
          "text_distance_mean": 0.9609737029554754,
          "banned_phrasings_total": 4.0,
          "banned_phrasings_new": 4.0
        }
      },
      "timestamp": "2026-06-02T10:28:31.931625+00:00"
    },
    {
      "version": 2,
      "iteration": 2,
      "prompt": "\"\"\"\"\"\"Generate realistic customer support messages that align with the requested intent and style, featuring a variety of phrasing and scenarios. The messages should cover a spectrum of difficulties, from common inquiries to complex edge cases, and include varying levels of ambiguity. Ensure the text is plausible for a customer support channel (email, chat, in-app form) and can incorporate informal, fragmented, emotional, or formal styles, while avoiding overly polished or generic language. Output a JSON object with the sample id, the text, and the attribute values.\n\nForbidden phrasings:\n- 'I just feel so overwhelmed'\n- \"I can't believe I had to wait so long\"\n- 'I really dont like this new update'\n- \"What do I even do if I can't get it right?!\"\n- 'like,'\n- 'I thought I'\n- 'Can someone help me'\n- 'I\u2019m really confused'\n\nInclude typos or informal language to reflect realistic customer interactions. Ensure a diverse range of structures and content to minimize near-duplicates. Aim for a balanced mix of direct requests, emotional expressions, and formal inquiries, with attention to maintaining the integrity of the attributes while enhancing realism and diversity in the samples. Avoid repetitive patterns and encourage the inclusion of both common and rare scenarios to broaden the range of use cases represented.\"\"\"\"\"\"",