{
  "run_dir": "E:\\Projects\\PromptForge\\experiments\\loo_run_002_seed137\\no_pack\\20260602T100901Z",
  "n_iterations": 3,
  "final_prompt_version": 2,
  "metric_history": [
    {
      "iteration": 0.0,
      "attribute_match_rate": 0.0,
      "discriminator_accuracy": 1.0,
      "synthetic_detection_rate": 1.0,
      "near_duplicate_rate": 0.25,
      "combination_coverage": 0.7333333333333333,
      "entropy/intent": 0.9487027337173605,
      "entropy/difficulty": 0.9755307720176264,
      "entropy/ambiguity": 0.946394630357186,
      "entropy/style": 0.9306282244165779,
      "entropy/noise": 0.8410335941990121,
      "entropy/scenario_type": 0.9850568223215079,
      "coverage/intent": 1.0,
      "coverage/difficulty": 1.0,
      "coverage/ambiguity": 1.0,
      "coverage/style": 1.0,
      "coverage/noise": 1.0,
      "coverage/scenario_type": 1.0,
      "mode_seeking_ratio": 0.23503722392017729,
      "text_distance_mean": 0.942135261463881,
      "banned_phrasings_total": 4.0,
      "banned_phrasings_new": 4.0,
      "coverage_classifier_auroc": 1.0
    },
    {
      "iteration": 1.0,
      "attribute_match_rate": 0.0625,
      "discriminator_accuracy": 1.0,
      "synthetic_detection_rate": 1.0,
      "near_duplicate_rate": 0.15,
      "combination_coverage": 0.6666666666666666,
      "entropy/intent": 0.9592101522724051,
      "entropy/difficulty": 0.9850568223215079,
      "entropy/ambiguity": 0.9497012164384108,
      "entropy/style": 0.8156631257730544,
      "entropy/noise": 0.9080636898218125,
      "entropy/scenario_type": 0.8957541375001009,
      "coverage/intent": 1.0,
      "coverage/difficulty": 1.0,
      "coverage/ambiguity": 1.0,
      "coverage/style": 0.8333333333333334,
      "coverage/noise": 1.0,
      "coverage/scenario_type": 1.0,
      "mode_seeking_ratio": 0.23397184719389466,
      "text_distance_mean": 0.9454109907702162,
      "banned_phrasings_total": 8.0,
      "banned_phrasings_new": 4.0,
      "coverage_classifier_auroc": 1.0
    },
    {
      "iteration": 2.0,
      "attribute_match_rate": 0.0625,
      "discriminator_accuracy": 0.9166666666666666,
      "synthetic_detection_rate": 0.8,
      "near_duplicate_rate": 0.15,
      "combination_coverage": 0.6666666666666666,
      "entropy/intent": 0.9822177815287606,
      "entropy/difficulty": 0.9755307720176264,
      "entropy/ambiguity": 0.8387794678549644,
      "entropy/style": 0.8521669194428305,
      "entropy/noise": 0.8339095981148644,
      "entropy/scenario_type": 0.9850568223215079,
      "coverage/intent": 1.0,
      "coverage/difficulty": 1.0,
      "coverage/ambiguity": 1.0,
      "coverage/style": 0.8333333333333334,
      "coverage/noise": 0.8,
      "coverage/scenario_type": 1.0,
      "mode_seeking_ratio": 0.2343953658014519,
      "text_distance_mean": 0.9462819160107578,
      "banned_phrasings_total": 11.0,
      "banned_phrasings_new": 3.0,
      "coverage_classifier_auroc": 1.0
    }
  ],
  "prompt_history": [
    {
      "version": 0,
      "iteration": 0,
      "prompt": "Generate realistic customer support messages that match the requested intent\nand style. The example should be plausible for a customer support channel\n(email, chat, in-app form). Keep it short to medium length. Output a JSON\nobject with the sample id, the text, and the attribute values.\n",
      "motivation": "initial prompt",
      "feedback_summary": {},
      "timestamp": "2026-06-02T10:09:01.952732+00:00"
    },
    {
      "version": 1,
      "iteration": 1,
      "prompt": "\"\"\"Generate realistic customer support messages that match the requested intent and style. The messages should reflect a range of scenarios, including general questions, account issues, and technical problems, while maintaining a balance of formality and emotional expression. Ensure the text is plausible for a customer support channel (email, chat, in-app form) and includes specific details relevant to the situation. Aim for short to medium length, with varied phrasing to enhance uniqueness. Output a JSON object with the sample id, the text, and the attribute values.\n\nForbidden phrasings:\n- \"I can't believe this!\"\n- 'I just want to know why'\n- 'Can I get my money back?'\n- 'I love your website!'\n\nPlease ensure the following attributes are represented:\n- Intent: Cover a mix of general questions, account issues, and technical inquiries.\n- Difficulty: Include a range from easy to moderate challenges.\n- Ambiguity: Strive for low ambiguity in most cases, but include a few scenarios with higher ambiguity.\n- Style: Vary between formal and informal tones, incorporating emotional responses where appropriate.\n- Noise: Maintain clarity, avoiding typos or overly polished language.\n\nEncourage the inclusion of edge cases and rare scenarios to enhance diversity while ensuring all attribute values are represented effectively. Aim for a diverse set of expressions and avoid near-duplicate phrasings.\"\"\"",
      "motivation": "The batch of synthetic samples covers all attribute values, but there are some near-duplicate phrasings and a few edge cases that could be better represented. The diversity is generally good, but there is room for improvement in unique expressions.",
      "feedback_summary": {
        "iteration": 0,
        "n_attribute_failures": 16,
        "n_realism_artifacts": 9,
        "near_duplicate_rate": 0.25,
        "pack_accuracy": null,
        "mode_seeking_ratio": 0.23503722392017729,
        "n_banned_phrasings": 4,
        "missing_modes": [],
        "overrepresented_modes": [
          "fragmented",
          "informal"
        ],
        "metrics": {
          "attribute_match_rate": 0.0,
          "discriminator_accuracy": 1.0,
          "synthetic_detection_rate": 1.0,
          "near_duplicate_rate": 0.25,
          "combination_coverage": 0.7333333333333333,
          "entropy/intent": 0.9487027337173605,
          "entropy/difficulty": 0.9755307720176264,
          "entropy/ambiguity": 0.946394630357186,
          "entropy/style": 0.9306282244165779,
          "entropy/noise": 0.8410335941990121,
          "entropy/scenario_type": 0.9850568223215079,
          "coverage/intent": 1.0,
          "coverage/difficulty": 1.0,
          "coverage/ambiguity": 1.0,
          "coverage/style": 1.0,
          "coverage/noise": 1.0,
          "coverage/scenario_type": 1.0,
          "mode_seeking_ratio": 0.23503722392017729,
          "text_distance_mean": 0.942135261463881,
          "banned_phrasings_total": 4.0,
          "banned_phrasings_new": 4.0,
          "coverage_classifier_auroc": 1.0
        }
      },
      "timestamp": "2026-06-02T10:10:46.075876+00:00"
    },
    {
      "version": 2,
      "iteration": 2,