{
  "attribute_match_rate": 0.0,
  "discriminator_accuracy": 0.4166666666666667,
  "synthetic_detection_rate": 0.75,
  "near_duplicate_rate": 0.25,
  "combination_coverage": 1.0,
  "entropy/intent": 0.8112781244591328,
  "entropy/difficulty": 0.8957541375001009,
  "entropy/polarity_intensity": 0.946394630357186,
  "entropy/style": 0.8285333834977017,
  "entropy/noise": 0.9618974703476993,
  "entropy/scenario_type": 0.9607329284860076,
  "coverage/intent": 1.0,
  "coverage/difficulty": 1.0,
  "coverage/polarity_intensity": 1.0,
  "coverage/style": 0.8,
  "coverage/noise": 1.0,
  "coverage/scenario_type": 1.0
}