{
  "mode_seeking_ratio": 0.27380867492978084,
  "n_pairs": 120,
  "text_distance_mean": 0.9687103410027137,
  "target_distance_mean": 4.15,
  "attribute_sensitivity": {
    "polarity_intensity": 0.0,
    "intent": 0.0,
    "noise": 0.9898488935813496,
    "difficulty": 0.8281751201404847,
    "style": 0.9466500556168972,
    "scenario_type": 0.0
  }
}