{
  "attribute_match_rate": 0.5,
  "discriminator_accuracy": 0.4583333333333333,
  "synthetic_detection_rate": 0.4583333333333333,
  "near_duplicate_rate": 0.25,
  "combination_coverage": 0.7222222222222222,
  "entropy/intent": 0.9835660090431769,
  "entropy/difficulty": 0.9680589902708631,
  "entropy/ambiguity": 0.8722208507618188,
  "entropy/style": 0.947844078102191,
  "entropy/noise": 0.9553810531234106,
  "entropy/scenario_type": 0.9856259180022331,
  "coverage/intent": 1.0,
  "coverage/difficulty": 1.0,
  "coverage/ambiguity": 1.0,
  "coverage/style": 1.0,
  "coverage/noise": 1.0,
  "coverage/scenario_type": 1.0,
  "pack_accuracy": 0.5,
  "pack_confidence": 0.0,
  "mode_seeking_ratio": 0.22732617630972998,
  "text_distance_mean": 0.9478365893541586,
  "banned_phrasings_total": 0.0,
  "banned_phrasings_new": 0.0,
  "coverage_classifier_auroc": 0.5
}