{
  "mode_seeking_ratio": 0.22732617630972998,
  "n_pairs": 276,
  "text_distance_mean": 0.9478365893541586,
  "target_distance_mean": 4.456521739130435,
  "attribute_sensitivity": {
    "scenario_type": 0.0,
    "difficulty": 0.0,
    "noise": 0.0,
    "style": 0.0,
    "intent": 0.0,
    "ambiguity": 0.6924097363170852
  }
}