{
  "attribute_match_rate": 0.0,
  "discriminator_accuracy": 0.8333333333333334,
  "synthetic_detection_rate": 1.0,
  "near_duplicate_rate": 0.15,
  "combination_coverage": 0.6111111111111112,
  "entropy/intent": 0.9400664543100068,
  "entropy/difficulty": 0.9850568223215079,
  "entropy/ambiguity": 0.9320201587042913,
  "entropy/style": 0.9283832117695864,
  "entropy/noise": 0.9414280318460244,
  "entropy/scenario_type": 0.9528195311147832,
  "coverage/intent": 1.0,
  "coverage/difficulty": 1.0,
  "coverage/ambiguity": 1.0,
  "coverage/style": 1.0,
  "coverage/noise": 1.0,
  "coverage/scenario_type": 1.0,
  "pack_accuracy": 0.6666666666666666,
  "pack_confidence": 0.8666666666666667,
  "mode_seeking_ratio": 0.23031996440068678,
  "text_distance_mean": 0.9685567089270848,
  "banned_phrasings_total": 0.0,
  "banned_phrasings_new": 0.0,
  "coverage_classifier_auroc": 1.0
}