{
  "mode_seeking_ratio": 0.23031996440068678,
  "n_pairs": 120,
  "text_distance_mean": 0.9685567089270848,
  "target_distance_mean": 4.533333333333333,
  "attribute_sensitivity": {
    "scenario_type": 0.0,
    "style": 0.0,
    "noise": 0.0,
    "intent": 0.0,
    "ambiguity": 0.9472211098545192,
    "difficulty": 0.0
  }
}