{
  "attribute_match_rate": 1.0,
  "discriminator_accuracy": 0.75,
  "synthetic_detection_rate": 0.0,
  "near_duplicate_rate": 0.25,
  "combination_coverage": 0.5666666666666667,
  "entropy/intent": 0.9999999999999998,
  "entropy/difficulty": 0.9713107216099229,
  "entropy/ambiguity": 0.8870920155351287,
  "entropy/style": 0.8841425345975926,
  "entropy/noise": 0.8862106770924658,
  "entropy/scenario_type": 0.9835386311891134,
  "coverage/intent": 1.0,
  "coverage/difficulty": 1.0,
  "coverage/ambiguity": 1.0,
  "coverage/style": 0.8333333333333334,
  "coverage/noise": 1.0,
  "coverage/scenario_type": 1.0,
  "pack_accuracy": 0.625,
  "pack_confidence": 0.9,
  "mode_seeking_ratio": 0.22377753011466628,
  "text_distance_mean": 0.9384873610443124,
  "banned_phrasings_total": 2.0,
  "banned_phrasings_new": 1.0,
  "coverage_classifier_auroc": 1.0
}