{
  "attribute_match_rate": 0.5416666666666666,
  "discriminator_accuracy": 0.4583333333333333,
  "synthetic_detection_rate": 0.4583333333333333,
  "near_duplicate_rate": 0.25,
  "combination_coverage": 0.8333333333333334,
  "entropy/intent": 0.9882484440780546,
  "entropy/difficulty": 0.9358932809493993,
  "entropy/ambiguity": 0.9850568223215079,
  "entropy/style": 0.9859894062555719,
  "entropy/noise": 0.9838824188369658,
  "entropy/scenario_type": 0.9528195311147832,
  "coverage/intent": 1.0,
  "coverage/difficulty": 1.0,
  "coverage/ambiguity": 1.0,
  "coverage/style": 1.0,
  "coverage/noise": 1.0,
  "coverage/scenario_type": 1.0,
  "pack_accuracy": 0.5,
  "pack_confidence": 0.0,
  "mode_seeking_ratio": 0.22522428105906625,
  "text_distance_mean": 0.9538595170068439,
  "banned_phrasings_total": 0.0,
  "banned_phrasings_new": 0.0,
  "coverage_classifier_auroc": 0.5
}