{
  "attribute_match_rate": 0.0625,
  "discriminator_accuracy": 0.5625,
  "synthetic_detection_rate": 0.5625,
  "near_duplicate_rate": 0.25,
  "combination_coverage": 1.0,
  "entropy/intent": 0.954434002924965,
  "entropy/difficulty": 0.8957541375001009,
  "entropy/polarity_intensity": 0.9755307720176264,
  "entropy/style": 0.7641913951834827,
  "entropy/noise": 0.8980898459737487,
  "entropy/scenario_type": 0.8521669194428305,
  "coverage/intent": 1.0,
  "coverage/difficulty": 1.0,
  "coverage/polarity_intensity": 1.0,
  "coverage/style": 1.0,
  "coverage/noise": 1.0,
  "coverage/scenario_type": 0.8333333333333334,
  "pack_accuracy": 0.5,
  "pack_confidence": 0.0,
  "mode_seeking_ratio": 0.2560436965152337,
  "text_distance_mean": 0.9529560956991008,
  "banned_phrasings_total": 0.0,
  "banned_phrasings_new": 0.0,
  "coverage_classifier_auroc": 0.5
}