{
  "mode_seeking_ratio": 0.23098662926451569,
  "n_pairs": 120,
  "text_distance_mean": 0.9522946152084698,
  "target_distance_mean": 4.466666666666667,
  "attribute_sensitivity": {
    "scenario_type": 0.0,
    "style": 0.0,
    "ambiguity": 0.0,
    "noise": 0.0,
    "difficulty": 0.0,
    "intent": 0.0
  }
}