{
  "run_dir": "E:\\Projects\\PromptForge\\experiments\\loo_run_002_seed109\\no_coverage_hole\\20260602T094033Z",
  "n_iterations": 3,
  "final_prompt_version": 2,
  "metric_history": [
    {
      "iteration": 0.0,
      "attribute_match_rate": 0.125,
      "discriminator_accuracy": 1.0,
      "synthetic_detection_rate": 1.0,
      "near_duplicate_rate": 0.15,
      "combination_coverage": 0.8,
      "entropy/intent": 0.9822177815287606,
      "entropy/difficulty": 0.9755307720176264,
      "entropy/ambiguity": 0.9850568223215079,
      "entropy/style": 0.9400664543100068,
      "entropy/noise": 0.9822177815287606,
      "entropy/scenario_type": 0.9320201587042913,
      "coverage/intent": 1.0,
      "coverage/difficulty": 1.0,
      "coverage/ambiguity": 1.0,
      "coverage/style": 1.0,
      "coverage/noise": 1.0,
      "coverage/scenario_type": 1.0,
      "pack_accuracy": 0.75,
      "pack_confidence": 0.89375,
      "mode_seeking_ratio": 0.2267352703378059,
      "text_distance_mean": 0.950005643286336,
      "banned_phrasings_total": 4.0,
      "banned_phrasings_new": 4.0
    },
    {
      "iteration": 1.0,
      "attribute_match_rate": 0.0625,
      "discriminator_accuracy": 0.7083333333333334,
      "synthetic_detection_rate": 0.42857142857142855,
      "near_duplicate_rate": 0.15,
      "combination_coverage": 0.6666666666666666,
      "entropy/intent": 0.8647365386176832,
      "entropy/difficulty": 0.9965119062478287,
      "entropy/ambiguity": 0.9850568223215079,
      "entropy/style": 0.9488801212514659,
      "entropy/noise": 0.9256951044610051,
      "entropy/scenario_type": 0.9755307720176264,
      "coverage/intent": 1.0,
      "coverage/difficulty": 1.0,
      "coverage/ambiguity": 1.0,
      "coverage/style": 1.0,
      "coverage/noise": 1.0,
      "coverage/scenario_type": 1.0,
      "pack_accuracy": 0.75,
      "pack_confidence": 0.875,
      "mode_seeking_ratio": 0.22088305965664087,
      "text_distance_mean": 0.9465904568560147,
      "banned_phrasings_total": 7.0,
      "banned_phrasings_new": 3.0
    },
    {
      "iteration": 2.0,
      "attribute_match_rate": 0.0625,
      "discriminator_accuracy": 0.9583333333333334,
      "synthetic_detection_rate": 1.0,
      "near_duplicate_rate": 0.15,
      "combination_coverage": 0.7333333333333333,
      "entropy/intent": 0.9592101522724051,
      "entropy/difficulty": 0.8957541375001009,
      "entropy/ambiguity": 0.9755307720176264,
      "entropy/style": 0.9400664543100068,
      "entropy/noise": 0.9080636898218125,
      "entropy/scenario_type": 0.8868595071429147,
      "coverage/intent": 1.0,
      "coverage/difficulty": 1.0,
      "coverage/ambiguity": 1.0,
      "coverage/style": 1.0,
      "coverage/noise": 1.0,
      "coverage/scenario_type": 1.0,
      "pack_accuracy": 0.75,
      "pack_confidence": 0.9125,
      "mode_seeking_ratio": 0.2308258733961544,
      "text_distance_mean": 0.9484367409314061,
      "banned_phrasings_total": 11.0,
      "banned_phrasings_new": 4.0
    }
  ],
  "prompt_history": [
    {
      "version": 0,
      "iteration": 0,
      "prompt": "Generate realistic customer support messages that match the requested intent\nand style. The example should be plausible for a customer support channel\n(email, chat, in-app form). Keep it short to medium length. Output a JSON\nobject with the sample id, the text, and the attribute values.\n",
      "motivation": "initial prompt",
      "feedback_summary": {},
      "timestamp": "2026-06-02T09:40:33.673322+00:00"
    },
    {
      "version": 1,
      "iteration": 1,
      "prompt": "\"\"\"Generate realistic customer support messages that match the requested intent and style. The examples should reflect a variety of scenarios, including edge cases, while maintaining a balance of emotional expressions and formal language. Ensure the messages are plausible for a customer support channel (email, chat, in-app form) and vary in difficulty and ambiguity. Avoid overly casual language and repetitive structures. Output a JSON object with the sample id, the text, and the attribute values.\n\nForbidden phrasings:\n- \"I can't believe how frustrating this situation is!\"\n- 'I hope this message finds you well.'\n- 'Hey, quick question!'\n- 'I am really frustrated with my recent purchase.'\n\nFocus on creating messages that:\n1. Clearly convey the intent without ambiguity.\n2. Incorporate a mix of emotional tones, avoiding overrepresentation of informal styles.\n3. Present a range of difficulties, from easy to challenging, while ensuring clarity.\n4. Avoid combining unrelated issues to enhance realism.\n5. Use distinct phrasing for complaints and refund requests to minimize near-duplicates.\n\nAim for a diverse set of messages that reflect genuine customer experiences while adhering to the above guidelines.\"\"\"",
      "motivation": "The batch of synthetic samples demonstrates a good coverage of attribute values, but there are some near-duplicate phrasings and a few missing edge cases. Overall, the diversity is satisfactory but could benefit from more unique expressions.",
      "feedback_summary": {
        "iteration": 0,
        "n_attribute_failures": 14,
        "n_realism_artifacts": 9,
        "near_duplicate_rate": 0.15,
        "pack_accuracy": 0.75,
        "mode_seeking_ratio": 0.2267352703378059,
        "n_banned_phrasings": 4,
        "missing_modes": [],
        "overrepresented_modes": [
          "emotional",
          "informal"
        ],
        "metrics": {
          "attribute_match_rate": 0.125,
          "discriminator_accuracy": 1.0,
          "synthetic_detection_rate": 1.0,
          "near_duplicate_rate": 0.15,
          "combination_coverage": 0.8,
          "entropy/intent": 0.9822177815287606,
          "entropy/difficulty": 0.9755307720176264,
          "entropy/ambiguity": 0.9850568223215079,
          "entropy/style": 0.9400664543100068,
          "entropy/noise": 0.9822177815287606,
          "entropy/scenario_type": 0.9320201587042913,
          "coverage/intent": 1.0,
          "coverage/difficulty": 1.0,
          "coverage/ambiguity": 1.0,
          "coverage/style": 1.0,
          "coverage/noise": 1.0,
          "coverage/scenario_type": 1.0,
          "pack_accuracy": 0.75,
          "pack_confidence": 0.89375,
          "mode_seeking_ratio": 0.2267352703378059,
          "text_distance_mean": 0.950005643286336,
          "banned_phrasings_total": 4.0,
          "banned_phrasings_new": 4.0
        }
      },
      "timestamp": "2026-06-02T09:42:20.820938+00:00"
    },
    {
      "version": 2,
      "iteration": 2,