{
  "attribute_match_rate": 0.1875,
  "discriminator_accuracy": 0.8333333333333334,
  "synthetic_detection_rate": 0.0,
  "near_duplicate_rate": 0.25,
  "combination_coverage": 0.43333333333333335,
  "entropy/intent": 0.8136297517320067,
  "entropy/difficulty": 0.8868595071429147,
  "entropy/ambiguity": 0.9497012164384108,
  "entropy/style": 0.9488801212514659,
  "entropy/noise": 0.9592101522724051,
  "entropy/scenario_type": 0.9497012164384108,
  "coverage/intent": 0.7,
  "coverage/difficulty": 1.0,
  "coverage/ambiguity": 1.0,
  "coverage/style": 1.0,
  "coverage/noise": 1.0,
  "coverage/scenario_type": 1.0,
  "pack_accuracy": 0.75,
  "pack_confidence": 0.9,
  "mode_seeking_ratio": 0.21343284321589553,
  "text_distance_mean": 0.921150908029854,
  "banned_phrasings_total": 0.0,
  "banned_phrasings_new": 0.0,
  "coverage_classifier_auroc": 1.0
}