{
  "run_dir": "E:\\Projects\\PromptForge\\experiments\\sst2_run_001_seed53\\full_attrforge\\20260602T131109Z",
  "n_iterations": 3,
  "final_prompt_version": 2,
  "metric_history": [
    {
      "iteration": 0.0,
      "attribute_match_rate": 0.0,
      "discriminator_accuracy": 0.875,
      "synthetic_detection_rate": 1.0,
      "near_duplicate_rate": 0.15,
      "combination_coverage": 0.8333333333333334,
      "entropy/intent": 0.8112781244591328,
      "entropy/difficulty": 0.9850568223215079,
      "entropy/polarity_intensity": 0.9965119062478287,
      "entropy/style": 0.9388906303246313,
      "entropy/noise": 0.8514097655573916,
      "entropy/scenario_type": 0.9099617502405772,
      "coverage/intent": 1.0,
      "coverage/difficulty": 1.0,
      "coverage/polarity_intensity": 1.0,
      "coverage/style": 1.0,
      "coverage/noise": 1.0,
      "coverage/scenario_type": 1.0,
      "pack_accuracy": 0.8333333333333334,
      "pack_confidence": 0.9,
      "mode_seeking_ratio": 0.27380867492978084,
      "text_distance_mean": 0.9687103410027137,
      "banned_phrasings_total": 0.0,
      "banned_phrasings_new": 0.0,
      "coverage_classifier_auroc": 1.0
    },
    {
      "iteration": 1.0,
      "attribute_match_rate": 0.0,
      "discriminator_accuracy": 0.4583333333333333,
      "synthetic_detection_rate": 0.5555555555555556,
      "near_duplicate_rate": 0.15,
      "combination_coverage": 1.0,
      "entropy/intent": 0.8960382325345574,
      "entropy/difficulty": 0.9755307720176264,
      "entropy/polarity_intensity": 0.9965119062478287,
      "entropy/style": 0.9158830010682758,
      "entropy/noise": 0.9414280318460244,
      "entropy/scenario_type": 0.8822716235122602,
      "coverage/intent": 1.0,
      "coverage/difficulty": 1.0,
      "coverage/polarity_intensity": 1.0,
      "coverage/style": 1.0,
      "coverage/noise": 1.0,
      "coverage/scenario_type": 0.8333333333333334,
      "pack_accuracy": 0.6666666666666666,
      "pack_confidence": 0.875,
      "mode_seeking_ratio": 0.25097532006523954,
      "text_distance_mean": 0.9658669435602871,
      "banned_phrasings_total": 0.0,
      "banned_phrasings_new": 0.0,
      "coverage_classifier_auroc": 1.0
    },
    {
      "iteration": 2.0,
      "attribute_match_rate": 0.0,
      "discriminator_accuracy": 0.7916666666666666,
      "synthetic_detection_rate": 1.0,
      "near_duplicate_rate": 0.15,
      "combination_coverage": 0.6666666666666666,
      "entropy/intent": 0.9886994082884974,
      "entropy/difficulty": 0.6021808102656678,
      "entropy/polarity_intensity": 0.9965119062478287,
      "entropy/style": 0.9592101522724051,
      "entropy/noise": 0.9681390622295665,
      "entropy/scenario_type": 0.9607329284860076,
      "coverage/intent": 1.0,
      "coverage/difficulty": 0.6666666666666666,
      "coverage/polarity_intensity": 1.0,
      "coverage/style": 1.0,
      "coverage/noise": 1.0,
      "coverage/scenario_type": 1.0,
      "pack_accuracy": 0.5,
      "pack_confidence": 0.8666666666666667,
      "mode_seeking_ratio": 0.2500899565063304,
      "text_distance_mean": 0.9620796312566978,
      "banned_phrasings_total": 1.0,
      "banned_phrasings_new": 1.0,
      "coverage_classifier_auroc": 1.0
    }
  ],
  "prompt_history": [
    {
      "version": 0,
      "iteration": 0,
      "prompt": "Generate realistic short movie review sentences that match the requested\nsentiment polarity (positive or negative). Reviews should sound like\nnatural film criticism: short, opinionated, using a mix of explicit\nsentiment words and comparative judgments. Match the requested style,\nintensity, and scenario type. Output a JSON object with the sample id,\nthe text, and the attribute values.\n",
      "motivation": "initial prompt",
      "feedback_summary": {},
      "timestamp": "2026-06-02T13:11:09.682331+00:00"
    },
    {
      "version": 1,
      "iteration": 1,
      "prompt": "\"\"\"Generate realistic short movie review sentences that match the requested sentiment polarity (positive or negative). Reviews should reflect natural film criticism: concise, opinionated, and incorporating a blend of explicit sentiment words and nuanced comparative judgments. Ensure to vary the intensity of polarity, style, and difficulty level, while also introducing elements of noise such as typos or informalities to enhance realism. Aim for diverse emotional expressions and avoid repetitive structures. Output a JSON object with the sample id, the text, and the attribute values.\n\nForbidden phrasings: avoid clich\u00e9s and overly polished language. Refrain from using generic descriptors or predictable structures. \n\nExample styles to consider: \n- Positive: \"This film is a delightful mix of humor and heart, appealing to both casual viewers and cinephiles alike.\"\n- Negative: \"Despite its ambitious premise, the film stumbles with a predictable plot and uninspired performances that leave much to be desired.\"\n\nEnsure that the reviews reflect a range of emotional tones and complexities, from light-hearted to deeply critical, while maintaining the integrity of the requested attributes.\"",
      "motivation": "The batch of synthetic samples demonstrates a good coverage of the attribute schema, with all modes represented. However, there are instances of near-duplicate phrasings and a lack of diversity in the emotional expressions conveyed.",
      "feedback_summary": {
        "iteration": 0,
        "n_attribute_failures": 16,
        "n_realism_artifacts": 9,
        "near_duplicate_rate": 0.15,
        "pack_accuracy": 0.8333333333333334,
        "mode_seeking_ratio": 0.27380867492978084,
        "n_banned_phrasings": 0,
        "missing_modes": [],
        "overrepresented_modes": [
          "strong polarity intensity",
          "informal style"
        ],
        "metrics": {
          "attribute_match_rate": 0.0,
          "discriminator_accuracy": 0.875,
          "synthetic_detection_rate": 1.0,
          "near_duplicate_rate": 0.15,
          "combination_coverage": 0.8333333333333334,
          "entropy/intent": 0.8112781244591328,
          "entropy/difficulty": 0.9850568223215079,
          "entropy/polarity_intensity": 0.9965119062478287,
          "entropy/style": 0.9388906303246313,
          "entropy/noise": 0.8514097655573916,
          "entropy/scenario_type": 0.9099617502405772,
          "coverage/intent": 1.0,
          "coverage/difficulty": 1.0,
          "coverage/polarity_intensity": 1.0,
          "coverage/style": 1.0,
          "coverage/noise": 1.0,
          "coverage/scenario_type": 1.0,
          "pack_accuracy": 0.8333333333333334,
          "pack_confidence": 0.9,
          "mode_seeking_ratio": 0.27380867492978084,
          "text_distance_mean": 0.9687103410027137,
          "banned_phrasings_total": 0.0,
          "banned_phrasings_new": 0.0,
          "coverage_classifier_auroc": 1.0
        }
      },
      "timestamp": "2026-06-02T13:13:00.133910+00:00"
    },
    {
      "version": 2,
      "iteration": 2,