{
  "mode_seeking_ratio": 0.24151507406542821,
  "n_pairs": 120,
  "text_distance_mean": 0.9561374079196445,
  "target_distance_mean": 4.391666666666667,
  "attribute_sensitivity": {
    "noise": 0.0,
    "style": 0.0,
    "difficulty": 0.9638341487959036,
    "intent": 0.0,
    "ambiguity": 0.0,
    "scenario_type": 0.973717472639718
  }
}