{
  "mode_seeking_ratio": 0.23648900444983584,
  "n_pairs": 120,
  "text_distance_mean": 0.9544838577320883,
  "target_distance_mean": 4.4,
  "attribute_sensitivity": {
    "difficulty": 0.0,
    "intent": 0.0,
    "noise": 0.0,
    "ambiguity": 0.0,
    "style": 0.9596374293067387,
    "scenario_type": 0.0
  }
}