{
  "run_dir": "E:\\Projects\\PromptForge\\experiments\\sim_run_002_seed23\\full_classic\\20260601T053918Z",
  "n_iterations": 3,
  "final_prompt_version": 1,
  "metric_history": [
    {
      "iteration": 0.0,
      "attribute_match_rate": 1.0,
      "discriminator_accuracy": 0.6666666666666666,
      "synthetic_detection_rate": 0.1111111111111111,
      "near_duplicate_rate": 0.0,
      "combination_coverage": 0.6666666666666666,
      "entropy/intent": 0.8647365386176832,
      "entropy/difficulty": 0.946394630357186,
      "entropy/ambiguity": 0.9755307720176264,
      "entropy/style": 0.8433532525013715,
      "entropy/noise": 0.9822177815287606,
      "entropy/scenario_type": 0.9497012164384108,
      "coverage/intent": 1.0,
      "coverage/difficulty": 1.0,
      "coverage/ambiguity": 1.0,
      "coverage/style": 0.8333333333333334,
      "coverage/noise": 1.0,
      "coverage/scenario_type": 1.0
    },
    {
      "iteration": 1.0,
      "attribute_match_rate": 1.0,
      "discriminator_accuracy": 0.7083333333333334,
      "synthetic_detection_rate": 0.125,
      "near_duplicate_rate": 0.0,
      "combination_coverage": 0.5333333333333333,
      "entropy/intent": 0.8207140722512382,
      "entropy/difficulty": 0.9320201587042913,
      "entropy/ambiguity": 0.9850568223215079,
      "entropy/style": 0.8433532525013715,
      "entropy/noise": 0.9592101522724051,
      "entropy/scenario_type": 0.9497012164384108,
      "coverage/intent": 1.0,
      "coverage/difficulty": 1.0,
      "coverage/ambiguity": 1.0,
      "coverage/style": 0.8333333333333334,
      "coverage/noise": 1.0,
      "coverage/scenario_type": 1.0
    },
    {
      "iteration": 2.0,
      "attribute_match_rate": 1.0,
      "discriminator_accuracy": 0.7083333333333334,
      "synthetic_detection_rate": 0.125,
      "near_duplicate_rate": 0.0,
      "combination_coverage": 0.6,
      "entropy/intent": 0.8285333834977017,
      "entropy/difficulty": 0.8957541375001009,
      "entropy/ambiguity": 0.9965119062478287,
      "entropy/style": 0.9099617502405772,
      "entropy/noise": 0.796580116665631,
      "entropy/scenario_type": 0.9965119062478287,
      "coverage/intent": 0.8,
      "coverage/difficulty": 1.0,
      "coverage/ambiguity": 1.0,
      "coverage/style": 1.0,
      "coverage/noise": 0.8,
      "coverage/scenario_type": 1.0
    }
  ],
  "prompt_history": [
    {
      "version": 0,
      "iteration": 0,
      "prompt": "Generate realistic customer support messages that match the requested\nintent and style. The example should be plausible for a customer support\nchannel (email, chat, in-app form). Keep it short to medium length. Output\na JSON object with the sample id, the text, and the attribute values.\n",
      "motivation": "initial prompt",
      "feedback_summary": {},
      "timestamp": "2026-06-01T05:39:18.351656+00:00"
    },
    {
      "version": 1,
      "iteration": 1,
      "prompt": "Generate realistic customer support messages that match the requested\nintent and style. The example should be plausible for a customer support\nchannel (email, chat, in-app form). Keep it short to medium length. Output\na JSON object with the sample id, the text, and the attribute values.\n\nStyle and constraints (added by updater):\n- Vary openers and avoid template phrasings such as boilerplate apologies.\n- Include rare and edge_case scenario types, fragmented and emotional styles, and varied noise levels including typos and missing_details.\n- Match the style and surface form of any provided real exemplars.",
      "motivation": "critic-guided rewrite",
      "feedback_summary": {
        "iteration": 0,
        "n_attribute_failures": 0,
        "n_realism_artifacts": 1,
        "near_duplicate_rate": 0.0,
        "pack_accuracy": null,
        "mode_seeking_ratio": null,
        "n_banned_phrasings": 0,
        "missing_modes": [],
        "overrepresented_modes": [],
        "metrics": {
          "attribute_match_rate": 1.0,
          "discriminator_accuracy": 0.6666666666666666,
          "synthetic_detection_rate": 0.1111111111111111,
          "near_duplicate_rate": 0.0,
          "combination_coverage": 0.6666666666666666,
          "entropy/intent": 0.8647365386176832,
          "entropy/difficulty": 0.946394630357186,
          "entropy/ambiguity": 0.9755307720176264,
          "entropy/style": 0.8433532525013715,
          "entropy/noise": 0.9822177815287606,
          "entropy/scenario_type": 0.9497012164384108,
          "coverage/intent": 1.0,
          "coverage/difficulty": 1.0,
          "coverage/ambiguity": 1.0,
          "coverage/style": 0.8333333333333334,
          "coverage/noise": 1.0,
          "coverage/scenario_type": 1.0
        }
      },
      "timestamp": "2026-06-01T05:39:18.372499+00:00"
    }
  ]
}