{
  "attribute_match_rate": 0.9047619047619048,
  "discriminator_accuracy": 0.9166666666666666,
  "synthetic_detection_rate": 1.0,
  "near_duplicate_rate": 0.25,
  "combination_coverage": 0.5333333333333333,
  "entropy/intent": 0.9960334049191263,
  "entropy/difficulty": 0.8342820655073296,
  "entropy/ambiguity": 0.889595191167314,
  "entropy/style": 0.9785395778702867,
  "entropy/noise": 0.9898279823399508,
  "entropy/scenario_type": 0.914100892018565,
  "coverage/intent": 1.0,
  "coverage/difficulty": 1.0,
  "coverage/ambiguity": 1.0,
  "coverage/style": 1.0,
  "coverage/noise": 1.0,
  "coverage/scenario_type": 1.0,
  "pack_accuracy": 0.625,
  "pack_confidence": 0.9,
  "mode_seeking_ratio": 0.22564306367136377,
  "text_distance_mean": 0.9458771255316969,
  "banned_phrasings_total": 2.0,
  "banned_phrasings_new": 0.0,
  "coverage_classifier_auroc": 1.0
}