{
  "mode_seeking_ratio": 0.235991256645853,
  "n_pairs": 120,
  "text_distance_mean": 0.9377515629083699,
  "target_distance_mean": 4.358333333333333,
  "attribute_sensitivity": {
    "difficulty": 0.0,
    "intent": 0.0,
    "noise": 0.0,
    "ambiguity": 0.0,
    "style": 0.0,
    "scenario_type": 0.0
  }
}