{
  "run_dir": "E:\\Projects\\PromptForge\\experiments\\loo_run_002_seed101\\no_mode_hunter\\20260602T091231Z",
  "n_iterations": 3,
  "final_prompt_version": 2,
  "metric_history": [
    {
      "iteration": 0.0,
      "attribute_match_rate": 0.0625,
      "discriminator_accuracy": 0.5833333333333334,
      "synthetic_detection_rate": 0.3,
      "near_duplicate_rate": 0.15,
      "combination_coverage": 0.7333333333333333,
      "entropy/intent": 0.9690222556651344,
      "entropy/difficulty": 0.9497012164384108,
      "entropy/ambiguity": 0.8868595071429147,
      "entropy/style": 0.9400664543100068,
      "entropy/noise": 0.7773869210471088,
      "entropy/scenario_type": 0.9320201587042913,
      "coverage/intent": 1.0,
      "coverage/difficulty": 1.0,
      "coverage/ambiguity": 1.0,
      "coverage/style": 1.0,
      "coverage/noise": 0.8,
      "coverage/scenario_type": 1.0,
      "pack_accuracy": 0.625,
      "pack_confidence": 0.9,
      "mode_seeking_ratio": 0.23064026611644176,
      "text_distance_mean": 0.9426312419961337,
      "coverage_classifier_auroc": 1.0
    },
    {
      "iteration": 1.0,
      "attribute_match_rate": 0.1875,
      "discriminator_accuracy": 0.6666666666666666,
      "synthetic_detection_rate": 0.2,
      "near_duplicate_rate": 0.15,
      "combination_coverage": 0.6,
      "entropy/intent": 0.9158830010682758,
      "entropy/difficulty": 0.8387794678549644,
      "entropy/ambiguity": 0.8868595071429147,
      "entropy/style": 0.9607329284860076,
      "entropy/noise": 0.8707342083725791,
      "entropy/scenario_type": 0.9320201587042913,
      "coverage/intent": 1.0,
      "coverage/difficulty": 1.0,
      "coverage/ambiguity": 1.0,
      "coverage/style": 1.0,
      "coverage/noise": 1.0,
      "coverage/scenario_type": 1.0,
      "pack_accuracy": 0.75,
      "pack_confidence": 0.88125,
      "mode_seeking_ratio": 0.24109040942296703,
      "text_distance_mean": 0.9523635556401312,
      "coverage_classifier_auroc": 1.0
    },
    {
      "iteration": 2.0,
      "attribute_match_rate": 0.0,
      "discriminator_accuracy": 0.8333333333333334,
      "synthetic_detection_rate": 0.6,
      "near_duplicate_rate": 0.25,
      "combination_coverage": 0.6,
      "entropy/intent": 0.9080636898218125,
      "entropy/difficulty": 0.9755307720176264,
      "entropy/ambiguity": 0.9965119062478287,
      "entropy/style": 0.9218145574751188,
      "entropy/noise": 0.8207140722512382,
      "entropy/scenario_type": 0.946394630357186,
      "coverage/intent": 1.0,
      "coverage/difficulty": 1.0,
      "coverage/ambiguity": 1.0,
      "coverage/style": 1.0,
      "coverage/noise": 0.8,
      "coverage/scenario_type": 1.0,
      "pack_accuracy": 0.5,
      "pack_confidence": 0.89375,
      "mode_seeking_ratio": 0.22353467883904407,
      "text_distance_mean": 0.9405509602873595,
      "coverage_classifier_auroc": 1.0
    }
  ],
  "prompt_history": [
    {
      "version": 0,
      "iteration": 0,
      "prompt": "Generate realistic customer support messages that match the requested intent\nand style. The example should be plausible for a customer support channel\n(email, chat, in-app form). Keep it short to medium length. Output a JSON\nobject with the sample id, the text, and the attribute values.\n",
      "motivation": "initial prompt",
      "feedback_summary": {},
      "timestamp": "2026-06-02T09:12:31.496879+00:00"
    },
    {
      "version": 1,
      "iteration": 1,
      "prompt": "\"\"\"Generate diverse and realistic customer support messages that align with the specified intent and style. Ensure the examples are plausible for various customer support channels (email, chat, in-app form) and vary in structure and tone. Include a mix of difficulty levels, from easy to moderate, and incorporate different noise types, including contradictions and missing details, while minimizing irrelevant information. Output a JSON object containing the sample id, the text, and the attribute values.\n\nForbidden phrasings: \n- Avoid overly formal language and structured responses. \n- Do not use informal slang or repetitive phrases. \n- Steer clear of generic inquiries lacking personal context.\n\nAim for messages that reflect genuine customer sentiments, such as frustration or confusion, while maintaining clarity. Ensure that the generated samples cover a range of intents, including refund requests, general questions, and technical problems, and vary in emotional expression. Strive for a balance between concise and detailed responses, avoiding near-duplicate phrasings to enhance diversity in the output. Focus on creating engaging and relatable content that feels authentic and relevant to real customer interactions.\"\"\"",
      "motivation": "The batch of synthetic samples demonstrates good coverage across most attributes, but there are some missing noise types and a notable presence of irrelevant details in several samples. Additionally, there are instances of near-duplicate phrasings that could be improved for diversity.",
      "feedback_summary": {
        "iteration": 0,
        "n_attribute_failures": 15,
        "n_realism_artifacts": 6,
        "near_duplicate_rate": 0.15,
        "pack_accuracy": 0.625,
        "mode_seeking_ratio": 0.23064026611644176,
        "n_banned_phrasings": 0,
        "missing_modes": [
          "contradiction",
          "clean"
        ],
        "overrepresented_modes": [
          "irrelevant_details"
        ],
        "metrics": {
          "attribute_match_rate": 0.0625,
          "discriminator_accuracy": 0.5833333333333334,
          "synthetic_detection_rate": 0.3,
          "near_duplicate_rate": 0.15,
          "combination_coverage": 0.7333333333333333,
          "entropy/intent": 0.9690222556651344,
          "entropy/difficulty": 0.9497012164384108,
          "entropy/ambiguity": 0.8868595071429147,
          "entropy/style": 0.9400664543100068,
          "entropy/noise": 0.7773869210471088,
          "entropy/scenario_type": 0.9320201587042913,
          "coverage/intent": 1.0,
          "coverage/difficulty": 1.0,
          "coverage/ambiguity": 1.0,
          "coverage/style": 1.0,
          "coverage/noise": 0.8,
          "coverage/scenario_type": 1.0,
          "pack_accuracy": 0.625,
          "pack_confidence": 0.9,
          "mode_seeking_ratio": 0.23064026611644176,
          "text_distance_mean": 0.9426312419961337,
          "coverage_classifier_auroc": 1.0
        }
      },
      "timestamp": "2026-06-02T09:14:22.436646+00:00"
    },
    {
      "version": 2,
      "iteration": 2,