{
  "run_dir": "E:\\Projects\\PromptForge\\experiments\\loo_run_002_seed41\\no_coverage_hole\\20260602T081317Z",
  "n_iterations": 3,
  "final_prompt_version": 2,
  "metric_history": [
    {
      "iteration": 0.0,
      "attribute_match_rate": 0.0625,
      "discriminator_accuracy": 0.8333333333333334,
      "synthetic_detection_rate": 0.6363636363636364,
      "near_duplicate_rate": 0.15,
      "combination_coverage": 0.5333333333333333,
      "entropy/intent": 0.851541012754057,
      "entropy/difficulty": 0.9755307720176264,
      "entropy/ambiguity": 0.9850568223215079,
      "entropy/style": 0.9123763275816897,
      "entropy/noise": 0.9388906303246313,
      "entropy/scenario_type": 0.895014514573153,
      "coverage/intent": 0.8,
      "coverage/difficulty": 1.0,
      "coverage/ambiguity": 1.0,
      "coverage/style": 1.0,
      "coverage/noise": 1.0,
      "coverage/scenario_type": 1.0,
      "pack_accuracy": 0.5,
      "pack_confidence": 0.9,
      "mode_seeking_ratio": 0.22667001276652973,
      "text_distance_mean": 0.9340631004528192,
      "banned_phrasings_total": 4.0,
      "banned_phrasings_new": 4.0
    },
    {
      "iteration": 1.0,
      "attribute_match_rate": 0.0625,
      "discriminator_accuracy": 0.625,
      "synthetic_detection_rate": 0.4166666666666667,
      "near_duplicate_rate": 0.15,
      "combination_coverage": 0.6666666666666666,
      "entropy/intent": 0.9158830010682758,
      "entropy/difficulty": 0.9320201587042913,
      "entropy/ambiguity": 0.9755307720176264,
      "entropy/style": 0.9789848253208956,
      "entropy/noise": 0.9362025230160498,
      "entropy/scenario_type": 0.9850568223215079,
      "coverage/intent": 1.0,
      "coverage/difficulty": 1.0,
      "coverage/ambiguity": 1.0,
      "coverage/style": 1.0,
      "coverage/noise": 1.0,
      "coverage/scenario_type": 1.0,
      "pack_accuracy": 0.625,
      "pack_confidence": 0.875,
      "mode_seeking_ratio": 0.23247291507218837,
      "text_distance_mean": 0.9497413448078116,
      "banned_phrasings_total": 8.0,
      "banned_phrasings_new": 4.0
    },
    {
      "iteration": 2.0,
      "attribute_match_rate": 0.125,
      "discriminator_accuracy": 1.0,
      "synthetic_detection_rate": 1.0,
      "near_duplicate_rate": 0.15,
      "combination_coverage": 0.5333333333333333,
      "entropy/intent": 0.8417289093613277,
      "entropy/difficulty": 0.7559752426306121,
      "entropy/ambiguity": 0.9497012164384108,
      "entropy/style": 0.9488801212514659,
      "entropy/noise": 0.9822177815287606,
      "entropy/scenario_type": 0.9497012164384108,
      "coverage/intent": 0.8,
      "coverage/difficulty": 1.0,
      "coverage/ambiguity": 1.0,
      "coverage/style": 1.0,
      "coverage/noise": 1.0,
      "coverage/scenario_type": 1.0,
      "pack_accuracy": 0.75,
      "pack_confidence": 0.8875,
      "mode_seeking_ratio": 0.24049522770653714,
      "text_distance_mean": 0.9479635548709212,
      "banned_phrasings_total": 12.0,
      "banned_phrasings_new": 4.0
    }
  ],
  "prompt_history": [
    {
      "version": 0,
      "iteration": 0,
      "prompt": "Generate realistic customer support messages that match the requested intent\nand style. The example should be plausible for a customer support channel\n(email, chat, in-app form). Keep it short to medium length. Output a JSON\nobject with the sample id, the text, and the attribute values.\n",
      "motivation": "initial prompt",
      "feedback_summary": {},
      "timestamp": "2026-06-02T08:13:17.055916+00:00"
    },
    {
      "version": 1,
      "iteration": 1,
      "prompt": "\"\"\"Generate realistic customer support messages that align with the specified intent and style. Ensure the examples reflect a variety of scenarios, including common and rare situations. The messages should be plausible for a customer support channel (email, chat, in-app form) and can vary in length from short to medium. Output a JSON object containing the sample id, the text, and the attribute values.\n\nConsider the following guidelines:\n- Include diverse intents such as refund requests (formal style), technical problems (any style), complaints (informal style), and general questions (fragmented style).\n- Introduce edge cases and rare scenarios to enhance diversity.\n- Avoid overly polished or structured language; incorporate realistic noise and spontaneity.\n- Limit the use of informal and verbose styles to balance representation.\n- Ensure clarity in intent while maintaining appropriate difficulty and ambiguity levels.\n\nForbidden phrasings:\n- 'I just want to make sur'\n- 'I have to say that I am really frustrated'\n- 'I seem to have lost access to my account'\n- \"I ordered a product last week, and it still hasn't arrived\"\n\nAim for a mix of emotional expressions and straightforward requests, reflecting genuine customer experiences. This will help create a more authentic dataset for training customer support interactions.\"\"\"",
      "motivation": "The batch demonstrates a high coverage of attribute values, with a notable absence of certain intent types and scenario types. There are instances of near-duplicate phrasings and some overrepresented styles.",
      "feedback_summary": {
        "iteration": 0,
        "n_attribute_failures": 15,
        "n_realism_artifacts": 7,
        "near_duplicate_rate": 0.15,
        "pack_accuracy": 0.5,
        "mode_seeking_ratio": 0.22667001276652973,
        "n_banned_phrasings": 4,
        "missing_modes": [
          "refund_request with formal style",
          "technical_problem with any style",
          "complaint with informal style",
          "general_question with fragmented style",
          "rare scenario_type for refund_request"
        ],
        "overrepresented_modes": [
          "informal style for refund_request",
          "verbose style for complaints",
          "medium ambiguity for account issues"
        ],
        "metrics": {
          "attribute_match_rate": 0.0625,
          "discriminator_accuracy": 0.8333333333333334,
          "synthetic_detection_rate": 0.6363636363636364,
          "near_duplicate_rate": 0.15,
          "combination_coverage": 0.5333333333333333,
          "entropy/intent": 0.851541012754057,
          "entropy/difficulty": 0.9755307720176264,
          "entropy/ambiguity": 0.9850568223215079,
          "entropy/style": 0.9123763275816897,
          "entropy/noise": 0.9388906303246313,
          "entropy/scenario_type": 0.895014514573153,
          "coverage/intent": 0.8,
          "coverage/difficulty": 1.0,
          "coverage/ambiguity": 1.0,
          "coverage/style": 1.0,
          "coverage/noise": 1.0,
          "coverage/scenario_type": 1.0,
          "pack_accuracy": 0.5,
          "pack_confidence": 0.9,
          "mode_seeking_ratio": 0.22667001276652973,
          "text_distance_mean": 0.9340631004528192,
          "banned_phrasings_total": 4.0,
          "banned_phrasings_new": 4.0
        }
      },
      "timestamp": "2026-06-02T08:15:11.025869+00:00"
    },
    {
      "version": 2,
      "iteration": 2,