{
  "run_dir": "E:\\Projects\\PromptForge\\experiments\\sim_run_002_seed41\\full_attrforge\\20260601T053918Z",
  "n_iterations": 3,
  "final_prompt_version": 1,
  "metric_history": [
    {
      "iteration": 0.0,
      "attribute_match_rate": 1.0,
      "discriminator_accuracy": 0.7083333333333334,
      "synthetic_detection_rate": 0.36363636363636365,
      "near_duplicate_rate": 0.0,
      "combination_coverage": 0.5333333333333333,
      "entropy/intent": 0.851541012754057,
      "entropy/difficulty": 0.9755307720176264,
      "entropy/ambiguity": 0.9850568223215079,
      "entropy/style": 0.9123763275816897,
      "entropy/noise": 0.9388906303246313,
      "entropy/scenario_type": 0.895014514573153,
      "coverage/intent": 0.8,
      "coverage/difficulty": 1.0,
      "coverage/ambiguity": 1.0,
      "coverage/style": 1.0,
      "coverage/noise": 1.0,
      "coverage/scenario_type": 1.0,
      "pack_accuracy": 1.0,
      "pack_confidence": 0.6,
      "mode_seeking_ratio": 0.20306960641002625,
      "text_distance_mean": 0.851556982512688,
      "banned_phrasings_total": 2.0,
      "banned_phrasings_new": 2.0,
      "coverage_classifier_auroc": 1.0
    },
    {
      "iteration": 1.0,
      "attribute_match_rate": 1.0,
      "discriminator_accuracy": 0.5,
      "synthetic_detection_rate": 0.0,
      "near_duplicate_rate": 0.0,
      "combination_coverage": 0.6666666666666666,
      "entropy/intent": 0.9158830010682758,
      "entropy/difficulty": 0.9320201587042913,
      "entropy/ambiguity": 0.9755307720176264,
      "entropy/style": 0.9789848253208956,
      "entropy/noise": 0.9362025230160498,
      "entropy/scenario_type": 0.9850568223215079,
      "coverage/intent": 1.0,
      "coverage/difficulty": 1.0,
      "coverage/ambiguity": 1.0,
      "coverage/style": 1.0,
      "coverage/noise": 1.0,
      "coverage/scenario_type": 1.0,
      "pack_accuracy": 0.0,
      "pack_confidence": 0.6,
      "mode_seeking_ratio": 0.21666140627857325,
      "text_distance_mean": 0.905654716730425,
      "banned_phrasings_total": 2.0,
      "banned_phrasings_new": 0.0,
      "coverage_classifier_auroc": 1.0
    },
    {
      "iteration": 2.0,
      "attribute_match_rate": 1.0,
      "discriminator_accuracy": 0.625,
      "synthetic_detection_rate": 0.18181818181818182,
      "near_duplicate_rate": 0.125,
      "combination_coverage": 0.5333333333333333,
      "entropy/intent": 0.8417289093613277,
      "entropy/difficulty": 0.7559752426306121,
      "entropy/ambiguity": 0.9497012164384108,
      "entropy/style": 0.9488801212514659,
      "entropy/noise": 0.9822177815287606,
      "entropy/scenario_type": 0.9497012164384108,
      "coverage/intent": 0.8,
      "coverage/difficulty": 1.0,
      "coverage/ambiguity": 1.0,
      "coverage/style": 1.0,
      "coverage/noise": 1.0,
      "coverage/scenario_type": 1.0,
      "pack_accuracy": 0.5,
      "pack_confidence": 0.6,
      "mode_seeking_ratio": 0.22061886256845195,
      "text_distance_mean": 0.8858475515875164,
      "banned_phrasings_total": 2.0,
      "banned_phrasings_new": 0.0,
      "coverage_classifier_auroc": 1.0
    }
  ],
  "prompt_history": [
    {
      "version": 0,
      "iteration": 0,
      "prompt": "Generate realistic customer support messages that match the requested\nintent and style. The example should be plausible for a customer support\nchannel (email, chat, in-app form). Keep it short to medium length. Output\na JSON object with the sample id, the text, and the attribute values.\n",
      "motivation": "initial prompt",
      "feedback_summary": {},
      "timestamp": "2026-06-01T05:39:18.983777+00:00"
    },
    {
      "version": 1,
      "iteration": 1,
      "prompt": "Generate realistic customer support messages that match the requested\nintent and style. The example should be plausible for a customer support\nchannel (email, chat, in-app form). Keep it short to medium length. Output\na JSON object with the sample id, the text, and the attribute values.\n\nStyle and constraints (added by updater):\n- Vary openers and avoid template phrasings such as boilerplate apologies.\n- Forbidden phrasings (do NOT use): \"I appreciate your patience\", \"I apologize for any inconvenience\".\n- Include rare and edge_case scenario types, fragmented and emotional styles, and varied noise levels including typos and missing_details.\n- Vary structure across samples, not only within each sample.\n- Each requested attribute change must produce a visible surface change in the text. Rotate openers per sample.\n- Match the style and surface form of any provided real exemplars.",
      "motivation": "critic-guided rewrite",
      "feedback_summary": {
        "iteration": 0,
        "n_attribute_failures": 0,
        "n_realism_artifacts": 4,
        "near_duplicate_rate": 0.0,
        "pack_accuracy": 1.0,
        "mode_seeking_ratio": 0.20306960641002625,
        "n_banned_phrasings": 2,
        "missing_modes": [],
        "overrepresented_modes": [],
        "metrics": {
          "attribute_match_rate": 1.0,
          "discriminator_accuracy": 0.7083333333333334,
          "synthetic_detection_rate": 0.36363636363636365,
          "near_duplicate_rate": 0.0,
          "combination_coverage": 0.5333333333333333,
          "entropy/intent": 0.851541012754057,
          "entropy/difficulty": 0.9755307720176264,
          "entropy/ambiguity": 0.9850568223215079,
          "entropy/style": 0.9123763275816897,
          "entropy/noise": 0.9388906303246313,
          "entropy/scenario_type": 0.895014514573153,
          "coverage/intent": 0.8,
          "coverage/difficulty": 1.0,
          "coverage/ambiguity": 1.0,
          "coverage/style": 1.0,
          "coverage/noise": 1.0,
          "coverage/scenario_type": 1.0,
          "pack_accuracy": 1.0,
          "pack_confidence": 0.6,
          "mode_seeking_ratio": 0.20306960641002625,
          "text_distance_mean": 0.851556982512688,
          "banned_phrasings_total": 2.0,
          "banned_phrasings_new": 2.0,
          "coverage_classifier_auroc": 1.0
        }
      },
      "timestamp": "2026-06-01T05:39:19.014815+00:00"
    }
  ]
}