{
  "mode_seeking_ratio": 0.23174304877707697,
  "n_pairs": 120,
  "text_distance_mean": 0.9464621300737116,
  "target_distance_mean": 4.533333333333333,
  "attribute_sensitivity": {
    "scenario_type": 0.0,
    "intent": 0.0,
    "style": 0.9650417864599526,
    "ambiguity": 0.0,
    "noise": 0.9353751865143091,
    "difficulty": 0.0
  }
}