{
  "mode_seeking_ratio": 0.24881928242626938,
  "n_pairs": 190,
  "text_distance_mean": 0.9706760048659,
  "target_distance_mean": 4.315789473684211,
  "attribute_sensitivity": {
    "intent": 0.9546231720634369,
    "noise": 0.0,
    "style": 0.0,
    "polarity_intensity": 0.0,
    "difficulty": 0.0,
    "scenario_type": 0.9733370171685716
  }
}