{
  "run_dir": "E:\\Projects\\PromptForge\\experiments\\loo_run_002_seed23\\no_coverage_hole\\20260602T074945Z",
  "n_iterations": 3,
  "final_prompt_version": 2,
  "metric_history": [
    {
      "iteration": 0.0,
      "attribute_match_rate": 0.0625,
      "discriminator_accuracy": 1.0,
      "synthetic_detection_rate": 1.0,
      "near_duplicate_rate": 0.15,
      "combination_coverage": 0.6666666666666666,
      "entropy/intent": 0.8647365386176832,
      "entropy/difficulty": 0.946394630357186,
      "entropy/ambiguity": 0.9755307720176264,
      "entropy/style": 0.8433532525013715,
      "entropy/noise": 0.9822177815287606,
      "entropy/scenario_type": 0.9497012164384108,
      "coverage/intent": 1.0,
      "coverage/difficulty": 1.0,
      "coverage/ambiguity": 1.0,
      "coverage/style": 0.8333333333333334,
      "coverage/noise": 1.0,
      "coverage/scenario_type": 1.0,
      "pack_accuracy": 0.625,
      "pack_confidence": 0.89375,
      "mode_seeking_ratio": 0.225780235364384,
      "text_distance_mean": 0.9353242227397387,
      "banned_phrasings_total": 3.0,
      "banned_phrasings_new": 3.0
    },
    {
      "iteration": 1.0,
      "attribute_match_rate": 0.0625,
      "discriminator_accuracy": 1.0,
      "synthetic_detection_rate": 1.0,
      "near_duplicate_rate": 0.15,
      "combination_coverage": 0.5333333333333333,
      "entropy/intent": 0.8207140722512382,
      "entropy/difficulty": 0.9320201587042913,
      "entropy/ambiguity": 0.9850568223215079,
      "entropy/style": 0.8433532525013715,
      "entropy/noise": 0.9592101522724051,
      "entropy/scenario_type": 0.9497012164384108,
      "coverage/intent": 1.0,
      "coverage/difficulty": 1.0,
      "coverage/ambiguity": 1.0,
      "coverage/style": 0.8333333333333334,
      "coverage/noise": 1.0,
      "coverage/scenario_type": 1.0,
      "pack_accuracy": 0.5,
      "pack_confidence": 0.89375,
      "mode_seeking_ratio": 0.2369699519161171,
      "text_distance_mean": 0.9493064600615274,
      "banned_phrasings_total": 7.0,
      "banned_phrasings_new": 4.0
    },
    {
      "iteration": 2.0,
      "attribute_match_rate": 0.0,
      "discriminator_accuracy": 0.7916666666666666,
      "synthetic_detection_rate": 0.5,
      "near_duplicate_rate": 0.15,
      "combination_coverage": 0.6,
      "entropy/intent": 0.8285333834977017,
      "entropy/difficulty": 0.8957541375001009,
      "entropy/ambiguity": 0.9965119062478287,
      "entropy/style": 0.9099617502405772,
      "entropy/noise": 0.796580116665631,
      "entropy/scenario_type": 0.9965119062478287,
      "coverage/intent": 0.8,
      "coverage/difficulty": 1.0,
      "coverage/ambiguity": 1.0,
      "coverage/style": 1.0,
      "coverage/noise": 0.8,
      "coverage/scenario_type": 1.0,
      "pack_accuracy": 0.25,
      "pack_confidence": 0.89375,
      "mode_seeking_ratio": 0.24068828084118313,
      "text_distance_mean": 0.9532191668579545,
      "banned_phrasings_total": 11.0,
      "banned_phrasings_new": 4.0
    }
  ],
  "prompt_history": [
    {
      "version": 0,
      "iteration": 0,
      "prompt": "Generate realistic customer support messages that match the requested intent\nand style. The example should be plausible for a customer support channel\n(email, chat, in-app form). Keep it short to medium length. Output a JSON\nobject with the sample id, the text, and the attribute values.\n",
      "motivation": "initial prompt",
      "feedback_summary": {},
      "timestamp": "2026-06-02T07:49:45.005841+00:00"
    },
    {
      "version": 1,
      "iteration": 1,
      "prompt": "\"\"\"Generate realistic customer support messages that align with the requested intent, style, and scenario type. Ensure the messages are concise yet varied in tone, including formal, verbose, and informal styles. Incorporate a mix of common and edge case scenarios while maintaining ambiguity and difficulty levels. The output should reflect a range of customer experiences, avoiding overly emotional expressions and repetitive phrasing. \n\nOutput a JSON object with the following fields:\n- sample_id: A unique identifier for the message.\n- text: The generated customer support message.\n- attributes: A JSON object containing the following attributes:\n  - intent: The purpose of the message (e.g., account issue, billing inquiry).\n  - style: The tone of the message (e.g., formal, informal, verbose).\n  - scenario_type: The type of situation being addressed (e.g., technical issue, account access).\n  - difficulty: The complexity of the issue (e.g., easy, moderate, difficult).\n  - ambiguity: The level of uncertainty in the message (e.g., low, medium, high).\n  - noise: The presence of irrelevant details or distractions in the message (e.g., low, medium, high).\n\nForbidden phrasings: \n- 'I just can\u2019t get into my account anymore!'\n- 'Hey, so like'\n- 'I thought I had the right password, but then I forgot if I changed it or not.' \n\"\"\"",
      "motivation": "The batch exhibits a good variety of intents, difficulties, and ambiguities, but there is a notable lack of diversity in the 'style' attribute, particularly with the absence of 'verbose' and 'formal' styles. Additionally, there are several instances of near-duplicate phrasings and shallow paraphrases.",
      "feedback_summary": {
        "iteration": 0,
        "n_attribute_failures": 15,
        "n_realism_artifacts": 8,
        "near_duplicate_rate": 0.15,
        "pack_accuracy": 0.625,
        "mode_seeking_ratio": 0.225780235364384,
        "n_banned_phrasings": 3,
        "missing_modes": [
          "verbose"
        ],
        "overrepresented_modes": [
          "informal",
          "emotional"
        ],
        "metrics": {
          "attribute_match_rate": 0.0625,
          "discriminator_accuracy": 1.0,
          "synthetic_detection_rate": 1.0,
          "near_duplicate_rate": 0.15,
          "combination_coverage": 0.6666666666666666,
          "entropy/intent": 0.8647365386176832,
          "entropy/difficulty": 0.946394630357186,
          "entropy/ambiguity": 0.9755307720176264,
          "entropy/style": 0.8433532525013715,
          "entropy/noise": 0.9822177815287606,
          "entropy/scenario_type": 0.9497012164384108,
          "coverage/intent": 1.0,
          "coverage/difficulty": 1.0,
          "coverage/ambiguity": 1.0,
          "coverage/style": 0.8333333333333334,
          "coverage/noise": 1.0,
          "coverage/scenario_type": 1.0,
          "pack_accuracy": 0.625,
          "pack_confidence": 0.89375,
          "mode_seeking_ratio": 0.225780235364384,
          "text_distance_mean": 0.9353242227397387,
          "banned_phrasings_total": 3.0,
          "banned_phrasings_new": 3.0
        }
      },
      "timestamp": "2026-06-02T07:51:29.792052+00:00"
    },
    {
      "version": 2,
      "iteration": 2,