{
  "run_dir": "E:\\Projects\\PromptForge\\experiments\\trec_v297_seed89\\full_attrforge\\20260602T190006Z",
  "n_iterations": 3,
  "final_prompt_version": 2,
  "metric_history": [
    {
      "iteration": 0.0,
      "attribute_match_rate": 0.5416666666666666,
      "discriminator_accuracy": 0.75,
      "synthetic_detection_rate": 0.75,
      "near_duplicate_rate": 0.35,
      "combination_coverage": 0.7777777777777778,
      "entropy/intent": 0.9776902310822042,
      "entropy/difficulty": 0.9808340377961401,
      "entropy/ambiguity": 0.946394630357186,
      "entropy/style": 0.8437590816619512,
      "entropy/noise": 0.9276942711037669,
      "entropy/scenario_type": 0.9608948553419607,
      "coverage/intent": 1.0,
      "coverage/difficulty": 1.0,
      "coverage/ambiguity": 1.0,
      "coverage/style": 0.8,
      "coverage/noise": 1.0,
      "coverage/scenario_type": 1.0,
      "pack_accuracy": 0.5,
      "pack_confidence": 0.0,
      "mode_seeking_ratio": 0.22590130413083387,
      "text_distance_mean": 0.9397805812996246,
      "banned_phrasings_total": 0.0,
      "banned_phrasings_new": 0.0,
      "coverage_classifier_auroc": 0.5
    },
    {
      "iteration": 1.0,
      "attribute_match_rate": 0.4583333333333333,
      "discriminator_accuracy": 0.5,
      "synthetic_detection_rate": 0.5,
      "near_duplicate_rate": 0.25,
      "combination_coverage": 0.7777777777777778,
      "entropy/intent": 0.9835660090431769,
      "entropy/difficulty": 0.9680589902708631,
      "entropy/ambiguity": 0.9850568223215079,
      "entropy/style": 0.8979444735226818,
      "entropy/noise": 0.972517782937844,
      "entropy/scenario_type": 0.9745411476764105,
      "coverage/intent": 1.0,
      "coverage/difficulty": 1.0,
      "coverage/ambiguity": 1.0,
      "coverage/style": 1.0,
      "coverage/noise": 1.0,
      "coverage/scenario_type": 1.0,
      "pack_accuracy": 0.5,
      "pack_confidence": 0.0,
      "mode_seeking_ratio": 0.2246458772257393,
      "text_distance_mean": 0.9427817811038682,
      "banned_phrasings_total": 0.0,
      "banned_phrasings_new": 0.0,
      "coverage_classifier_auroc": 0.5
    },
    {
      "iteration": 2.0,
      "attribute_match_rate": 0.3333333333333333,
      "discriminator_accuracy": 0.5,
      "synthetic_detection_rate": 0.5,
      "near_duplicate_rate": 0.35,
      "combination_coverage": 0.7222222222222222,
      "entropy/intent": 0.9941242220390273,
      "entropy/difficulty": 0.9400439301545984,
      "entropy/ambiguity": 0.9862707094162991,
      "entropy/style": 0.9514282211802995,
      "entropy/noise": 0.9608948553419607,
      "entropy/scenario_type": 0.9477867202775715,
      "coverage/intent": 1.0,
      "coverage/difficulty": 1.0,
      "coverage/ambiguity": 1.0,
      "coverage/style": 1.0,
      "coverage/noise": 1.0,
      "coverage/scenario_type": 1.0,
      "pack_accuracy": 0.5,
      "pack_confidence": 0.0,
      "mode_seeking_ratio": 0.22655951730780938,
      "text_distance_mean": 0.9509502724560182,
      "banned_phrasings_total": 0.0,
      "banned_phrasings_new": 0.0,
      "coverage_classifier_auroc": 0.5
    }
  ],
  "prompt_history": [
    {
      "version": 0,
      "iteration": 0,
      "prompt": "Generate realistic open-domain English questions that match the requested\nTREC question-type category. The example should be a single complete question\nthat ends with a question mark and reads as something a user might ask in\nan open-domain QA system. Match the requested style and noise level. Output\na JSON object with the sample id, the text, and the attribute values.\n",
      "motivation": "initial prompt",
      "feedback_summary": {},
      "timestamp": "2026-06-02T19:00:06.089342+00:00"
    },
    {
      "version": 1,
      "iteration": 1,
      "prompt": "\"\"\"Generate realistic open-domain English questions that match the requested TREC question-type category. Each question should be a single complete sentence, ending with a question mark, and reflect the complexity and depth typical of user inquiries in an open-domain QA system. Ensure that the questions exhibit varied sentence structures, including both formal and informal styles, and incorporate numeric values or complex reasoning where appropriate. Output a JSON object with the sample id, the text, and the attribute values.\n\n**Forbidden phrasings:** Avoid overly simplistic or casual language, such as \"What is,\" \"How many,\" or \"Where is.\" Refrain from using fragmented or repetitive structures.\n\n**Preferred phrasings:** Aim for questions like \"Can you explain the significance of [topic] in [context]?\" or \"What are the implications of [event] on [subject]?\" Incorporate inquiries that require deeper analysis, such as \"How do the contributions of [person A] and [person B] compare in the context of [specific field]?\" or \"In what ways has [historical event] influenced modern perspectives on [issue]?\"\n\nEnsure the questions align with the requested attributes, including intent, difficulty, ambiguity, style, noise, and scenario type. Strive for a balance of complexity and clarity, avoiding redundancy in phrasing and structure to enhance diversity in the generated outputs.\"\"\"",
      "motivation": "The batch exhibits a variety of intents and scenarios, but there is significant redundancy in phrasing and structure, particularly in the way questions are framed. Many texts utilize similar constructions, leading to a lack of nuanced diversity.",
      "feedback_summary": {
        "iteration": 0,
        "n_attribute_failures": 11,
        "n_realism_artifacts": 18,
        "near_duplicate_rate": 0.35,
        "pack_accuracy": 0.5,
        "mode_seeking_ratio": 0.22590130413083387,
        "n_banned_phrasings": 0,
        "missing_modes": [
          "more varied sentence structures, especially in complex questions",
          "greater use of informal styles to balance the formal and fragmented tones",
          "examples of numeric values in more diverse contexts beyond simple counts"
        ],
        "overrepresented_modes": [
          "fragmented style with similar question formats",
          "verbose explanations that often repeat similar phrases",
          "concise questions that follow a predictable pattern"
        ],
        "metrics": {
          "attribute_match_rate": 0.5416666666666666,
          "discriminator_accuracy": 0.75,
          "synthetic_detection_rate": 0.75,
          "near_duplicate_rate": 0.35,
          "combination_coverage": 0.7777777777777778,
          "entropy/intent": 0.9776902310822042,
          "entropy/difficulty": 0.9808340377961401,
          "entropy/ambiguity": 0.946394630357186,
          "entropy/style": 0.8437590816619512,
          "entropy/noise": 0.9276942711037669,
          "entropy/scenario_type": 0.9608948553419607,
          "coverage/intent": 1.0,
          "coverage/difficulty": 1.0,
          "coverage/ambiguity": 1.0,
          "coverage/style": 0.8,
          "coverage/noise": 1.0,
          "coverage/scenario_type": 1.0,
          "pack_accuracy": 0.5,
          "pack_confidence": 0.0,
          "mode_seeking_ratio": 0.22590130413083387,
          "text_distance_mean": 0.9397805812996246,
          "banned_phrasings_total": 0.0,
          "banned_phrasings_new": 0.0,
          "coverage_classifier_auroc": 0.5
        }
      },
      "timestamp": "2026-06-02T19:02:26.186936+00:00"
    },
    {
      "version": 2,
      "iteration": 2,