{
  "attribute_match_rate": 0.6363636363636364,
  "discriminator_accuracy": 0.22727272727272727,
  "synthetic_detection_rate": 0.22727272727272727,
  "near_duplicate_rate": 0.25,
  "combination_coverage": 1.0,
  "entropy/intent": 0.9940302114769566,
  "entropy/difficulty": 0.9643787017331664,
  "entropy/polarity_intensity": 0.9477954545532472,
  "entropy/style": 0.9218033790156257,
  "entropy/noise": 0.928326606390466,
  "entropy/scenario_type": 0.88903383202378,
  "coverage/intent": 1.0,
  "coverage/difficulty": 1.0,
  "coverage/polarity_intensity": 1.0,
  "coverage/style": 1.0,
  "coverage/noise": 1.0,
  "coverage/scenario_type": 1.0,
  "pack_accuracy": 0.5,
  "pack_confidence": 0.0,
  "mode_seeking_ratio": 0.2572731407170339,
  "text_distance_mean": 0.9699138663115199,
  "banned_phrasings_total": 0.0,
  "banned_phrasings_new": 0.0,
  "coverage_classifier_auroc": 0.5
}