{
  "attribute_match_rate": 0.0,
  "discriminator_accuracy": 0.6666666666666666,
  "synthetic_detection_rate": 0.8,
  "near_duplicate_rate": 0.25,
  "combination_coverage": 0.8333333333333334,
  "entropy/intent": 1.0,
  "entropy/difficulty": 0.946394630357186,
  "entropy/polarity_intensity": 0.946394630357186,
  "entropy/style": 0.8207140722512382,
  "entropy/noise": 0.7028195311147832,
  "entropy/scenario_type": 0.7006980271295309,
  "coverage/intent": 1.0,
  "coverage/difficulty": 1.0,
  "coverage/polarity_intensity": 1.0,
  "coverage/style": 0.8,
  "coverage/noise": 0.75,
  "coverage/scenario_type": 0.6666666666666666,
  "pack_accuracy": 0.5,
  "pack_confidence": 0.8666666666666667,
  "mode_seeking_ratio": 0.2528588677618043,
  "text_distance_mean": 0.9652126067125012,
  "banned_phrasings_total": 1.0,
  "banned_phrasings_new": 1.0,
  "coverage_classifier_auroc": 1.0
}