{
  "attribute_match_rate": 0.0625,
  "discriminator_accuracy": 0.9166666666666666,
  "synthetic_detection_rate": 0.7142857142857143,
  "near_duplicate_rate": 0.2,
  "combination_coverage": 0.5333333333333333,
  "entropy/intent": 0.9256951044610051,
  "entropy/difficulty": 0.8024052436705212,
  "entropy/ambiguity": 0.8620485698650452,
  "entropy/style": 0.9218145574751188,
  "entropy/noise": 0.9415787376332126,
  "entropy/scenario_type": 0.8957541375001009,
  "coverage/intent": 1.0,
  "coverage/difficulty": 1.0,
  "coverage/ambiguity": 1.0,
  "coverage/style": 1.0,
  "coverage/noise": 1.0,
  "coverage/scenario_type": 1.0,
  "pack_accuracy": 0.625,
  "pack_confidence": 0.8875,
  "mode_seeking_ratio": 0.23521563956985916,
  "text_distance_mean": 0.9354107801674717,
  "coverage_classifier_auroc": 1.0
}