{
  "mode_seeking_ratio": 0.23521563956985916,
  "n_pairs": 120,
  "text_distance_mean": 0.9354107801674717,
  "target_distance_mean": 4.283333333333333,
  "attribute_sensitivity": {
    "noise": 0.0,
    "style": 0.0,
    "difficulty": 0.0,
    "intent": 0.0,
    "ambiguity": 0.0,
    "scenario_type": 0.8094826589806785
  }
}