{
  "mode_seeking_ratio": 0.24602517870108948,
  "n_pairs": 120,
  "text_distance_mean": 0.9634653735426686,
  "target_distance_mean": 4.191666666666666,
  "attribute_sensitivity": {
    "style": 0.0,
    "intent": 0.924738059187111,
    "scenario_type": 0.0,
    "difficulty": 0.0,
    "noise": 0.0,
    "polarity_intensity": 0.0
  }
}