{
  "attribute_match_rate": 0.0625,
  "discriminator_accuracy": 1.0,
  "synthetic_detection_rate": 1.0,
  "near_duplicate_rate": 0.15,
  "combination_coverage": 0.5333333333333333,
  "entropy/intent": 0.8207140722512382,
  "entropy/difficulty": 0.9320201587042913,
  "entropy/ambiguity": 0.9850568223215079,
  "entropy/style": 0.8433532525013715,
  "entropy/noise": 0.9592101522724051,
  "entropy/scenario_type": 0.9497012164384108,
  "coverage/intent": 1.0,
  "coverage/difficulty": 1.0,
  "coverage/ambiguity": 1.0,
  "coverage/style": 0.8333333333333334,
  "coverage/noise": 1.0,
  "coverage/scenario_type": 1.0,
  "pack_accuracy": 0.5,
  "pack_confidence": 0.89375,
  "mode_seeking_ratio": 0.2369699519161171,
  "text_distance_mean": 0.9493064600615274,
  "banned_phrasings_total": 7.0,
  "banned_phrasings_new": 4.0
}