{
  "mode_seeking_ratio": 0.2369699519161171,
  "n_pairs": 120,
  "text_distance_mean": 0.9493064600615274,
  "target_distance_mean": 4.391666666666667,
  "attribute_sensitivity": {
    "noise": 0.0,
    "style": 0.0,
    "difficulty": 0.0,
    "intent": 0.0,
    "ambiguity": 0.0,
    "scenario_type": 0.0
  }
}