{
  "run_dir": "E:\\Projects\\PromptForge\\experiments\\banking77_v294_seed41\\full_attrforge\\20260602T135612Z",
  "n_iterations": 3,
  "final_prompt_version": 2,
  "metric_history": [
    {
      "iteration": 0.0,
      "attribute_match_rate": 0.375,
      "discriminator_accuracy": 0.9166666666666666,
      "synthetic_detection_rate": 1.0,
      "near_duplicate_rate": 0.25,
      "combination_coverage": 0.4666666666666667,
      "entropy/intent": 0.8746845143040606,
      "entropy/difficulty": 0.9497012164384108,
      "entropy/ambiguity": 0.9320201587042913,
      "entropy/style": 0.9099617502405772,
      "entropy/noise": 0.9690222556651344,
      "entropy/scenario_type": 0.9965119062478287,
      "coverage/intent": 0.8,
      "coverage/difficulty": 1.0,
      "coverage/ambiguity": 1.0,
      "coverage/style": 1.0,
      "coverage/noise": 1.0,
      "coverage/scenario_type": 1.0,
      "pack_accuracy": 0.625,
      "pack_confidence": 0.89375,
      "mode_seeking_ratio": 0.21541615483285353,
      "text_distance_mean": 0.92327952879649,
      "banned_phrasings_total": 0.0,
      "banned_phrasings_new": 0.0,
      "coverage_classifier_auroc": 1.0
    },
    {
      "iteration": 1.0,
      "attribute_match_rate": 0.1875,
      "discriminator_accuracy": 0.4166666666666667,
      "synthetic_detection_rate": 0.0,
      "near_duplicate_rate": 0.25,
      "combination_coverage": 0.43333333333333335,
      "entropy/intent": 0.8512585011900043,
      "entropy/difficulty": 0.946394630357186,
      "entropy/ambiguity": 0.9755307720176264,
      "entropy/style": 0.8122368321121995,
      "entropy/noise": 0.9415787376332126,
      "entropy/scenario_type": 0.9755307720176264,
      "coverage/intent": 0.8,
      "coverage/difficulty": 1.0,
      "coverage/ambiguity": 1.0,
      "coverage/style": 0.8333333333333334,
      "coverage/noise": 1.0,
      "coverage/scenario_type": 1.0,
      "pack_accuracy": 0.375,
      "pack_confidence": 0.89375,
      "mode_seeking_ratio": 0.21476048771908124,
      "text_distance_mean": 0.9315935399946154,
      "banned_phrasings_total": 1.0,
      "banned_phrasings_new": 1.0,
      "coverage_classifier_auroc": 1.0
    },
    {
      "iteration": 2.0,
      "attribute_match_rate": 0.3125,
      "discriminator_accuracy": 0.7083333333333334,
      "synthetic_detection_rate": 0.25,
      "near_duplicate_rate": 0.25,
      "combination_coverage": 0.5,
      "entropy/intent": 0.8746845143040606,
      "entropy/difficulty": 0.8957541375001009,
      "entropy/ambiguity": 0.9497012164384108,
      "entropy/style": 0.8226867783253707,
      "entropy/noise": 0.9283832117695864,
      "entropy/scenario_type": 0.9497012164384108,
      "coverage/intent": 0.8,
      "coverage/difficulty": 1.0,
      "coverage/ambiguity": 1.0,
      "coverage/style": 0.8333333333333334,
      "coverage/noise": 1.0,
      "coverage/scenario_type": 1.0,
      "pack_accuracy": 0.5,
      "pack_confidence": 0.8875,
      "mode_seeking_ratio": 0.228402801239697,
      "text_distance_mean": 0.9502402836144712,
      "banned_phrasings_total": 1.0,
      "banned_phrasings_new": 0.0,
      "coverage_classifier_auroc": 1.0
    }
  ],
  "prompt_history": [
    {
      "version": 0,
      "iteration": 0,
      "prompt": "Generate realistic banking customer-support messages that match the requested intent\nand style. The example should be plausible for a customer support channel\n(email, chat, in-app form). Keep it short to medium length. Output a JSON\nobject with the sample id, the text, and the attribute values.\n",
      "motivation": "initial prompt",
      "feedback_summary": {},
      "timestamp": "2026-06-02T13:56:12.817279+00:00"
    },
    {
      "version": 1,
      "iteration": 1,
      "prompt": "\"\"\"Generate realistic banking customer-support messages that match the requested intent and style. The example should be plausible for a customer support channel (email, chat, in-app form) and should vary in tone from formal to emotional expressions of frustration or confusion. Keep the length short to medium. Output a JSON object with the sample id, the text, and the attribute values.\n\n**Preferred phrasings:**\n- \"Why is the exchange rate on my card wrong?\"\n- \"What do I do if my card is stolen?\"\n- \"There's an error with the rate that is charged.\"\n- \"Why is the exchange rate for my payment incorrect?\"\n\n**Forbidden phrasings:**\n- Avoid conversational openers like \"Hey\" or \"Dear customer support.\"\n- Do not use repetitive sentence structures or emotional expressions related solely to card arrival or loss.\n\nEnsure the messages reflect a range of difficulties, from easy to medium, and include varied scenarios such as transaction issues, card handling, and inquiries about payment discrepancies. Strive for diversity in sentence construction to avoid redundancy while maintaining clarity and coherence. Aim for a balance between formal inquiries and emotional expressions, ensuring that the generated messages are both realistic and representative of actual customer interactions.",
      "motivation": "The batch exhibits a good variety of intents and styles, but there are notable redundancies in phrasing and structure, particularly in the emotional and informal styles. Several samples also share similar sentence constructions, leading to a lack of nuanced diversity.",
      "feedback_summary": {
        "iteration": 0,
        "n_attribute_failures": 10,
        "n_realism_artifacts": 4,
        "near_duplicate_rate": 0.25,
        "pack_accuracy": 0.625,
        "mode_seeking_ratio": 0.21541615483285353,
        "n_banned_phrasings": 0,
        "missing_modes": [
          "formal and concise inquiries",
          "emotional expressions of frustration or confusion",
          "fragmented requests for assistance"
        ],
        "overrepresented_modes": [
          "informal style with conversational openings like 'Hey' or 'I think'",
          "emotional expressions related to card arrival or loss",
          "verbose explanations of issues"
        ],
        "metrics": {
          "attribute_match_rate": 0.375,
          "discriminator_accuracy": 0.9166666666666666,
          "synthetic_detection_rate": 1.0,
          "near_duplicate_rate": 0.25,
          "combination_coverage": 0.4666666666666667,
          "entropy/intent": 0.8746845143040606,
          "entropy/difficulty": 0.9497012164384108,
          "entropy/ambiguity": 0.9320201587042913,
          "entropy/style": 0.9099617502405772,
          "entropy/noise": 0.9690222556651344,
          "entropy/scenario_type": 0.9965119062478287,
          "coverage/intent": 0.8,
          "coverage/difficulty": 1.0,
          "coverage/ambiguity": 1.0,
          "coverage/style": 1.0,
          "coverage/noise": 1.0,
          "coverage/scenario_type": 1.0,
          "pack_accuracy": 0.625,
          "pack_confidence": 0.89375,
          "mode_seeking_ratio": 0.21541615483285353,
          "text_distance_mean": 0.92327952879649,
          "banned_phrasings_total": 0.0,
          "banned_phrasings_new": 0.0,
          "coverage_classifier_auroc": 1.0
        }
      },
      "timestamp": "2026-06-02T14:02:43.230623+00:00"
    },
    {
      "version": 2,
      "iteration": 2,