{
  "mode_seeking_ratio": 0.24655541834010924,
  "n_pairs": 120,
  "text_distance_mean": 0.9639906791766403,
  "target_distance_mean": 4.191666666666666,
  "attribute_sensitivity": {
    "style": 0.0,
    "intent": 0.9383697869614225,
    "scenario_type": 0.0,
    "difficulty": 0.0,
    "noise": 0.0,
    "polarity_intensity": 0.0
  }
}