{
  "run_dir": "E:\\Projects\\PromptForge\\experiments\\trec_run_001_seed23\\diversity_only\\20260602T073752Z",
  "n_iterations": 3,
  "final_prompt_version": 2,
  "metric_history": [
    {
      "iteration": 0.0,
      "attribute_match_rate": 0.0,
      "discriminator_accuracy": 0.5,
      "synthetic_detection_rate": 0.5,
      "near_duplicate_rate": 0.1,
      "combination_coverage": 0.6666666666666666,
      "entropy/intent": 0.9400664543100068,
      "entropy/difficulty": 0.9755307720176264,
      "entropy/ambiguity": 0.8868595071429147,
      "entropy/style": 0.9388906303246313,
      "entropy/noise": 0.9618974703476993,
      "entropy/scenario_type": 0.902518266288633,
      "coverage/intent": 1.0,
      "coverage/difficulty": 1.0,
      "coverage/ambiguity": 1.0,
      "coverage/style": 1.0,
      "coverage/noise": 1.0,
      "coverage/scenario_type": 1.0,
      "mode_seeking_ratio": 0.22739523752673005,
      "text_distance_mean": 0.9661279011521821,
      "coverage_classifier_auroc": 1.0
    },
    {
      "iteration": 1.0,
      "attribute_match_rate": 0.0,
      "discriminator_accuracy": 0.5,
      "synthetic_detection_rate": 0.5,
      "near_duplicate_rate": 0.15,
      "combination_coverage": 0.6111111111111112,
      "entropy/intent": 0.9488801212514659,
      "entropy/difficulty": 0.9755307720176264,
      "entropy/ambiguity": 0.9850568223215079,
      "entropy/style": 0.8285333834977017,
      "entropy/noise": 0.9681390622295665,
      "entropy/scenario_type": 0.9681390622295665,
      "coverage/intent": 1.0,
      "coverage/difficulty": 1.0,
      "coverage/ambiguity": 1.0,
      "coverage/style": 0.8,
      "coverage/noise": 1.0,
      "coverage/scenario_type": 1.0,
      "mode_seeking_ratio": 0.2230737266628236,
      "text_distance_mean": 0.9594500605200765,
      "coverage_classifier_auroc": 1.0
    },
    {
      "iteration": 2.0,
      "attribute_match_rate": 0.0,
      "discriminator_accuracy": 0.5,
      "synthetic_detection_rate": 0.5,
      "near_duplicate_rate": 0.15,
      "combination_coverage": 0.5555555555555556,
      "entropy/intent": 0.9099617502405772,
      "entropy/difficulty": 0.9965119062478287,
      "entropy/ambiguity": 0.8620485698650452,
      "entropy/style": 0.810901968858509,
      "entropy/noise": 0.9681390622295665,
      "entropy/scenario_type": 0.9886085007312413,
      "coverage/intent": 1.0,
      "coverage/difficulty": 1.0,
      "coverage/ambiguity": 1.0,
      "coverage/style": 0.8,
      "coverage/noise": 1.0,
      "coverage/scenario_type": 1.0,
      "mode_seeking_ratio": 0.22599913806171004,
      "text_distance_mean": 0.9564883812978253,
      "coverage_classifier_auroc": 1.0
    }
  ],
  "prompt_history": [
    {
      "version": 0,
      "iteration": 0,
      "prompt": "Generate realistic open-domain English questions that match the requested\nTREC question-type category. The example should be a single complete question\nthat ends with a question mark and reads as something a user might ask in\nan open-domain QA system. Match the requested style and noise level. Output\na JSON object with the sample id, the text, and the attribute values.\n",
      "motivation": "initial prompt",
      "feedback_summary": {},
      "timestamp": "2026-06-02T07:37:52.054441+00:00"
    },
    {
      "version": 1,
      "iteration": 1,
      "prompt": "\"\"\"Generate realistic open-domain English questions that match the requested TREC question-type category. Each example should be a single complete question that ends with a question mark and reflects a natural user inquiry in an open-domain QA system. Strive for varied phrasing and ensure all samples include complete details to minimize missing information. Incorporate edge cases or rare scenarios to enhance diversity. Output a JSON object with the sample id, the text, and the attribute values.\n\nForbidden phrasings: Avoid using the following structures: \"What does [abbreviation] stand for?\", \"What is [abbreviation] an abbreviation for?\", \"What\u2019s the abbreviation for [term]?\". \n\nEnsure that the generated questions cover a wide range of intents, styles, and scenarios while maintaining a balance in difficulty and ambiguity. Aim for a diverse set of questions that reflect different contexts and user needs, reducing the likelihood of near-duplicates. Consider varying the structure of questions, such as using different interrogative forms or incorporating specific contexts to enrich the dataset. \n\nYour output should be concise and clear, adhering to the guidelines while promoting a realistic and diverse representation of user inquiries in the specified category.\"\"\"",
      "motivation": "The batch of synthetic samples demonstrates a good coverage of attribute values, but there are notable issues with missing details and typos across several entries. Additionally, some intents and scenarios could benefit from more diverse phrasing.",
      "feedback_summary": {
        "iteration": 0,
        "n_attribute_failures": 0,
        "n_realism_artifacts": 0,
        "near_duplicate_rate": 0.1,
        "pack_accuracy": null,
        "mode_seeking_ratio": 0.22739523752673005,
        "n_banned_phrasings": 0,
        "missing_modes": [],
        "overrepresented_modes": [],
        "metrics": {
          "attribute_match_rate": 0.0,
          "discriminator_accuracy": 0.5,
          "synthetic_detection_rate": 0.5,
          "near_duplicate_rate": 0.1,
          "combination_coverage": 0.6666666666666666,
          "entropy/intent": 0.9400664543100068,
          "entropy/difficulty": 0.9755307720176264,
          "entropy/ambiguity": 0.8868595071429147,
          "entropy/style": 0.9388906303246313,
          "entropy/noise": 0.9618974703476993,
          "entropy/scenario_type": 0.902518266288633,
          "coverage/intent": 1.0,
          "coverage/difficulty": 1.0,
          "coverage/ambiguity": 1.0,
          "coverage/style": 1.0,
          "coverage/noise": 1.0,
          "coverage/scenario_type": 1.0,
          "mode_seeking_ratio": 0.22739523752673005,
          "text_distance_mean": 0.9661279011521821,
          "coverage_classifier_auroc": 1.0
        }
      },
      "timestamp": "2026-06-02T07:38:40.594621+00:00"
    },
    {
      "version": 2,
      "iteration": 2,
      "prompt": "\"\"\"\"\"\"Generate realistic open-domain English questions that match the requested TREC question-type category. Each example should be a single complete question that ends with a question mark and reflects a natural user inquiry in an open-domain QA system. Strive for varied phrasing, including fragmented styles, and ensure all samples include complete details to minimize missing information. Incorporate edge cases or rare scenarios to enhance diversity. Output a JSON object with the sample id, the text, and the attribute values.\n\nForbidden phrasings: Avoid using the following structures: \"What does [abbreviation] stand for?\", \"What is [abbreviation] an abbreviation for?\", \"What\u2019s the abbreviation for [term]?\".\n\nEnsure that the generated questions cover a wide range of intents, styles, and scenarios while maintaining a balance in difficulty and ambiguity. Aim for a diverse set of questions that reflect different contexts and user needs, reducing the likelihood of near-duplicates. Consider varying the structure of questions by using different interrogative forms, incorporating specific contexts, and including fragmented styles to enrich the dataset.\n\nYour output should be concise and clear, adhering to the guidelines while promoting a realistic and diverse representation of user inquiries in the specified category. Aim for a balanced mix of formal, informal, and concise styles to enhance overall diversity and engagement.\"\"\"\"\"\"",