{
  "mode_seeking_ratio": 0.22101980098916457,
  "n_pairs": 120,
  "text_distance_mean": 0.9407636627078337,
  "target_distance_mean": 4.6,
  "attribute_sensitivity": {
    "style": 0.9317414450891187,
    "ambiguity": 0.0,
    "noise": 0.0,
    "scenario_type": 0.0,
    "difficulty": 0.0,
    "intent": 0.0
  }
}