{
  "attribute_match_rate": 0.0,
  "discriminator_accuracy": 0.5,
  "synthetic_detection_rate": 0.5,
  "near_duplicate_rate": 0.1,
  "combination_coverage": 0.6666666666666666,
  "entropy/intent": 0.9400664543100068,
  "entropy/difficulty": 0.9755307720176264,
  "entropy/ambiguity": 0.8868595071429147,
  "entropy/style": 0.9388906303246313,
  "entropy/noise": 0.9618974703476993,
  "entropy/scenario_type": 0.902518266288633,
  "coverage/intent": 1.0,
  "coverage/difficulty": 1.0,
  "coverage/ambiguity": 1.0,
  "coverage/style": 1.0,
  "coverage/noise": 1.0,
  "coverage/scenario_type": 1.0,
  "mode_seeking_ratio": 0.22739523752673005,
  "text_distance_mean": 0.9661279011521821,
  "coverage_classifier_auroc": 1.0
}