{
  "mode_seeking_ratio": 0.24172372714233717,
  "n_pairs": 120,
  "text_distance_mean": 0.96632653387683,
  "target_distance_mean": 4.391666666666667,
  "attribute_sensitivity": {
    "scenario_type": 0.942937151929007,
    "intent": 0.0,
    "style": 0.0,
    "ambiguity": 0.0,
    "noise": 0.0,
    "difficulty": 0.7180164190288807
  }
}