{
  "attribute_match_rate": 0.25,
  "discriminator_accuracy": 0.4375,
  "synthetic_detection_rate": 0.4375,
  "near_duplicate_rate": 0.25,
  "combination_coverage": 1.0,
  "entropy/intent": 0.8960382325345574,
  "entropy/difficulty": 0.9755307720176264,
  "entropy/polarity_intensity": 0.9965119062478287,
  "entropy/style": 0.9158830010682758,
  "entropy/noise": 0.9414280318460244,
  "entropy/scenario_type": 0.8822716235122602,
  "coverage/intent": 1.0,
  "coverage/difficulty": 1.0,
  "coverage/polarity_intensity": 1.0,
  "coverage/style": 1.0,
  "coverage/noise": 1.0,
  "coverage/scenario_type": 0.8333333333333334,
  "pack_accuracy": 0.5,
  "pack_confidence": 0.0,
  "mode_seeking_ratio": 0.24846354854284722,
  "text_distance_mean": 0.9632641160409313,
  "banned_phrasings_total": 0.0,
  "banned_phrasings_new": 0.0,
  "coverage_classifier_auroc": 0.5
}