{
  "mode_seeking_ratio": 0.24846354854284722,
  "n_pairs": 120,
  "text_distance_mean": 0.9632641160409313,
  "target_distance_mean": 4.258333333333334,
  "attribute_sensitivity": {
    "style": 0.0,
    "scenario_type": 0.6571318799265602,
    "intent": 0.0,
    "polarity_intensity": 0.0,
    "noise": 0.0,
    "difficulty": 0.0
  }
}