{
  "attribute_match_rate": 0.4583333333333333,
  "discriminator_accuracy": 0.2916666666666667,
  "synthetic_detection_rate": 0.2916666666666667,
  "near_duplicate_rate": 0.25,
  "combination_coverage": 0.8888888888888888,
  "entropy/intent": 0.9941242220390273,
  "entropy/difficulty": 0.9808340377961401,
  "entropy/ambiguity": 0.9680589902708631,
  "entropy/style": 0.9646872283675247,
  "entropy/noise": 0.9515535841814057,
  "entropy/scenario_type": 0.9745411476764105,
  "coverage/intent": 1.0,
  "coverage/difficulty": 1.0,
  "coverage/ambiguity": 1.0,
  "coverage/style": 1.0,
  "coverage/noise": 1.0,
  "coverage/scenario_type": 1.0,
  "pack_accuracy": 0.5,
  "pack_confidence": 0.0,
  "mode_seeking_ratio": 0.2230605261612216,
  "text_distance_mean": 0.9598545421240133,
  "banned_phrasings_total": 0.0,
  "banned_phrasings_new": 0.0,
  "coverage_classifier_auroc": 0.5
}