{
  "mode_seeking_ratio": 0.2230605261612216,
  "n_pairs": 276,
  "text_distance_mean": 0.9598545421240133,
  "target_distance_mean": 4.543478260869565,
  "attribute_sensitivity": {
    "ambiguity": 0.0,
    "intent": 0.0,
    "style": 0.0,
    "difficulty": 0.0,
    "scenario_type": 0.0,
    "noise": 0.0
  }
}