{
  "run_dir": "E:\\Projects\\PromptForge\\experiments\\loo_run_002_seed53\\no_coverage_hole\\20260602T083321Z",
  "n_iterations": 3,
  "final_prompt_version": 2,
  "metric_history": [
    {
      "iteration": 0.0,
      "attribute_match_rate": 0.0625,
      "discriminator_accuracy": 0.7083333333333334,
      "synthetic_detection_rate": 0.3,
      "near_duplicate_rate": 0.15,
      "combination_coverage": 0.7333333333333333,
      "entropy/intent": 0.9388906303246313,
      "entropy/difficulty": 0.9497012164384108,
      "entropy/ambiguity": 0.9755307720176264,
      "entropy/style": 0.9607329284860076,
      "entropy/noise": 0.9822177815287606,
      "entropy/scenario_type": 0.9755307720176264,
      "coverage/intent": 1.0,
      "coverage/difficulty": 1.0,
      "coverage/ambiguity": 1.0,
      "coverage/style": 1.0,
      "coverage/noise": 1.0,
      "coverage/scenario_type": 1.0,
      "pack_accuracy": 0.75,
      "pack_confidence": 0.89375,
      "mode_seeking_ratio": 0.2220052603696087,
      "text_distance_mean": 0.9471539053124238,
      "banned_phrasings_total": 4.0,
      "banned_phrasings_new": 4.0
    },
    {
      "iteration": 1.0,
      "attribute_match_rate": 0.0625,
      "discriminator_accuracy": 0.7916666666666666,
      "synthetic_detection_rate": 0.5,
      "near_duplicate_rate": 0.15,
      "combination_coverage": 0.7333333333333333,
      "entropy/intent": 0.9080636898218125,
      "entropy/difficulty": 0.9755307720176264,
      "entropy/ambiguity": 0.946394630357186,
      "entropy/style": 0.9607329284860076,
      "entropy/noise": 0.796580116665631,
      "entropy/scenario_type": 0.7559752426306121,
      "coverage/intent": 1.0,
      "coverage/difficulty": 1.0,
      "coverage/ambiguity": 1.0,
      "coverage/style": 1.0,
      "coverage/noise": 0.8,
      "coverage/scenario_type": 1.0,
      "pack_accuracy": 0.625,
      "pack_confidence": 0.8875,
      "mode_seeking_ratio": 0.24533526892132063,
      "text_distance_mean": 0.946922146504492,
      "banned_phrasings_total": 8.0,
      "banned_phrasings_new": 4.0
    },
    {
      "iteration": 2.0,
      "attribute_match_rate": 0.125,
      "discriminator_accuracy": 0.9583333333333334,
      "synthetic_detection_rate": 0.875,
      "near_duplicate_rate": 0.25,
      "combination_coverage": 0.7333333333333333,
      "entropy/intent": 0.9954133073923868,
      "entropy/difficulty": 0.9755307720176264,
      "entropy/ambiguity": 0.9497012164384108,
      "entropy/style": 0.8433532525013714,
      "entropy/noise": 0.8207140722512382,
      "entropy/scenario_type": 0.7871203566965331,
      "coverage/intent": 1.0,
      "coverage/difficulty": 1.0,
      "coverage/ambiguity": 1.0,
      "coverage/style": 1.0,
      "coverage/noise": 0.8,
      "coverage/scenario_type": 1.0,
      "pack_accuracy": 0.5,
      "pack_confidence": 0.88125,
      "mode_seeking_ratio": 0.23661748838988622,
      "text_distance_mean": 0.9505811833099306,
      "banned_phrasings_total": 12.0,
      "banned_phrasings_new": 4.0
    }
  ],
  "prompt_history": [
    {
      "version": 0,
      "iteration": 0,
      "prompt": "Generate realistic customer support messages that match the requested intent\nand style. The example should be plausible for a customer support channel\n(email, chat, in-app form). Keep it short to medium length. Output a JSON\nobject with the sample id, the text, and the attribute values.\n",
      "motivation": "initial prompt",
      "feedback_summary": {},
      "timestamp": "2026-06-02T08:33:21.049861+00:00"
    },
    {
      "version": 1,
      "iteration": 1,
      "prompt": "\"\"\"Generate realistic customer support messages that align with the specified intent and style. Ensure the examples reflect a variety of scenarios, including edge cases and common issues. The messages should vary in complexity, with some presenting medium to hard difficulty levels and others being straightforward. Incorporate diverse intents such as 'technical_problem', 'complaint', and 'general_question', while avoiding repetitive phrasing. Output a JSON object containing the sample id, the text, and the attribute values.\n\nForbidden phrasings:\n- \"I can't believe I still haven't gotten my refund!\"\n- 'Hey, so like, I was just wondering about the thing with my account?'\n- 'I appreciate your service; however, I am quite frustrated'\n- 'my dog just ate my homework, can you help me with that?'\n\nFocus on creating messages that include:\n- Clear intent and context, with some ambiguity for complexity.\n- A mix of formal and informal styles, ensuring some messages are fragmented or conversational.\n- Scenarios that reflect both common issues and rare edge cases, particularly for technical problems and complaints.\n- Variation in sentence structure and vocabulary to enhance diversity and realism.\n\nKeep the messages concise, ranging from short to medium length, and ensure they are plausible for customer support channels (email, chat, in-app form).\"\"\"",
      "motivation": "The batch of synthetic samples demonstrates a good coverage of the attribute schema, but there are some missing attribute combinations and near-duplicate phrasings that could be improved for better diversity. Additionally, certain edge cases are underrepresented.",
      "feedback_summary": {
        "iteration": 0,
        "n_attribute_failures": 15,
        "n_realism_artifacts": 3,
        "near_duplicate_rate": 0.15,
        "pack_accuracy": 0.75,
        "mode_seeking_ratio": 0.2220052603696087,
        "n_banned_phrasings": 4,
        "missing_modes": [
          "No samples exhibit the 'technical_problem' intent with a 'common' scenario_type.",
          "No samples exhibit the 'complaint' intent with a 'common' scenario_type and 'clean' noise.",
          "No samples exhibit the 'general_question' intent with a 'hard' difficulty."
        ],
        "overrepresented_modes": [
          "The 'refund_request' intent appears frequently across various styles and difficulties.",
          "The 'account_issue' intent is also common, particularly in informal style."
        ],
        "metrics": {
          "attribute_match_rate": 0.0625,
          "discriminator_accuracy": 0.7083333333333334,
          "synthetic_detection_rate": 0.3,
          "near_duplicate_rate": 0.15,
          "combination_coverage": 0.7333333333333333,
          "entropy/intent": 0.9388906303246313,
          "entropy/difficulty": 0.9497012164384108,
          "entropy/ambiguity": 0.9755307720176264,
          "entropy/style": 0.9607329284860076,
          "entropy/noise": 0.9822177815287606,
          "entropy/scenario_type": 0.9755307720176264,
          "coverage/intent": 1.0,
          "coverage/difficulty": 1.0,
          "coverage/ambiguity": 1.0,
          "coverage/style": 1.0,
          "coverage/noise": 1.0,
          "coverage/scenario_type": 1.0,
          "pack_accuracy": 0.75,
          "pack_confidence": 0.89375,
          "mode_seeking_ratio": 0.2220052603696087,
          "text_distance_mean": 0.9471539053124238,
          "banned_phrasings_total": 4.0,
          "banned_phrasings_new": 4.0
        }
      },
      "timestamp": "2026-06-02T08:35:04.323689+00:00"
    },
    {
      "version": 2,
      "iteration": 2,