{
  "mode_seeking_ratio": 0.2571269832782297,
  "n_pairs": 120,
  "text_distance_mean": 0.9617047041906824,
  "target_distance_mean": 4.233333333333333,
  "attribute_sensitivity": {
    "difficulty": 0.0,
    "scenario_type": 0.9307406244707518,
    "polarity_intensity": 0.0,
    "noise": 0.0,
    "style": 0.8435972879492186,
    "intent": 0.0
  }
}