{
  "mode_seeking_ratio": 0.23011464776008114,
  "n_pairs": 120,
  "text_distance_mean": 0.9620004213693133,
  "target_distance_mean": 4.458333333333333,
  "attribute_sensitivity": {
    "scenario_type": 0.0,
    "style": 0.0,
    "noise": 0.9298463554960819,
    "intent": 0.0,
    "ambiguity": 0.0,
    "difficulty": 0.0
  }
}