{
  "attribute_match_rate": 0.0,
  "discriminator_accuracy": 0.5,
  "synthetic_detection_rate": 0.5,
  "near_duplicate_rate": 0.15,
  "combination_coverage": 1.0,
  "entropy/intent": 0.9886994082884974,
  "entropy/difficulty": 0.9497012164384108,
  "entropy/polarity_intensity": 0.9755307720176264,
  "entropy/style": 0.9256951044610051,
  "entropy/noise": 0.8903195311147832,
  "entropy/scenario_type": 0.8339150226079424,
  "coverage/intent": 1.0,
  "coverage/difficulty": 1.0,
  "coverage/polarity_intensity": 1.0,
  "coverage/style": 1.0,
  "coverage/noise": 1.0,
  "coverage/scenario_type": 0.8333333333333334,
  "mode_seeking_ratio": 0.24555836167574588,
  "text_distance_mean": 0.958538434635084,
  "coverage_classifier_auroc": 1.0
}