{
  "mode_seeking_ratio": 0.2393780182498332,
  "n_pairs": 120,
  "text_distance_mean": 0.9457566345503357,
  "target_distance_mean": 4.375,
  "attribute_sensitivity": {
    "scenario_type": 0.0,
    "intent": 0.0,
    "style": 0.8744499831976771,
    "ambiguity": 0.0,
    "noise": 0.0,
    "difficulty": 0.0
  }
}