{
  "run_dir": "E:\\Projects\\PromptForge\\experiments\\trec_run_001_seed89\\diversity_only\\20260602T083252Z",
  "n_iterations": 3,
  "final_prompt_version": 2,
  "metric_history": [
    {
      "iteration": 0.0,
      "attribute_match_rate": 0.0,
      "discriminator_accuracy": 0.5,
      "synthetic_detection_rate": 0.5,
      "near_duplicate_rate": 0.2,
      "combination_coverage": 0.5555555555555556,
      "entropy/intent": 0.9218145574751188,
      "entropy/difficulty": 0.9850568223215079,
      "entropy/ambiguity": 0.946394630357186,
      "entropy/style": 0.8839297342362052,
      "entropy/noise": 0.875,
      "entropy/scenario_type": 0.9056390622295664,
      "coverage/intent": 1.0,
      "coverage/difficulty": 1.0,
      "coverage/ambiguity": 1.0,
      "coverage/style": 1.0,
      "coverage/noise": 1.0,
      "coverage/scenario_type": 1.0,
      "mode_seeking_ratio": 0.2422982046618329,
      "text_distance_mean": 0.9542001080643924,
      "coverage_classifier_auroc": 1.0
    },
    {
      "iteration": 1.0,
      "attribute_match_rate": 0.0,
      "discriminator_accuracy": 0.5,
      "synthetic_detection_rate": 0.5,
      "near_duplicate_rate": 0.15,
      "combination_coverage": 0.5555555555555556,
      "entropy/intent": 0.9306282244165778,
      "entropy/difficulty": 0.9497012164384108,
      "entropy/ambiguity": 0.9320201587042913,
      "entropy/style": 0.9822177815287606,
      "entropy/noise": 0.9414280318460244,
      "entropy/scenario_type": 0.902518266288633,
      "coverage/intent": 1.0,
      "coverage/difficulty": 1.0,
      "coverage/ambiguity": 1.0,
      "coverage/style": 1.0,
      "coverage/noise": 1.0,
      "coverage/scenario_type": 1.0,
      "mode_seeking_ratio": 0.22057665528448686,
      "text_distance_mean": 0.9443590870732159,
      "coverage_classifier_auroc": 1.0
    },
    {
      "iteration": 2.0,
      "attribute_match_rate": 0.0,
      "discriminator_accuracy": 0.5,
      "synthetic_detection_rate": 0.5,
      "near_duplicate_rate": 0.15,
      "combination_coverage": 0.6111111111111112,
      "entropy/intent": 0.8616051493362594,
      "entropy/difficulty": 0.9965119062478287,
      "entropy/ambiguity": 0.9497012164384108,
      "entropy/style": 0.9822177815287606,
      "entropy/noise": 0.9681390622295665,
      "entropy/scenario_type": 0.8903195311147832,
      "coverage/intent": 0.8333333333333334,
      "coverage/difficulty": 1.0,
      "coverage/ambiguity": 1.0,
      "coverage/style": 1.0,
      "coverage/noise": 1.0,
      "coverage/scenario_type": 1.0,
      "mode_seeking_ratio": 0.22036077302024637,
      "text_distance_mean": 0.9379652394642816,
      "coverage_classifier_auroc": 1.0
    }
  ],
  "prompt_history": [
    {
      "version": 0,
      "iteration": 0,
      "prompt": "Generate realistic open-domain English questions that match the requested\nTREC question-type category. The example should be a single complete question\nthat ends with a question mark and reads as something a user might ask in\nan open-domain QA system. Match the requested style and noise level. Output\na JSON object with the sample id, the text, and the attribute values.\n",
      "motivation": "initial prompt",
      "feedback_summary": {},
      "timestamp": "2026-06-02T08:32:52.103495+00:00"
    },
    {
      "version": 1,
      "iteration": 1,
      "prompt": "\"\"\"Generate realistic open-domain English questions that match the requested TREC question-type category. Each example should be a single complete question that ends with a question mark and reflects a natural inquiry a user might pose in an open-domain QA system. Ensure a variety of phrasing styles and scenarios to minimize redundancy and enhance diversity. Include specific details to avoid ambiguity and maintain clarity. Output a JSON object with the sample id, the text, and the attribute values.\n\n**Forbidden phrasings:** Avoid using overly fragmented or ambiguous questions. \n\nConsider including questions that explore less common scenarios or edge cases to enrich the dataset. Aim for a balance in difficulty levels and ensure that all questions are fully formed and contextually relevant. Strive for a mix of intents, such as definitions, comparisons, and explanations, to cover a broad spectrum of user inquiries. \n\nExample question types to inspire diversity: \n- What does [abbreviation] stand for?\n- How does [concept] relate to [another concept]?\n- Can you explain the significance of [event or term]?\n\nThis approach will help create a more robust and varied set of questions that better represent user needs in an open-domain QA context.\"\"\"",
      "motivation": "The batch exhibits a good coverage of attribute values, but there are issues with missing details and typos across several samples. Additionally, some intents and scenarios are repeated, leading to potential redundancy.",
      "feedback_summary": {
        "iteration": 0,
        "n_attribute_failures": 0,
        "n_realism_artifacts": 0,
        "near_duplicate_rate": 0.2,
        "pack_accuracy": null,
        "mode_seeking_ratio": 0.2422982046618329,
        "n_banned_phrasings": 0,
        "missing_modes": [],
        "overrepresented_modes": [
          "fragmented",
          "high ambiguity"
        ],
        "metrics": {
          "attribute_match_rate": 0.0,
          "discriminator_accuracy": 0.5,
          "synthetic_detection_rate": 0.5,
          "near_duplicate_rate": 0.2,
          "combination_coverage": 0.5555555555555556,
          "entropy/intent": 0.9218145574751188,
          "entropy/difficulty": 0.9850568223215079,
          "entropy/ambiguity": 0.946394630357186,
          "entropy/style": 0.8839297342362052,
          "entropy/noise": 0.875,
          "entropy/scenario_type": 0.9056390622295664,
          "coverage/intent": 1.0,
          "coverage/difficulty": 1.0,
          "coverage/ambiguity": 1.0,
          "coverage/style": 1.0,
          "coverage/noise": 1.0,
          "coverage/scenario_type": 1.0,
          "mode_seeking_ratio": 0.2422982046618329,
          "text_distance_mean": 0.9542001080643924,
          "coverage_classifier_auroc": 1.0
        }
      },
      "timestamp": "2026-06-02T08:33:31.618683+00:00"
    },
    {
      "version": 2,
      "iteration": 2,
      "prompt": "\"\"\"\"\"\"Generate realistic open-domain English questions that align with the requested TREC question-type category. Each question should be a complete inquiry, ending with a question mark, that reflects a natural user query in an open-domain QA system. Ensure a wide variety of phrasing styles, contexts, and difficulty levels to minimize redundancy and enhance diversity. Include specific details to maintain clarity and avoid ambiguity. Output a JSON object containing the sample id, the text, and the attribute values.\n\n**Forbidden phrasings:** Avoid overly fragmented, ambiguous, or repetitive questions.\n\nIncorporate questions that explore diverse scenarios, including less common contexts, to enrich the dataset. Strive for a balanced representation of intents, such as definitions, comparisons, and explanations, while varying the difficulty levels across different intents. \n\nExample question types to inspire diversity:\n- What does [abbreviation] refer to in a technical context?\n- How is [concept] connected to [another concept] in practical applications?\n- Can you describe the impact of [event or term] on society?\n\nThis approach will help create a more robust and varied set of questions that better reflect user needs in an open-domain QA context, while reducing near-duplicate phrasings and enhancing overall diversity in scenarios and styles.\"\"\"\"\"\"",
      "motivation": "The batch of synthetic samples demonstrates a good variety of attributes with no missing modes. However, there are some near-duplicate phrasings and a few overrepresented modes that could be addressed for improved diversity.",
      "feedback_summary": {
        "iteration": 1,