{
  "run_dir": "E:\\Projects\\PromptForge\\experiments\\loo_run_002_seed53\\no_mode_hunter\\20260602T082822Z",
  "n_iterations": 3,
  "final_prompt_version": 2,
  "metric_history": [
    {
      "iteration": 0.0,
      "attribute_match_rate": 0.0625,
      "discriminator_accuracy": 0.0,
      "synthetic_detection_rate": 0.0,
      "near_duplicate_rate": 0.15,
      "combination_coverage": 0.7333333333333333,
      "entropy/intent": 0.9388906303246313,
      "entropy/difficulty": 0.9497012164384108,
      "entropy/ambiguity": 0.9755307720176264,
      "entropy/style": 0.9607329284860076,
      "entropy/noise": 0.9822177815287606,
      "entropy/scenario_type": 0.9755307720176264,
      "coverage/intent": 1.0,
      "coverage/difficulty": 1.0,
      "coverage/ambiguity": 1.0,
      "coverage/style": 1.0,
      "coverage/noise": 1.0,
      "coverage/scenario_type": 1.0,
      "pack_accuracy": 0.875,
      "pack_confidence": 0.86875,
      "mode_seeking_ratio": 0.22153051955301648,
      "text_distance_mean": 0.9443943641463072,
      "coverage_classifier_auroc": 1.0
    },
    {
      "iteration": 1.0,
      "attribute_match_rate": 0.125,
      "discriminator_accuracy": 1.0,
      "synthetic_detection_rate": 1.0,
      "near_duplicate_rate": 0.15,
      "combination_coverage": 0.7333333333333333,
      "entropy/intent": 0.9080636898218125,
      "entropy/difficulty": 0.9755307720176264,
      "entropy/ambiguity": 0.946394630357186,
      "entropy/style": 0.9607329284860076,
      "entropy/noise": 0.796580116665631,
      "entropy/scenario_type": 0.7559752426306121,
      "coverage/intent": 1.0,
      "coverage/difficulty": 1.0,
      "coverage/ambiguity": 1.0,
      "coverage/style": 1.0,
      "coverage/noise": 0.8,
      "coverage/scenario_type": 1.0,
      "pack_accuracy": 0.375,
      "pack_confidence": 0.9,
      "mode_seeking_ratio": 0.2445103736426244,
      "text_distance_mean": 0.9462703802708344,
      "coverage_classifier_auroc": 1.0
    },
    {
      "iteration": 2.0,
      "attribute_match_rate": 0.125,
      "discriminator_accuracy": 1.0,
      "synthetic_detection_rate": 1.0,
      "near_duplicate_rate": 0.15,
      "combination_coverage": 0.7333333333333333,
      "entropy/intent": 0.9954133073923868,
      "entropy/difficulty": 0.9755307720176264,
      "entropy/ambiguity": 0.9497012164384108,
      "entropy/style": 0.8433532525013714,
      "entropy/noise": 0.8207140722512382,
      "entropy/scenario_type": 0.7871203566965331,
      "coverage/intent": 1.0,
      "coverage/difficulty": 1.0,
      "coverage/ambiguity": 1.0,
      "coverage/style": 1.0,
      "coverage/noise": 0.8,
      "coverage/scenario_type": 1.0,
      "pack_accuracy": 0.625,
      "pack_confidence": 0.875,
      "mode_seeking_ratio": 0.2365962726339924,
      "text_distance_mean": 0.9510232557068755,
      "coverage_classifier_auroc": 1.0
    }
  ],
  "prompt_history": [
    {
      "version": 0,
      "iteration": 0,
      "prompt": "Generate realistic customer support messages that match the requested intent\nand style. The example should be plausible for a customer support channel\n(email, chat, in-app form). Keep it short to medium length. Output a JSON\nobject with the sample id, the text, and the attribute values.\n",
      "motivation": "initial prompt",
      "feedback_summary": {},
      "timestamp": "2026-06-02T08:28:22.093358+00:00"
    },
    {
      "version": 1,
      "iteration": 1,
      "prompt": "\"\"\"Generate realistic customer support messages that align with the requested intent and style. Ensure the messages reflect a range of scenarios, including common and edge cases, and vary in complexity from easy to hard. Incorporate both formal and informal tones, and include personal touches to enhance realism. Avoid repetitive phrasing and strive for diverse expressions of intent. Output a JSON object containing the sample id, the text, and the attribute values.\n\nForbidden phrasings:\n- \"I am experiencing an issue with\"\n- \"I can't seem to\"\n- \"Hey team\"\n- \"Lol\"\n\nFocus on the following intents: general questions, refund requests, technical problems, and account issues. Each message should maintain clarity while introducing an appropriate level of ambiguity and noise. Aim for a mix of short and medium-length messages, ensuring that they feel genuine and relatable. The goal is to create a varied dataset that captures the nuances of customer interactions across different support channels (email, chat, in-app form).\"\"\"",
      "motivation": "The batch exhibits a good coverage of attribute values, but there are some near-duplicate phrasings and a few missing attribute combinations. Additionally, certain scenarios could benefit from more diverse examples.",
      "feedback_summary": {
        "iteration": 0,
        "n_attribute_failures": 15,
        "n_realism_artifacts": 14,
        "near_duplicate_rate": 0.15,
        "pack_accuracy": 0.875,
        "mode_seeking_ratio": 0.22153051955301648,
        "n_banned_phrasings": 0,
        "missing_modes": [],
        "overrepresented_modes": [
          "informal style",
          "edge_case scenario_type"
        ],
        "metrics": {
          "attribute_match_rate": 0.0625,
          "discriminator_accuracy": 0.0,
          "synthetic_detection_rate": 0.0,
          "near_duplicate_rate": 0.15,
          "combination_coverage": 0.7333333333333333,
          "entropy/intent": 0.9388906303246313,
          "entropy/difficulty": 0.9497012164384108,
          "entropy/ambiguity": 0.9755307720176264,
          "entropy/style": 0.9607329284860076,
          "entropy/noise": 0.9822177815287606,
          "entropy/scenario_type": 0.9755307720176264,
          "coverage/intent": 1.0,
          "coverage/difficulty": 1.0,
          "coverage/ambiguity": 1.0,
          "coverage/style": 1.0,
          "coverage/noise": 1.0,
          "coverage/scenario_type": 1.0,
          "pack_accuracy": 0.875,
          "pack_confidence": 0.86875,
          "mode_seeking_ratio": 0.22153051955301648,
          "text_distance_mean": 0.9443943641463072,
          "coverage_classifier_auroc": 1.0
        }
      },
      "timestamp": "2026-06-02T08:29:49.819121+00:00"
    },
    {
      "version": 2,
      "iteration": 2,
      "prompt": "\"\"\"\"\"\"Generate realistic customer support messages that align with the requested intent and style. Ensure the messages reflect a wide range of scenarios, including common and edge cases, and vary in complexity from easy to hard. Incorporate both formal and informal tones, and add personal touches for enhanced realism. Avoid repetitive phrasing and strive for diverse expressions of intent. Output a JSON object containing the sample id, the text, and the attribute values.\n\nForbidden phrasings:\n- \"I am experiencing an issue with\"\n- \"I can't seem to\"\n- \"Hey team\"\n- \"Lol\"\n\nFocus on the following intents: general questions, refund requests, technical problems, and account issues. Each message should maintain clarity while introducing an appropriate level of ambiguity and noise, including elements like typos, missing details, or contradictions. Aim for a mix of short and medium-length messages, ensuring they feel genuine and relatable. Strive for a varied dataset that captures the nuances of customer interactions across different support channels (email, chat, in-app form). Avoid common patterns and encourage unique phrasings to minimize near-duplicates. Aim for emotional depth and specificity while balancing the representation of styles and noise types. Ensure that some messages reflect urgency or frustration, while others maintain a neutral tone. \"\"\"\"\"\"",
      "motivation": "The batch exhibits a good variety of intents, difficulties, and styles, but there are missing noise types and some overrepresentation of certain styles. Additionally, there are near-duplicate phrasings that need to be addressed.",
      "feedback_summary": {
        "iteration": 1,