{
  "mode_seeking_ratio": 0.23498702754235096,
  "n_pairs": 120,
  "text_distance_mean": 0.9591477115483521,
  "target_distance_mean": 4.433333333333334,
  "attribute_sensitivity": {
    "scenario_type": 0.0,
    "style": 0.0,
    "noise": 0.0,
    "intent": 1.0,
    "ambiguity": 0.0,
    "difficulty": 0.0
  }
}