{
  "attribute_match_rate": 0.6363636363636364,
  "discriminator_accuracy": 0.5454545454545454,
  "synthetic_detection_rate": 0.5454545454545454,
  "near_duplicate_rate": 0.25,
  "combination_coverage": 1.0,
  "entropy/intent": 0.9940302114769566,
  "entropy/difficulty": 0.9741707427017493,
  "entropy/polarity_intensity": 0.9643787017331664,
  "entropy/style": 0.9166222909544273,
  "entropy/noise": 0.9849226290193992,
  "entropy/scenario_type": 0.9202359289475054,
  "coverage/intent": 1.0,
  "coverage/difficulty": 1.0,
  "coverage/polarity_intensity": 1.0,
  "coverage/style": 1.0,
  "coverage/noise": 1.0,
  "coverage/scenario_type": 1.0,
  "pack_accuracy": 0.5,
  "pack_confidence": 0.0,
  "mode_seeking_ratio": 0.2577976820543415,
  "text_distance_mean": 0.9707335199817017,
  "banned_phrasings_total": 0.0,
  "banned_phrasings_new": 0.0,
  "coverage_classifier_auroc": 0.5
}