{
  "attribute_match_rate": 0.0625,
  "discriminator_accuracy": 0.9166666666666666,
  "synthetic_detection_rate": 0.8,
  "near_duplicate_rate": 0.15,
  "combination_coverage": 0.8,
  "entropy/intent": 0.9592101522724051,
  "entropy/difficulty": 0.9755307720176264,
  "entropy/ambiguity": 0.895014514573153,
  "entropy/style": 0.7737056144690831,
  "entropy/noise": 0.9724056781360315,
  "entropy/scenario_type": 0.9497012164384108,
  "coverage/intent": 1.0,
  "coverage/difficulty": 1.0,
  "coverage/ambiguity": 1.0,
  "coverage/style": 1.0,
  "coverage/noise": 1.0,
  "coverage/scenario_type": 1.0,
  "pack_accuracy": 0.375,
  "pack_confidence": 0.88125,
  "mode_seeking_ratio": 0.22972900629755683,
  "text_distance_mean": 0.9499081658877626,
  "banned_phrasings_total": 7.0,
  "banned_phrasings_new": 4.0
}