{
  "attribute_match_rate": 0.0,
  "discriminator_accuracy": 0.0,
  "synthetic_detection_rate": 0.0,
  "near_duplicate_rate": 0.15,
  "combination_coverage": 0.8333333333333334,
  "entropy/intent": 0.9886994082884974,
  "entropy/difficulty": 0.895014514573153,
  "entropy/polarity_intensity": 0.9965119062478287,
  "entropy/style": 0.9822177815287606,
  "entropy/noise": 0.9248008763572907,
  "entropy/scenario_type": 0.8423415361816292,
  "coverage/intent": 1.0,
  "coverage/difficulty": 1.0,
  "coverage/polarity_intensity": 1.0,
  "coverage/style": 1.0,
  "coverage/noise": 1.0,
  "coverage/scenario_type": 1.0
}