{
  "mode_seeking_ratio": 0.22791728167238728,
  "n_pairs": 120,
  "text_distance_mean": 0.899489939385752,
  "target_distance_mean": 4.241666666666666,
  "attribute_sensitivity": {
    "style": 0.0,
    "difficulty": 0.0,
    "noise": 0.0,
    "ambiguity": 0.0,
    "scenario_type": 0.0,
    "intent": 0.0
  }
}