{
  "attribute_match_rate": 0.0,
  "discriminator_accuracy": 0.7916666666666666,
  "synthetic_detection_rate": 1.0,
  "near_duplicate_rate": 0.15,
  "combination_coverage": 0.6666666666666666,
  "entropy/intent": 0.9886994082884974,
  "entropy/difficulty": 0.6021808102656678,
  "entropy/polarity_intensity": 0.9965119062478287,
  "entropy/style": 0.9592101522724051,
  "entropy/noise": 0.9681390622295665,
  "entropy/scenario_type": 0.9607329284860076,
  "coverage/intent": 1.0,
  "coverage/difficulty": 0.6666666666666666,
  "coverage/polarity_intensity": 1.0,
  "coverage/style": 1.0,
  "coverage/noise": 1.0,
  "coverage/scenario_type": 1.0,
  "pack_accuracy": 0.5,
  "pack_confidence": 0.8666666666666667,
  "mode_seeking_ratio": 0.2500899565063304,
  "text_distance_mean": 0.9620796312566978,
  "banned_phrasings_total": 1.0,
  "banned_phrasings_new": 1.0,
  "coverage_classifier_auroc": 1.0
}