{
  "run_dir": "E:\\Projects\\PromptForge\\experiments\\banking77_v297_seed53\\full_attrforge\\20260602T190000Z",
  "n_iterations": 3,
  "final_prompt_version": 2,
  "metric_history": [
    {
      "iteration": 0.0,
      "attribute_match_rate": 0.8636363636363636,
      "discriminator_accuracy": 0.9583333333333334,
      "synthetic_detection_rate": 1.0,
      "near_duplicate_rate": 0.25,
      "combination_coverage": 0.6333333333333333,
      "entropy/intent": 0.9933677963248574,
      "entropy/difficulty": 0.9056185178648963,
      "entropy/ambiguity": 0.9741707427017493,
      "entropy/style": 0.8879653190238082,
      "entropy/noise": 0.9094862157597151,
      "entropy/scenario_type": 0.929252365043453,
      "coverage/intent": 1.0,
      "coverage/difficulty": 1.0,
      "coverage/ambiguity": 1.0,
      "coverage/style": 1.0,
      "coverage/noise": 1.0,
      "coverage/scenario_type": 1.0,
      "pack_accuracy": 0.375,
      "pack_confidence": 0.89375,
      "mode_seeking_ratio": 0.22629270339191918,
      "text_distance_mean": 0.9423885202932092,
      "banned_phrasings_total": 2.0,
      "banned_phrasings_new": 2.0,
      "coverage_classifier_auroc": 1.0
    },
    {
      "iteration": 1.0,
      "attribute_match_rate": 0.9090909090909091,
      "discriminator_accuracy": 0.20833333333333334,
      "synthetic_detection_rate": 0.5,
      "near_duplicate_rate": 0.25,
      "combination_coverage": 0.6333333333333333,
      "entropy/intent": 0.9933677963248574,
      "entropy/difficulty": 0.992215060722018,
      "entropy/ambiguity": 0.9643787017331664,
      "entropy/style": 0.8739554185477134,
      "entropy/noise": 0.966642565201544,
      "entropy/scenario_type": 0.9445113717563273,
      "coverage/intent": 1.0,
      "coverage/difficulty": 1.0,
      "coverage/ambiguity": 1.0,
      "coverage/style": 0.8333333333333334,
      "coverage/noise": 1.0,
      "coverage/scenario_type": 1.0,
      "pack_accuracy": 0.375,
      "pack_confidence": 0.89375,
      "mode_seeking_ratio": 0.2190186778396596,
      "text_distance_mean": 0.9412830098034997,
      "banned_phrasings_total": 2.0,
      "banned_phrasings_new": 0.0,
      "coverage_classifier_auroc": 1.0
    },
    {
      "iteration": 2.0,
      "attribute_match_rate": 0.9,
      "discriminator_accuracy": 1.0,
      "synthetic_detection_rate": 1.0,
      "near_duplicate_rate": 0.25,
      "combination_coverage": 0.5,
      "entropy/intent": 0.9999999999999998,
      "entropy/difficulty": 0.9835386311891134,
      "entropy/ambiguity": 0.9835386311891134,
      "entropy/style": 0.8427162189454547,
      "entropy/noise": 0.9674887648835618,
      "entropy/scenario_type": 0.946394630357186,
      "coverage/intent": 1.0,
      "coverage/difficulty": 1.0,
      "coverage/ambiguity": 1.0,
      "coverage/style": 1.0,
      "coverage/noise": 1.0,
      "coverage/scenario_type": 1.0,
      "pack_accuracy": 0.375,
      "pack_confidence": 0.89375,
      "mode_seeking_ratio": 0.21651422585936322,
      "text_distance_mean": 0.9388291177568155,
      "banned_phrasings_total": 2.0,
      "banned_phrasings_new": 0.0,
      "coverage_classifier_auroc": 1.0
    }
  ],
  "prompt_history": [
    {
      "version": 0,
      "iteration": 0,
      "prompt": "Generate realistic banking customer-support messages that match the requested intent\nand style. The example should be plausible for a customer support channel\n(email, chat, in-app form). Keep it short to medium length. Output a JSON\nobject with the sample id, the text, and the attribute values.\n",
      "motivation": "initial prompt",
      "feedback_summary": {},
      "timestamp": "2026-06-02T19:00:00.423036+00:00"
    },
    {
      "version": 1,
      "iteration": 1,
      "prompt": "\"\"\"Generate realistic banking customer-support messages that match the requested intent and style. The example should be plausible for a customer support channel (email, chat, in-app form). Keep it short to medium length. Output a JSON object with the sample id, the text, and the attribute values.\n\nPreferred phrasings:\n- What do I do if my card is stolen?\n- Why is the exchange rate for my payment incorrect?\n- What do I need to do if the ATM kept my card?\n- What do I do if my card gets broken?\n\nForbidden phrasings:\n- 'I\u2019m really upset!'\n- 'Can you assist me with this issue?'\n\nEnsure that the generated messages include a variety of intents, such as inquiries about card issues, transaction disputes, and specific scenarios. Aim for a mix of formal and informal language, with varied sentence structures. Introduce edge cases and less common issues to enhance diversity. Avoid redundancy in phrasing and emotional expressions, focusing instead on clarity and straightforward requests. Aim for a balance between complexity and simplicity, ensuring that messages reflect realistic customer interactions without excessive detail or polished language. \n\nThe generated messages should cover a range of difficulties and ambiguities while maintaining a clear intent. Strive for unique expressions and avoid common phrases to enhance the overall diversity of the output.",
      "motivation": "The batch exhibits a variety of intents and styles, but there is significant redundancy in phrasing and surface patterns, particularly with informal and emotional styles. Several texts also share similar structures, leading to a lack of nuanced diversity.",
      "feedback_summary": {
        "iteration": 0,
        "n_attribute_failures": 3,
        "n_realism_artifacts": 3,
        "near_duplicate_rate": 0.25,
        "pack_accuracy": 0.375,
        "mode_seeking_ratio": 0.22629270339191918,
        "n_banned_phrasings": 2,
        "missing_modes": [
          "More formal inquiries with complex sentence structures.",
          "Examples of concise and straightforward requests without emotional undertones.",
          "Scenarios involving edge cases like card payment disputes or specific transaction types."
        ],
        "overrepresented_modes": [
          "Informal style with conversational phrases, especially in requests for assistance.",
          "Emotional expressions of frustration or anxiety, particularly regarding card issues."
        ],
        "metrics": {
          "attribute_match_rate": 0.8636363636363636,
          "discriminator_accuracy": 0.9583333333333334,
          "synthetic_detection_rate": 1.0,
          "near_duplicate_rate": 0.25,
          "combination_coverage": 0.6333333333333333,
          "entropy/intent": 0.9933677963248574,
          "entropy/difficulty": 0.9056185178648963,
          "entropy/ambiguity": 0.9741707427017493,
          "entropy/style": 0.8879653190238082,
          "entropy/noise": 0.9094862157597151,
          "entropy/scenario_type": 0.929252365043453,
          "coverage/intent": 1.0,
          "coverage/difficulty": 1.0,
          "coverage/ambiguity": 1.0,
          "coverage/style": 1.0,
          "coverage/noise": 1.0,
          "coverage/scenario_type": 1.0,
          "pack_accuracy": 0.375,
          "pack_confidence": 0.89375,
          "mode_seeking_ratio": 0.22629270339191918,
          "text_distance_mean": 0.9423885202932092,
          "banned_phrasings_total": 2.0,
          "banned_phrasings_new": 2.0,
          "coverage_classifier_auroc": 1.0
        }
      },
      "timestamp": "2026-06-02T19:02:40.992274+00:00"
    },
    {
      "version": 2,
      "iteration": 2,