{
  "run_dir": "E:\\Projects\\PromptForge\\experiments\\main_run_002_seed17\\diversity_only\\20260601T061447Z",
  "n_iterations": 3,
  "final_prompt_version": 2,
  "metric_history": [
    {
      "iteration": 0.0,
      "attribute_match_rate": 0.0,
      "discriminator_accuracy": 0.5,
      "synthetic_detection_rate": 0.5,
      "near_duplicate_rate": 0.15,
      "combination_coverage": 0.6,
      "entropy/intent": 0.9080636898218125,
      "entropy/difficulty": 0.9755307720176264,
      "entropy/ambiguity": 0.8387794678549644,
      "entropy/style": 0.9218145574751188,
      "entropy/noise": 0.9954133073923868,
      "entropy/scenario_type": 0.707676529682256,
      "coverage/intent": 1.0,
      "coverage/difficulty": 1.0,
      "coverage/ambiguity": 1.0,
      "coverage/style": 1.0,
      "coverage/noise": 1.0,
      "coverage/scenario_type": 1.0,
      "mode_seeking_ratio": 0.24227041892825066,
      "text_distance_mean": 0.9478615789830526,
      "coverage_classifier_auroc": 1.0
    },
    {
      "iteration": 1.0,
      "attribute_match_rate": 0.0,
      "discriminator_accuracy": 0.5,
      "synthetic_detection_rate": 0.5,
      "near_duplicate_rate": 0.15,
      "combination_coverage": 0.6,
      "entropy/intent": 0.796580116665631,
      "entropy/difficulty": 0.9497012164384108,
      "entropy/ambiguity": 0.9497012164384108,
      "entropy/style": 0.8156631257730544,
      "entropy/noise": 0.9256951044610051,
      "entropy/scenario_type": 0.9497012164384108,
      "coverage/intent": 0.8,
      "coverage/difficulty": 1.0,
      "coverage/ambiguity": 1.0,
      "coverage/style": 0.8333333333333334,
      "coverage/noise": 1.0,
      "coverage/scenario_type": 1.0,
      "mode_seeking_ratio": 0.24318528432187214,
      "text_distance_mean": 0.9555480715838928,
      "coverage_classifier_auroc": 1.0
    },
    {
      "iteration": 2.0,
      "attribute_match_rate": 0.0,
      "discriminator_accuracy": 0.5,
      "synthetic_detection_rate": 0.5,
      "near_duplicate_rate": 0.15,
      "combination_coverage": 0.8,
      "entropy/intent": 0.9592101522724051,
      "entropy/difficulty": 0.9497012164384108,
      "entropy/ambiguity": 0.9497012164384108,
      "entropy/style": 0.8156631257730544,
      "entropy/noise": 0.796580116665631,
      "entropy/scenario_type": 0.9755307720176264,
      "coverage/intent": 1.0,
      "coverage/difficulty": 1.0,
      "coverage/ambiguity": 1.0,
      "coverage/style": 0.8333333333333334,
      "coverage/noise": 0.8,
      "coverage/scenario_type": 1.0,
      "mode_seeking_ratio": 0.23026650861278236,
      "text_distance_mean": 0.944796540632196,
      "coverage_classifier_auroc": 1.0
    }
  ],
  "prompt_history": [
    {
      "version": 0,
      "iteration": 0,
      "prompt": "Generate realistic customer support messages that match the requested intent\nand style. The example should be plausible for a customer support channel\n(email, chat, in-app form). Keep it short to medium length. Output a JSON\nobject with the sample id, the text, and the attribute values.\n",
      "motivation": "initial prompt",
      "feedback_summary": {},
      "timestamp": "2026-06-01T06:14:47.460792+00:00"
    },
    {
      "version": 1,
      "iteration": 1,
      "prompt": "\"\"\"Generate realistic customer support messages that align with the specified intent and style. Ensure the examples are plausible for various customer support channels (email, chat, in-app form) and cover a wide range of scenarios, including edge cases and less common intents. Vary the phrasing to minimize near-duplicates and ensure all combinations of attributes are represented. The output should be a JSON object containing the sample id, the text, and the attribute values.\n\nForbidden phrasings: None\n\nPlease include a mix of intents such as refund requests, technical problems, and general inquiries, while also incorporating unique scenarios like account verification issues, feature requests, and billing questions. Aim for a balance in representation to avoid over-representation of any single intent. Keep the messages concise, ranging from short to medium length, and ensure they reflect natural language usage.\n\nExample intents to cover:\n- general_question\n- refund_request\n- technical_problem\n- account_issue\n- feature_request\n- billing_inquiry\n\nOutput format:\n{\n  \"sample_id\": \"unique_identifier\",\n  \"text\": \"customer support message text here\",\n  \"attributes\": {\n    \"intent\": \"specific_intent\",\n    \"style\": \"communication_style\",\n    \"scenario_type\": \"type_of_interaction\",\n    \"difficulty\": \"ease_of_resolution\",\n    \"ambiguity\": \"clarity_level\",\n    \"noise\": \"external_factors\"\n  }\n}\n\"\"\"",
      "motivation": "The batch exhibits a good coverage of attribute values, but there are some missing combinations and potential near-duplicates. The diversity could be improved by including more edge cases and varying phrasing.",
      "feedback_summary": {
        "iteration": 0,
        "n_attribute_failures": 0,
        "n_realism_artifacts": 0,
        "near_duplicate_rate": 0.15,
        "pack_accuracy": null,
        "mode_seeking_ratio": 0.24227041892825066,
        "n_banned_phrasings": 0,
        "missing_modes": [],
        "overrepresented_modes": [
          "refund_request",
          "technical_problem"
        ],
        "metrics": {
          "attribute_match_rate": 0.0,
          "discriminator_accuracy": 0.5,
          "synthetic_detection_rate": 0.5,
          "near_duplicate_rate": 0.15,
          "combination_coverage": 0.6,
          "entropy/intent": 0.9080636898218125,
          "entropy/difficulty": 0.9755307720176264,
          "entropy/ambiguity": 0.8387794678549644,
          "entropy/style": 0.9218145574751188,
          "entropy/noise": 0.9954133073923868,
          "entropy/scenario_type": 0.707676529682256,
          "coverage/intent": 1.0,
          "coverage/difficulty": 1.0,
          "coverage/ambiguity": 1.0,
          "coverage/style": 1.0,
          "coverage/noise": 1.0,
          "coverage/scenario_type": 1.0,
          "mode_seeking_ratio": 0.24227041892825066,
          "text_distance_mean": 0.9478615789830526,
          "coverage_classifier_auroc": 1.0
        }
      },
      "timestamp": "2026-06-01T06:15:29.292490+00:00"
    },
    {
      "version": 2,
      "iteration": 2,