{
  "run_dir": "E:\\Projects\\PromptForge\\experiments\\trec_run_001_seed89\\full_attrforge\\20260602T084011Z",
  "n_iterations": 3,
  "final_prompt_version": 2,
  "metric_history": [
    {
      "iteration": 0.0,
      "attribute_match_rate": 0.0,
      "discriminator_accuracy": 0.9166666666666666,
      "synthetic_detection_rate": 1.0,
      "near_duplicate_rate": 0.15,
      "combination_coverage": 0.5555555555555556,
      "entropy/intent": 0.9218145574751188,
      "entropy/difficulty": 0.9850568223215079,
      "entropy/ambiguity": 0.946394630357186,
      "entropy/style": 0.8839297342362052,
      "entropy/noise": 0.875,
      "entropy/scenario_type": 0.9056390622295664,
      "coverage/intent": 1.0,
      "coverage/difficulty": 1.0,
      "coverage/ambiguity": 1.0,
      "coverage/style": 1.0,
      "coverage/noise": 1.0,
      "coverage/scenario_type": 1.0,
      "pack_accuracy": 0.8333333333333334,
      "pack_confidence": 0.8666666666666667,
      "mode_seeking_ratio": 0.24248637547947968,
      "text_distance_mean": 0.9550559507691829,
      "banned_phrasings_total": 0.0,
      "banned_phrasings_new": 0.0,
      "coverage_classifier_auroc": 1.0
    },
    {
      "iteration": 1.0,
      "attribute_match_rate": 0.0,
      "discriminator_accuracy": 1.0,
      "synthetic_detection_rate": 1.0,
      "near_duplicate_rate": 0.15,
      "combination_coverage": 0.5555555555555556,
      "entropy/intent": 0.9306282244165778,
      "entropy/difficulty": 0.9497012164384108,
      "entropy/ambiguity": 0.9320201587042913,
      "entropy/style": 0.9822177815287606,
      "entropy/noise": 0.9414280318460244,
      "entropy/scenario_type": 0.902518266288633,
      "coverage/intent": 1.0,
      "coverage/difficulty": 1.0,
      "coverage/ambiguity": 1.0,
      "coverage/style": 1.0,
      "coverage/noise": 1.0,
      "coverage/scenario_type": 1.0,
      "pack_accuracy": 0.6666666666666666,
      "pack_confidence": 0.8833333333333333,
      "mode_seeking_ratio": 0.22391960568775665,
      "text_distance_mean": 0.9541127948484471,
      "banned_phrasings_total": 0.0,
      "banned_phrasings_new": 0.0,
      "coverage_classifier_auroc": 1.0
    },
    {
      "iteration": 2.0,
      "attribute_match_rate": 0.0,
      "discriminator_accuracy": 0.08333333333333333,
      "synthetic_detection_rate": 0.0,
      "near_duplicate_rate": 0.15,
      "combination_coverage": 0.6111111111111112,
      "entropy/intent": 0.8616051493362594,
      "entropy/difficulty": 0.9965119062478287,
      "entropy/ambiguity": 0.9497012164384108,
      "entropy/style": 0.9822177815287606,
      "entropy/noise": 0.9681390622295665,
      "entropy/scenario_type": 0.8903195311147832,
      "coverage/intent": 0.8333333333333334,
      "coverage/difficulty": 1.0,
      "coverage/ambiguity": 1.0,
      "coverage/style": 1.0,
      "coverage/noise": 1.0,
      "coverage/scenario_type": 1.0,
      "pack_accuracy": 0.8333333333333334,
      "pack_confidence": 0.8833333333333333,
      "mode_seeking_ratio": 0.22685299806187204,
      "text_distance_mean": 0.9627460827416237,
      "banned_phrasings_total": 1.0,
      "banned_phrasings_new": 1.0,
      "coverage_classifier_auroc": 1.0
    }
  ],
  "prompt_history": [
    {
      "version": 0,
      "iteration": 0,
      "prompt": "Generate realistic open-domain English questions that match the requested\nTREC question-type category. The example should be a single complete question\nthat ends with a question mark and reads as something a user might ask in\nan open-domain QA system. Match the requested style and noise level. Output\na JSON object with the sample id, the text, and the attribute values.\n",
      "motivation": "initial prompt",
      "feedback_summary": {},
      "timestamp": "2026-06-02T08:40:11.420552+00:00"
    },
    {
      "version": 1,
      "iteration": 1,
      "prompt": "\"\"\"Generate open-domain English questions that align with the specified TREC question-type category. Each question should be a single, complete sentence ending with a question mark, reflecting the natural language a user might employ in an open-domain QA system. Ensure that the questions vary in style, difficulty, and ambiguity while maintaining a realistic tone. Avoid generic structures; instead, incorporate specific contexts and nuances. Output a JSON object containing the sample id, the text of the question, and the relevant attribute values.\n\nForbidden phrasings:\n- \"What are some...\"\n- \"How do...\"\n- \"How does...\"\n- \"What are the...\"\n\nFocus on generating questions that:\n1. Include diverse intents and scenarios, such as definitions, comparisons, and abbreviations.\n2. Reflect varying difficulty levels, from straightforward inquiries to more complex ones.\n3. Maintain a clean style with minimal typos and clear language.\n4. Avoid repetitive structures and phrasing to enhance diversity.\n\nAim for a balance in attributes to ensure a rich dataset that captures a wide range of user inquiries while adhering to the specified constraints. The final output should reflect a blend of realism, diversity, and attribute fidelity.\"",
      "motivation": "The batch exhibits a good variety of intents, difficulties, ambiguities, styles, noises, and scenario types. However, there are several instances of typos and fragmented styles that could be improved for clarity and quality.",
      "feedback_summary": {
        "iteration": 0,
        "n_attribute_failures": 16,
        "n_realism_artifacts": 8,
        "near_duplicate_rate": 0.15,
        "pack_accuracy": 0.8333333333333334,
        "mode_seeking_ratio": 0.24248637547947968,
        "n_banned_phrasings": 0,
        "missing_modes": [],
        "overrepresented_modes": [
          "fragmented"
        ],
        "metrics": {
          "attribute_match_rate": 0.0,
          "discriminator_accuracy": 0.9166666666666666,
          "synthetic_detection_rate": 1.0,
          "near_duplicate_rate": 0.15,
          "combination_coverage": 0.5555555555555556,
          "entropy/intent": 0.9218145574751188,
          "entropy/difficulty": 0.9850568223215079,
          "entropy/ambiguity": 0.946394630357186,
          "entropy/style": 0.8839297342362052,
          "entropy/noise": 0.875,
          "entropy/scenario_type": 0.9056390622295664,
          "coverage/intent": 1.0,
          "coverage/difficulty": 1.0,
          "coverage/ambiguity": 1.0,
          "coverage/style": 1.0,
          "coverage/noise": 1.0,
          "coverage/scenario_type": 1.0,
          "pack_accuracy": 0.8333333333333334,
          "pack_confidence": 0.8666666666666667,
          "mode_seeking_ratio": 0.24248637547947968,
          "text_distance_mean": 0.9550559507691829,
          "banned_phrasings_total": 0.0,
          "banned_phrasings_new": 0.0,
          "coverage_classifier_auroc": 1.0
        }
      },
      "timestamp": "2026-06-02T08:41:52.405803+00:00"
    },
    {
      "version": 2,
      "iteration": 2,