{
  "run_dir": "E:\\Projects\\PromptForge\\experiments\\vs_run_001_seed41\\full_attrforge_vs\\20260602T074020Z",
  "n_iterations": 3,
  "final_prompt_version": 2,
  "metric_history": [
    {
      "iteration": 0.0,
      "attribute_match_rate": 0.0,
      "discriminator_accuracy": 0.75,
      "synthetic_detection_rate": 0.45454545454545453,
      "near_duplicate_rate": 0.15,
      "combination_coverage": 0.5333333333333333,
      "entropy/intent": 0.851541012754057,
      "entropy/difficulty": 0.9755307720176264,
      "entropy/ambiguity": 0.9850568223215079,
      "entropy/style": 0.9123763275816897,
      "entropy/noise": 0.9388906303246313,
      "entropy/scenario_type": 0.895014514573153,
      "coverage/intent": 0.8,
      "coverage/difficulty": 1.0,
      "coverage/ambiguity": 1.0,
      "coverage/style": 1.0,
      "coverage/noise": 1.0,
      "coverage/scenario_type": 1.0,
      "pack_accuracy": 0.5,
      "pack_confidence": 0.88125,
      "mode_seeking_ratio": 0.23098662926451569,
      "text_distance_mean": 0.9522946152084698,
      "banned_phrasings_total": 3.0,
      "banned_phrasings_new": 3.0,
      "coverage_classifier_auroc": 1.0
    },
    {
      "iteration": 1.0,
      "attribute_match_rate": 0.0,
      "discriminator_accuracy": 0.7083333333333334,
      "synthetic_detection_rate": 0.5833333333333334,
      "near_duplicate_rate": 0.15,
      "combination_coverage": 0.6666666666666666,
      "entropy/intent": 0.9158830010682758,
      "entropy/difficulty": 0.9320201587042913,
      "entropy/ambiguity": 0.9755307720176264,
      "entropy/style": 0.9789848253208956,
      "entropy/noise": 0.9362025230160498,
      "entropy/scenario_type": 0.9850568223215079,
      "coverage/intent": 1.0,
      "coverage/difficulty": 1.0,
      "coverage/ambiguity": 1.0,
      "coverage/style": 1.0,
      "coverage/noise": 1.0,
      "coverage/scenario_type": 1.0,
      "pack_accuracy": 0.375,
      "pack_confidence": 0.89375,
      "mode_seeking_ratio": 0.23244586950790058,
      "text_distance_mean": 0.9494933991700166,
      "banned_phrasings_total": 7.0,
      "banned_phrasings_new": 4.0,
      "coverage_classifier_auroc": 1.0
    },
    {
      "iteration": 2.0,
      "attribute_match_rate": 0.0625,
      "discriminator_accuracy": 1.0,
      "synthetic_detection_rate": 1.0,
      "near_duplicate_rate": 0.15,
      "combination_coverage": 0.5333333333333333,
      "entropy/intent": 0.8417289093613277,
      "entropy/difficulty": 0.7559752426306121,
      "entropy/ambiguity": 0.9497012164384108,
      "entropy/style": 0.9488801212514659,
      "entropy/noise": 0.9822177815287606,
      "entropy/scenario_type": 0.9497012164384108,
      "coverage/intent": 0.8,
      "coverage/difficulty": 1.0,
      "coverage/ambiguity": 1.0,
      "coverage/style": 1.0,
      "coverage/noise": 1.0,
      "coverage/scenario_type": 1.0,
      "pack_accuracy": 0.625,
      "pack_confidence": 0.90625,
      "mode_seeking_ratio": 0.24357902258621375,
      "text_distance_mean": 0.9583622021948791,
      "banned_phrasings_total": 11.0,
      "banned_phrasings_new": 4.0,
      "coverage_classifier_auroc": 1.0
    }
  ],
  "prompt_history": [
    {
      "version": 0,
      "iteration": 0,
      "prompt": "Generate realistic customer support messages that match the requested intent\nand style. The example should be plausible for a customer support channel\n(email, chat, in-app form). Keep it short to medium length. Output a JSON\nobject with the sample id, the text, and the attribute values.\n",
      "motivation": "initial prompt",
      "feedback_summary": {},
      "timestamp": "2026-06-02T07:40:20.118368+00:00"
    },
    {
      "version": 1,
      "iteration": 1,
      "prompt": "\"\"\"Generate realistic customer support messages that align with the specified intent and style, ensuring a variety of scenarios, including edge cases and technical problems. The messages should reflect genuine customer experiences, incorporating a mix of emotional tones and informal or formal language as appropriate. Avoid overly structured or scripted language; instead, aim for a natural flow that includes minor imperfections or noise typical of real conversations. \n\nOutput a JSON object containing the sample id, the text, and the attribute values, ensuring a balance of diverse intents, including general inquiries and technical issues. \n\nForbidden phrasings:\n- 'I seem to have encountered a unique issue.'\n- \"I can't believe how bad your customer service has become;\"\n- 'I believe my account is under a different name than what I registered, which is confusing.'\n\nRemember to include a range of difficulties and avoid redundancy in phrasing. Aim for messages that feel authentic and relatable, capturing the nuances of customer interactions in various support channels (email, chat, in-app form).\"\"\"",
      "motivation": "The batch demonstrates a strong coverage of attributes, but there are missing modes in the intent category, specifically 'technical_problem'. Additionally, there are some near-duplicate phrasings and overrepresented styles, particularly 'verbose' and 'informal'.",
      "feedback_summary": {
        "iteration": 0,
        "n_attribute_failures": 16,
        "n_realism_artifacts": 5,
        "near_duplicate_rate": 0.15,
        "pack_accuracy": 0.5,
        "mode_seeking_ratio": 0.23098662926451569,
        "n_banned_phrasings": 3,
        "missing_modes": [
          "technical_problem"
        ],
        "overrepresented_modes": [
          "verbose",
          "informal"
        ],
        "metrics": {
          "attribute_match_rate": 0.0,
          "discriminator_accuracy": 0.75,
          "synthetic_detection_rate": 0.45454545454545453,
          "near_duplicate_rate": 0.15,
          "combination_coverage": 0.5333333333333333,
          "entropy/intent": 0.851541012754057,
          "entropy/difficulty": 0.9755307720176264,
          "entropy/ambiguity": 0.9850568223215079,
          "entropy/style": 0.9123763275816897,
          "entropy/noise": 0.9388906303246313,
          "entropy/scenario_type": 0.895014514573153,
          "coverage/intent": 0.8,
          "coverage/difficulty": 1.0,
          "coverage/ambiguity": 1.0,
          "coverage/style": 1.0,
          "coverage/noise": 1.0,
          "coverage/scenario_type": 1.0,
          "pack_accuracy": 0.5,
          "pack_confidence": 0.88125,
          "mode_seeking_ratio": 0.23098662926451569,
          "text_distance_mean": 0.9522946152084698,
          "banned_phrasings_total": 3.0,
          "banned_phrasings_new": 3.0,
          "coverage_classifier_auroc": 1.0
        }
      },
      "timestamp": "2026-06-02T07:44:18.239257+00:00"
    },
    {
      "version": 2,
      "iteration": 2,