{
  "attribute_match_rate": 0.9047619047619048,
  "discriminator_accuracy": 0.16666666666666666,
  "synthetic_detection_rate": 0.0,
  "near_duplicate_rate": 0.25,
  "combination_coverage": 0.5333333333333333,
  "entropy/intent": 0.9960334049191263,
  "entropy/difficulty": 0.9748830897462034,
  "entropy/ambiguity": 0.9584114221179828,
  "entropy/style": 0.939856775397578,
  "entropy/noise": 0.9333296267537046,
  "entropy/scenario_type": 0.9526841246715824,
  "coverage/intent": 1.0,
  "coverage/difficulty": 1.0,
  "coverage/ambiguity": 1.0,
  "coverage/style": 1.0,
  "coverage/noise": 1.0,
  "coverage/scenario_type": 1.0,
  "pack_accuracy": 0.375,
  "pack_confidence": 0.90625,
  "mode_seeking_ratio": 0.21742355128099577,
  "text_distance_mean": 0.9432004944382592,
  "banned_phrasings_total": 3.0,
  "banned_phrasings_new": 2.0,
  "coverage_classifier_auroc": 1.0
}