{
  "attribute_match_rate": 0.9523809523809523,
  "discriminator_accuracy": 0.0,
  "synthetic_detection_rate": 0.0,
  "near_duplicate_rate": 0.25,
  "combination_coverage": 0.5333333333333333,
  "entropy/intent": 0.9960334049191263,
  "entropy/difficulty": 0.8559631658263382,
  "entropy/ambiguity": 0.9821410328348751,
  "entropy/style": 0.9048533288732312,
  "entropy/noise": 0.9898279823399508,
  "entropy/scenario_type": 0.9526841246715824,
  "coverage/intent": 1.0,
  "coverage/difficulty": 1.0,
  "coverage/ambiguity": 1.0,
  "coverage/style": 1.0,
  "coverage/noise": 1.0,
  "coverage/scenario_type": 1.0,
  "pack_accuracy": 0.625,
  "pack_confidence": 0.89375,
  "mode_seeking_ratio": 0.21813511402742763,
  "text_distance_mean": 0.9416685235372283,
  "banned_phrasings_total": 3.0,
  "banned_phrasings_new": 0.0,
  "coverage_classifier_auroc": 1.0
}