{
  "attribute_match_rate": 0.7142857142857143,
  "discriminator_accuracy": 0.5714285714285714,
  "synthetic_detection_rate": 0.5714285714285714,
  "near_duplicate_rate": 0.25,
  "combination_coverage": 0.7222222222222222,
  "entropy/intent": 0.9875702881442231,
  "entropy/difficulty": 0.9748830897462034,
  "entropy/ambiguity": 0.7865834126456138,
  "entropy/style": 0.9763945235672326,
  "entropy/noise": 0.9849500113113598,
  "entropy/scenario_type": 0.8881659264001537,
  "coverage/intent": 1.0,
  "coverage/difficulty": 1.0,
  "coverage/ambiguity": 1.0,
  "coverage/style": 1.0,
  "coverage/noise": 1.0,
  "coverage/scenario_type": 1.0,
  "pack_accuracy": 0.5,
  "pack_confidence": 0.0,
  "mode_seeking_ratio": 0.23293084948608345,
  "text_distance_mean": 0.9509964879047654,
  "banned_phrasings_total": 0.0,
  "banned_phrasings_new": 0.0,
  "coverage_classifier_auroc": 0.5
}