{
  "mode_seeking_ratio": 0.23293084948608345,
  "n_pairs": 210,
  "text_distance_mean": 0.9509964879047654,
  "target_distance_mean": 4.380952380952381,
  "attribute_sensitivity": {
    "scenario_type": 0.0,
    "difficulty": 0.0,
    "noise": 0.0,
    "style": 0.902917092551915,
    "intent": 0.0,
    "ambiguity": 0.0
  }
}