{
  "run_dir": "E:\\Projects\\PromptForge\\experiments\\sst2_run_001_seed53\\full_classic\\20260602T130606Z",
  "n_iterations": 3,
  "final_prompt_version": 2,
  "metric_history": [
    {
      "iteration": 0.0,
      "attribute_match_rate": 0.0,
      "discriminator_accuracy": 0.875,
      "synthetic_detection_rate": 1.0,
      "near_duplicate_rate": 0.15,
      "combination_coverage": 0.8333333333333334,
      "entropy/intent": 0.8112781244591328,
      "entropy/difficulty": 0.9850568223215079,
      "entropy/polarity_intensity": 0.9965119062478287,
      "entropy/style": 0.9388906303246313,
      "entropy/noise": 0.8514097655573916,
      "entropy/scenario_type": 0.9099617502405772,
      "coverage/intent": 1.0,
      "coverage/difficulty": 1.0,
      "coverage/polarity_intensity": 1.0,
      "coverage/style": 1.0,
      "coverage/noise": 1.0,
      "coverage/scenario_type": 1.0
    },
    {
      "iteration": 1.0,
      "attribute_match_rate": 0.0625,
      "discriminator_accuracy": 0.7083333333333334,
      "synthetic_detection_rate": 1.0,
      "near_duplicate_rate": 0.15,
      "combination_coverage": 1.0,
      "entropy/intent": 0.8960382325345574,
      "entropy/difficulty": 0.9755307720176264,
      "entropy/polarity_intensity": 0.9965119062478287,
      "entropy/style": 0.9158830010682758,
      "entropy/noise": 0.9414280318460244,
      "entropy/scenario_type": 0.8822716235122602,
      "coverage/intent": 1.0,
      "coverage/difficulty": 1.0,
      "coverage/polarity_intensity": 1.0,
      "coverage/style": 1.0,
      "coverage/noise": 1.0,
      "coverage/scenario_type": 0.8333333333333334
    },
    {
      "iteration": 2.0,
      "attribute_match_rate": 0.0,
      "discriminator_accuracy": 0.4583333333333333,
      "synthetic_detection_rate": 0.5714285714285714,
      "near_duplicate_rate": 0.15,
      "combination_coverage": 0.6666666666666666,
      "entropy/intent": 0.9886994082884974,
      "entropy/difficulty": 0.6021808102656678,
      "entropy/polarity_intensity": 0.9965119062478287,
      "entropy/style": 0.9592101522724051,
      "entropy/noise": 0.9681390622295665,
      "entropy/scenario_type": 0.9607329284860076,
      "coverage/intent": 1.0,
      "coverage/difficulty": 0.6666666666666666,
      "coverage/polarity_intensity": 1.0,
      "coverage/style": 1.0,
      "coverage/noise": 1.0,
      "coverage/scenario_type": 1.0
    }
  ],
  "prompt_history": [
    {
      "version": 0,
      "iteration": 0,
      "prompt": "Generate realistic short movie review sentences that match the requested\nsentiment polarity (positive or negative). Reviews should sound like\nnatural film criticism: short, opinionated, using a mix of explicit\nsentiment words and comparative judgments. Match the requested style,\nintensity, and scenario type. Output a JSON object with the sample id,\nthe text, and the attribute values.\n",
      "motivation": "initial prompt",
      "feedback_summary": {},
      "timestamp": "2026-06-02T13:06:06.978610+00:00"
    },
    {
      "version": 1,
      "iteration": 1,
      "prompt": " \nGenerate a diverse set of realistic short movie review sentences that align with the requested sentiment polarity (positive or negative). Each review should reflect natural film criticism, incorporating a mix of explicit sentiment words, comparative judgments, and varied styles. Ensure that the reviews exhibit a range of polarity intensities, from mild to strong, and include elements of humor, sarcasm, or poetic language where appropriate. Strive for authenticity by avoiding overly polished or scripted language, and introduce edge cases that challenge typical sentiment expressions. Output a JSON object containing the sample id, the text, and the attribute values, ensuring a balanced representation of styles and sentiments.\n\nForbidden phrasings: Avoid overly casual, overly polished, or vague expressions. \n",
      "motivation": "The batch exhibits a good variety of attributes, but there are instances of near-duplicate phrasings and a lack of edge cases. The distribution of attributes is balanced, with all modes represented.",
      "feedback_summary": {
        "iteration": 0,
        "n_attribute_failures": 16,
        "n_realism_artifacts": 9,
        "near_duplicate_rate": 0.15,
        "pack_accuracy": null,
        "mode_seeking_ratio": null,
        "n_banned_phrasings": 0,
        "missing_modes": [],
        "overrepresented_modes": [
          "sarcastic",
          "positive"
        ],
        "metrics": {
          "attribute_match_rate": 0.0,
          "discriminator_accuracy": 0.875,
          "synthetic_detection_rate": 1.0,
          "near_duplicate_rate": 0.15,
          "combination_coverage": 0.8333333333333334,
          "entropy/intent": 0.8112781244591328,
          "entropy/difficulty": 0.9850568223215079,
          "entropy/polarity_intensity": 0.9965119062478287,
          "entropy/style": 0.9388906303246313,
          "entropy/noise": 0.8514097655573916,
          "entropy/scenario_type": 0.9099617502405772,
          "coverage/intent": 1.0,
          "coverage/difficulty": 1.0,
          "coverage/polarity_intensity": 1.0,
          "coverage/style": 1.0,
          "coverage/noise": 1.0,
          "coverage/scenario_type": 1.0
        }
      },
      "timestamp": "2026-06-02T13:07:49.525424+00:00"
    },
    {
      "version": 2,
      "iteration": 2,
      "prompt": " \nGenerate a diverse set of realistic short movie review sentences that align with the requested sentiment polarity (positive or negative). Each review should reflect authentic film criticism, incorporating a mix of explicit sentiment words, comparative judgments, and varied styles. Ensure that the reviews exhibit a range of polarity intensities, from mild to strong, and include elements of humor, sarcasm, or poetic language where appropriate. Strive for authenticity by avoiding overly polished or scripted language, and introduce edge cases that challenge typical sentiment expressions. Include scenarios that address acting quality and overall verdicts to enhance diversity. Aim for a balanced representation of styles and sentiments, ensuring that some reviews reflect informal language and contain minor typos or noise to mimic natural speech patterns. \n\nOutput a JSON object containing the sample id, the text, and the attribute values.\n\nForbidden phrasings: Avoid overly casual, overly polished, vague expressions, and clich\u00e9s. \n",
      "motivation": "The batch exhibits a strong diversity in most attributes, but there is a notable absence of certain scenario types, particularly 'acting_quality' and 'overall_verdict'. Additionally, some styles and intents are overrepresented, leading to potential redundancy in phrasing.",
      "feedback_summary": {
        "iteration": 1,
        "n_attribute_failures": 15,
        "n_realism_artifacts": 16,
        "near_duplicate_rate": 0.15,
        "pack_accuracy": null,
        "mode_seeking_ratio": null,
        "n_banned_phrasings": 0,
        "missing_modes": [
          "acting_quality",
          "overall_verdict"
        ],
        "overrepresented_modes": [
          "positive intent",
          "easy difficulty",
          "concise style"
        ],
        "metrics": {
          "attribute_match_rate": 0.0625,
          "discriminator_accuracy": 0.7083333333333334,
          "synthetic_detection_rate": 1.0,
          "near_duplicate_rate": 0.15,
          "combination_coverage": 1.0,
          "entropy/intent": 0.8960382325345574,
          "entropy/difficulty": 0.9755307720176264,
          "entropy/polarity_intensity": 0.9965119062478287,
          "entropy/style": 0.9158830010682758,
          "entropy/noise": 0.9414280318460244,
          "entropy/scenario_type": 0.8822716235122602,
          "coverage/intent": 1.0,
          "coverage/difficulty": 1.0,
          "coverage/polarity_intensity": 1.0,
          "coverage/style": 1.0,
          "coverage/noise": 1.0,