{
  "run_dir": "E:\\Projects\\PromptForge\\experiments\\loo_run_002_seed17\\no_pack\\20260602T071039Z",
  "n_iterations": 3,
  "final_prompt_version": 2,
  "metric_history": [
    {
      "iteration": 0.0,
      "attribute_match_rate": 0.125,
      "discriminator_accuracy": 1.0,
      "synthetic_detection_rate": 1.0,
      "near_duplicate_rate": 0.25,
      "combination_coverage": 0.6,
      "entropy/intent": 0.9080636898218125,
      "entropy/difficulty": 0.9755307720176264,
      "entropy/ambiguity": 0.8387794678549644,
      "entropy/style": 0.9218145574751188,
      "entropy/noise": 0.9954133073923868,
      "entropy/scenario_type": 0.707676529682256,
      "coverage/intent": 1.0,
      "coverage/difficulty": 1.0,
      "coverage/ambiguity": 1.0,
      "coverage/style": 1.0,
      "coverage/noise": 1.0,
      "coverage/scenario_type": 1.0,
      "mode_seeking_ratio": 0.244312151288082,
      "text_distance_mean": 0.9566820463387492,
      "banned_phrasings_total": 4.0,
      "banned_phrasings_new": 4.0,
      "coverage_classifier_auroc": 1.0
    },
    {
      "iteration": 1.0,
      "attribute_match_rate": 0.125,
      "discriminator_accuracy": 0.5833333333333334,
      "synthetic_detection_rate": 0.25,
      "near_duplicate_rate": 0.15,
      "combination_coverage": 0.6,
      "entropy/intent": 0.796580116665631,
      "entropy/difficulty": 0.9497012164384108,
      "entropy/ambiguity": 0.9497012164384108,
      "entropy/style": 0.8156631257730544,
      "entropy/noise": 0.9256951044610051,
      "entropy/scenario_type": 0.9497012164384108,
      "coverage/intent": 0.8,
      "coverage/difficulty": 1.0,
      "coverage/ambiguity": 1.0,
      "coverage/style": 0.8333333333333334,
      "coverage/noise": 1.0,
      "coverage/scenario_type": 1.0,
      "mode_seeking_ratio": 0.24360846610903175,
      "text_distance_mean": 0.957941026007574,
      "banned_phrasings_total": 8.0,
      "banned_phrasings_new": 4.0,
      "coverage_classifier_auroc": 1.0
    },
    {
      "iteration": 2.0,
      "attribute_match_rate": 0.125,
      "discriminator_accuracy": 1.0,
      "synthetic_detection_rate": 1.0,
      "near_duplicate_rate": 0.15,
      "combination_coverage": 0.8,
      "entropy/intent": 0.9592101522724051,
      "entropy/difficulty": 0.9497012164384108,
      "entropy/ambiguity": 0.9497012164384108,
      "entropy/style": 0.8156631257730544,
      "entropy/noise": 0.796580116665631,
      "entropy/scenario_type": 0.9755307720176264,
      "coverage/intent": 1.0,
      "coverage/difficulty": 1.0,
      "coverage/ambiguity": 1.0,
      "coverage/style": 0.8333333333333334,
      "coverage/noise": 0.8,
      "coverage/scenario_type": 1.0,
      "mode_seeking_ratio": 0.22863350658051734,
      "text_distance_mean": 0.9405537877105442,
      "banned_phrasings_total": 12.0,
      "banned_phrasings_new": 4.0,
      "coverage_classifier_auroc": 1.0
    }
  ],
  "prompt_history": [
    {
      "version": 0,
      "iteration": 0,
      "prompt": "Generate realistic customer support messages that match the requested intent\nand style. The example should be plausible for a customer support channel\n(email, chat, in-app form). Keep it short to medium length. Output a JSON\nobject with the sample id, the text, and the attribute values.\n",
      "motivation": "initial prompt",
      "feedback_summary": {},
      "timestamp": "2026-06-02T07:10:39.441956+00:00"
    },
    {
      "version": 1,
      "iteration": 1,
      "prompt": "\"\"\"Generate diverse and realistic customer support messages that align with the requested intent and style. The examples should reflect various scenarios, including edge cases and common issues, while incorporating a range of emotional tones and levels of clarity. Ensure the messages contain realistic noise, such as typos or informal language, and vary in difficulty from easy to hard. Output a JSON object with the sample id, the text, and the attribute values.\n\nForbidden phrasings:\n- 'I initially wanted a refund for the item because it was completely different from what I ordered'\n- 'I\u2019m really unhappy with the service. It just doesn\u2019t meet my expectations.'\n- 'I would like to formally request a refund for my recent purchase.'\n- 'Can you please help me resolve this issue?'\n\nAim for unique expressions and avoid near-duplicate phrasings. Include a mix of general questions, complaints, and account issues, ensuring that the responses feel spontaneous and reflect real user frustrations. The output should be short to medium length, capturing a variety of intents, styles, and scenarios to enhance the overall diversity of the generated messages.\"\"\"",
      "motivation": "The batch of synthetic samples covers all attribute values, but there are some near-duplicate phrasings and a few shallow paraphrases. Overall, the diversity is satisfactory, but attention to unique expressions is needed.",
      "feedback_summary": {
        "iteration": 0,
        "n_attribute_failures": 14,
        "n_realism_artifacts": 10,
        "near_duplicate_rate": 0.25,
        "pack_accuracy": null,
        "mode_seeking_ratio": 0.244312151288082,
        "n_banned_phrasings": 4,
        "missing_modes": [],
        "overrepresented_modes": [
          "fragmented",
          "medium ambiguity",
          "common scenario type"
        ],
        "metrics": {
          "attribute_match_rate": 0.125,
          "discriminator_accuracy": 1.0,
          "synthetic_detection_rate": 1.0,
          "near_duplicate_rate": 0.25,
          "combination_coverage": 0.6,
          "entropy/intent": 0.9080636898218125,
          "entropy/difficulty": 0.9755307720176264,
          "entropy/ambiguity": 0.8387794678549644,
          "entropy/style": 0.9218145574751188,
          "entropy/noise": 0.9954133073923868,
          "entropy/scenario_type": 0.707676529682256,
          "coverage/intent": 1.0,
          "coverage/difficulty": 1.0,
          "coverage/ambiguity": 1.0,
          "coverage/style": 1.0,
          "coverage/noise": 1.0,
          "coverage/scenario_type": 1.0,
          "mode_seeking_ratio": 0.244312151288082,
          "text_distance_mean": 0.9566820463387492,
          "banned_phrasings_total": 4.0,
          "banned_phrasings_new": 4.0,
          "coverage_classifier_auroc": 1.0
        }
      },
      "timestamp": "2026-06-02T07:12:08.488040+00:00"
    },
    {
      "version": 2,
      "iteration": 2,
      "prompt": "\"\"\"\"\"\"Generate diverse and realistic customer support messages that align with the requested intent and style. The examples should cover a wide range of scenarios, including edge cases and common issues, while incorporating various emotional tones and levels of clarity. Ensure the messages contain realistic noise, such as typos or informal language, and vary in difficulty from easy to hard. Output a JSON object with the sample id, the text, and the attribute values.\n\nForbidden phrasings:\n- 'I initially wanted a refund for the item because it was completely different from what I ordered'\n- 'I\u2019m really unhappy with the service. It just doesn\u2019t meet my expectations.'\n- 'I would like to formally request a refund for my recent purchase.'\n- 'Can you please help me resolve this issue?'\n- 'So, like,'\n- 'I can\u2019t believe how'\n- 'I dunno why, but'\n- 'I\u2019m a bit confused.'\n\nAim for unique expressions and avoid near-duplicate phrasings. Include a mix of general questions, complaints, and refund requests, ensuring that the responses feel spontaneous and reflect real user frustrations. Strive for a balance of informal and verbose styles, and ensure some messages present medium to high difficulty, ambiguity, and emotional depth. The output should be short to medium length, capturing a variety of intents, styles, and scenarios to enhance the overall diversity of the generated messages.\"\"\"\"\"\"",