{
  "mode_seeking_ratio": 0.2524607988932626,
  "n_pairs": 28,
  "text_distance_mean": 0.9620415931871682,
  "target_distance_mean": 4.285714285714286,
  "attribute_sensitivity": {
    "intent": 0.877677031008922,
    "scenario_type": 0.0,
    "difficulty": 0.0,
    "noise": 0.0,
    "polarity_intensity": 0.0,
    "style": 0.0
  }
}