{
  "attribute_match_rate": 0.1875,
  "discriminator_accuracy": 0.7083333333333334,
  "synthetic_detection_rate": 1.0,
  "near_duplicate_rate": 0.35,
  "combination_coverage": 0.4,
  "entropy/intent": 0.7852242790441241,
  "entropy/difficulty": 0.9755307720176264,
  "entropy/ambiguity": 0.9320201587042913,
  "entropy/style": 0.8941244307468018,
  "entropy/noise": 0.9158830010682758,
  "entropy/scenario_type": 0.9965119062478287,
  "coverage/intent": 0.7,
  "coverage/difficulty": 1.0,
  "coverage/ambiguity": 1.0,
  "coverage/style": 0.8333333333333334,
  "coverage/noise": 1.0,
  "coverage/scenario_type": 1.0,
  "pack_accuracy": 0.25,
  "pack_confidence": 0.89375,
  "mode_seeking_ratio": 0.21051502159896657,
  "text_distance_mean": 0.9255503116724708,
  "banned_phrasings_total": 1.0,
  "banned_phrasings_new": 1.0,
  "coverage_classifier_auroc": 1.0
}