{
  "mode_seeking_ratio": 0.21051502159896657,
  "n_pairs": 120,
  "text_distance_mean": 0.9255503116724708,
  "target_distance_mean": 4.583333333333333,
  "attribute_sensitivity": {
    "ambiguity": 0.0,
    "style": 0.0,
    "scenario_type": 0.0,
    "intent": 0.0,
    "difficulty": 0.0,
    "noise": 0.0
  }
}