{
  "run_dir": "E:\\Projects\\PromptForge\\experiments\\trec_run_001_seed53\\diversity_only\\20260602T081602Z",
  "n_iterations": 3,
  "final_prompt_version": 2,
  "metric_history": [
    {
      "iteration": 0.0,
      "attribute_match_rate": 0.0,
      "discriminator_accuracy": 0.5,
      "synthetic_detection_rate": 0.5,
      "near_duplicate_rate": 0.15,
      "combination_coverage": 0.5555555555555556,
      "entropy/intent": 0.9218145574751188,
      "entropy/difficulty": 0.8957541375001009,
      "entropy/ambiguity": 0.9497012164384108,
      "entropy/style": 0.9283832117695864,
      "entropy/noise": 0.902518266288633,
      "entropy/scenario_type": 0.8246987351738496,
      "coverage/intent": 1.0,
      "coverage/difficulty": 1.0,
      "coverage/ambiguity": 1.0,
      "coverage/style": 1.0,
      "coverage/noise": 1.0,
      "coverage/scenario_type": 1.0,
      "mode_seeking_ratio": 0.23872346618973558,
      "text_distance_mean": 0.9499757335919149,
      "coverage_classifier_auroc": 1.0
    },
    {
      "iteration": 1.0,
      "attribute_match_rate": 0.0,
      "discriminator_accuracy": 0.5,
      "synthetic_detection_rate": 0.5,
      "near_duplicate_rate": 0.15,
      "combination_coverage": 0.7222222222222222,
      "entropy/intent": 0.9789848253208956,
      "entropy/difficulty": 0.9965119062478287,
      "entropy/ambiguity": 0.9850568223215079,
      "entropy/style": 0.8504146864248051,
      "entropy/noise": 0.885891110799899,
      "entropy/scenario_type": 0.8387106419146823,
      "coverage/intent": 1.0,
      "coverage/difficulty": 1.0,
      "coverage/ambiguity": 1.0,
      "coverage/style": 1.0,
      "coverage/noise": 1.0,
      "coverage/scenario_type": 1.0,
      "mode_seeking_ratio": 0.22905401176592535,
      "text_distance_mean": 0.9623914434645852,
      "coverage_classifier_auroc": 1.0
    },
    {
      "iteration": 2.0,
      "attribute_match_rate": 0.0,
      "discriminator_accuracy": 0.5,
      "synthetic_detection_rate": 0.5,
      "near_duplicate_rate": 0.15,
      "combination_coverage": 0.7222222222222222,
      "entropy/intent": 0.9400664543100068,
      "entropy/difficulty": 0.9497012164384108,
      "entropy/ambiguity": 0.9497012164384108,
      "entropy/style": 0.9388906303246313,
      "entropy/noise": 0.7959585933443496,
      "entropy/scenario_type": 0.902518266288633,
      "coverage/intent": 1.0,
      "coverage/difficulty": 1.0,
      "coverage/ambiguity": 1.0,
      "coverage/style": 1.0,
      "coverage/noise": 1.0,
      "coverage/scenario_type": 1.0,
      "mode_seeking_ratio": 0.23556639510083213,
      "text_distance_mean": 0.9526570371703225,
      "coverage_classifier_auroc": 1.0
    }
  ],
  "prompt_history": [
    {
      "version": 0,
      "iteration": 0,
      "prompt": "Generate realistic open-domain English questions that match the requested\nTREC question-type category. The example should be a single complete question\nthat ends with a question mark and reads as something a user might ask in\nan open-domain QA system. Match the requested style and noise level. Output\na JSON object with the sample id, the text, and the attribute values.\n",
      "motivation": "initial prompt",
      "feedback_summary": {},
      "timestamp": "2026-06-02T08:16:02.435596+00:00"
    },
    {
      "version": 1,
      "iteration": 1,
      "prompt": "\"\"\"Generate realistic open-domain English questions that match the requested TREC question-type category. Each example should be a single complete question that ends with a question mark and reflects a user query in an open-domain QA system. Ensure a balance of formal and informal styles, and introduce unique scenarios to enhance diversity. Incorporate a variety of intents, including numeric values and abbreviations, while avoiding redundancy in phrasing. Output a JSON object with the sample id, the text, and the attribute values.\n\nForbidden phrasings:\n- \"What does [abbreviation] stand for?\"\n- \"How many [numeric values] did [subject] [verb]?\"\n\nPlease ensure that the generated questions cover a wide range of topics and maintain a low near-duplicate rate. Aim for a mix of formal, concise questions alongside informal ones, and explore edge cases to enrich the dataset. The output should reflect a comprehensive understanding of the requested attributes, ensuring that each question is distinct and engaging. Focus on producing a diverse set of questions that users might realistically ask in various contexts.\"\"\"",
      "motivation": "The batch of synthetic samples demonstrates a good coverage of attribute values, but there are some issues with overrepresented modes and near-duplicate phrasings. The diversity could be improved by incorporating more unique scenarios and varying the phrasing.",
      "feedback_summary": {
        "iteration": 0,
        "n_attribute_failures": 0,
        "n_realism_artifacts": 0,
        "near_duplicate_rate": 0.15,
        "pack_accuracy": null,
        "mode_seeking_ratio": 0.23872346618973558,
        "n_banned_phrasings": 0,
        "missing_modes": [],
        "overrepresented_modes": [
          "informal style",
          "human_beings intent"
        ],
        "metrics": {
          "attribute_match_rate": 0.0,
          "discriminator_accuracy": 0.5,
          "synthetic_detection_rate": 0.5,
          "near_duplicate_rate": 0.15,
          "combination_coverage": 0.5555555555555556,
          "entropy/intent": 0.9218145574751188,
          "entropy/difficulty": 0.8957541375001009,
          "entropy/ambiguity": 0.9497012164384108,
          "entropy/style": 0.9283832117695864,
          "entropy/noise": 0.902518266288633,
          "entropy/scenario_type": 0.8246987351738496,
          "coverage/intent": 1.0,
          "coverage/difficulty": 1.0,
          "coverage/ambiguity": 1.0,
          "coverage/style": 1.0,
          "coverage/noise": 1.0,
          "coverage/scenario_type": 1.0,
          "mode_seeking_ratio": 0.23872346618973558,
          "text_distance_mean": 0.9499757335919149,
          "coverage_classifier_auroc": 1.0
        }
      },
      "timestamp": "2026-06-02T08:16:42.115811+00:00"
    },
    {
      "version": 2,
      "iteration": 2,
      "prompt": "\"\"\"\"\"\"Generate realistic open-domain English questions that align with the requested TREC question-type category. Each example should be a single complete question ending with a question mark, reflecting a user query in an open-domain QA system. Ensure a balance of formal and informal styles, and introduce unique scenarios to enhance diversity. Incorporate a variety of intents, including numeric values and abbreviations, while avoiding redundancy in phrasing. Output a JSON object with the sample id, the text, and the attribute values.\n\nForbidden phrasings:\n- \"What does [abbreviation] stand for?\"\n- \"How many [numeric values] did [subject] [verb]?\"\n\nTo enhance diversity, aim for varied phrasing and explore edge cases or rare scenarios. Ensure the generated questions cover a wide range of topics while maintaining a low near-duplicate rate. Strive for a mix of concise, formal questions alongside more casual ones, and focus on producing distinct, engaging questions that users might realistically ask in various contexts. Aim for clarity and avoid ambiguity or typos in the phrasing. The output should reflect a comprehensive understanding of the requested attributes, ensuring each question is unique and relevant.",
      "motivation": "The batch of synthetic samples demonstrates a good coverage of the attribute schema, but there are instances of typos and some ambiguity in the questions. Additionally, there are near-duplicate phrasings that could be improved for diversity.",
      "feedback_summary": {
        "iteration": 1,
        "n_attribute_failures": 0,
        "n_realism_artifacts": 0,
        "near_duplicate_rate": 0.15,
        "pack_accuracy": null,
        "mode_seeking_ratio": 0.22905401176592535,