{
  "mode_seeking_ratio": 0.24566036184084297,
  "n_pairs": 120,
  "text_distance_mean": 0.9642925649482801,
  "target_distance_mean": 4.366666666666666,
  "attribute_sensitivity": {
    "scenario_type": 0.0,
    "style": 0.0,
    "noise": 0.0,
    "ambiguity": 0.0,
    "difficulty": 1.0,
    "intent": 0.0
  }
}