{
  "mode_seeking_ratio": 0.23939294088502555,
  "n_pairs": 120,
  "text_distance_mean": 0.945604525772784,
  "target_distance_mean": 4.258333333333334,
  "attribute_sensitivity": {
    "difficulty": 0.5101275525573556,
    "scenario_type": 0.0,
    "polarity_intensity": 0.0,
    "noise": 0.0,
    "style": 0.0,
    "intent": 0.0
  }
}