{
  "mode_seeking_ratio": 0.26306485003457375,
  "n_pairs": 120,
  "text_distance_mean": 0.9655311896148517,
  "target_distance_mean": 4.05,
  "attribute_sensitivity": {
    "polarity_intensity": 0.0,
    "intent": 0.0,
    "noise": 0.0,
    "difficulty": 0.0,
    "style": 0.0,
    "scenario_type": 0.945021769573927
  }
}