{
  "mode_seeking_ratio": 0.23839581512912308,
  "n_pairs": 120,
  "text_distance_mean": 0.9431822871713719,
  "target_distance_mean": 4.375,
  "attribute_sensitivity": {
    "noise": 0.0,
    "style": 0.9390853956801323,
    "difficulty": 0.0,
    "intent": 0.0,
    "ambiguity": 0.0,
    "scenario_type": 0.0
  }
}