{
  "attribute_match_rate": 0.9047619047619048,
  "discriminator_accuracy": 0.875,
  "synthetic_detection_rate": 1.0,
  "near_duplicate_rate": 0.25,
  "combination_coverage": 0.5,
  "entropy/intent": 0.9960334049191263,
  "entropy/difficulty": 0.9424257960378287,
  "entropy/ambiguity": 0.9526841246715824,
  "entropy/style": 0.8770409146486399,
  "entropy/noise": 0.9763945235672326,
  "entropy/scenario_type": 0.980315378922394,
  "coverage/intent": 1.0,
  "coverage/difficulty": 1.0,
  "coverage/ambiguity": 1.0,
  "coverage/style": 0.8333333333333334,
  "coverage/noise": 1.0,
  "coverage/scenario_type": 1.0,
  "pack_accuracy": 0.5,
  "pack_confidence": 0.88125,
  "mode_seeking_ratio": 0.218114921652502,
  "text_distance_mean": 0.9475776086455358,
  "banned_phrasings_total": 2.0,
  "banned_phrasings_new": 1.0,
  "coverage_classifier_auroc": 0.9997619047619047
}