{
  "mode_seeking_ratio": 0.2199849920495088,
  "n_pairs": 190,
  "text_distance_mean": 0.9432383240421887,
  "target_distance_mean": 4.573684210526316,
  "attribute_sensitivity": {
    "difficulty": 0.0,
    "intent": 0.0,
    "noise": 0.0,
    "style": 0.8838910517489706,
    "ambiguity": 0.0,
    "scenario_type": 0.0
  }
}