{
  "run_dir": "E:\\Projects\\PromptForge\\experiments\\trec_v297_seed17\\full_attrforge\\20260602T190002Z",
  "n_iterations": 3,
  "final_prompt_version": 2,
  "metric_history": [
    {
      "iteration": 0.0,
      "attribute_match_rate": 0.5416666666666666,
      "discriminator_accuracy": 0.4583333333333333,
      "synthetic_detection_rate": 0.4583333333333333,
      "near_duplicate_rate": 0.25,
      "combination_coverage": 0.8333333333333334,
      "entropy/intent": 0.9882484440780546,
      "entropy/difficulty": 0.9358932809493993,
      "entropy/ambiguity": 0.9850568223215079,
      "entropy/style": 0.9859894062555719,
      "entropy/noise": 0.9838824188369658,
      "entropy/scenario_type": 0.9528195311147832,
      "coverage/intent": 1.0,
      "coverage/difficulty": 1.0,
      "coverage/ambiguity": 1.0,
      "coverage/style": 1.0,
      "coverage/noise": 1.0,
      "coverage/scenario_type": 1.0,
      "pack_accuracy": 0.5,
      "pack_confidence": 0.0,
      "mode_seeking_ratio": 0.22522428105906625,
      "text_distance_mean": 0.9538595170068439,
      "banned_phrasings_total": 0.0,
      "banned_phrasings_new": 0.0,
      "coverage_classifier_auroc": 0.5
    },
    {
      "iteration": 1.0,
      "attribute_match_rate": 0.4166666666666667,
      "discriminator_accuracy": 0.625,
      "synthetic_detection_rate": 0.625,
      "near_duplicate_rate": 0.25,
      "combination_coverage": 0.7777777777777778,
      "entropy/intent": 0.9823726661170817,
      "entropy/difficulty": 0.9320942709786563,
      "entropy/ambiguity": 0.9952467469708334,
      "entropy/style": 0.9859894062555719,
      "entropy/noise": 0.9145861360393776,
      "entropy/scenario_type": 0.9745411476764105,
      "coverage/intent": 1.0,
      "coverage/difficulty": 1.0,
      "coverage/ambiguity": 1.0,
      "coverage/style": 1.0,
      "coverage/noise": 1.0,
      "coverage/scenario_type": 1.0,
      "pack_accuracy": 0.5,
      "pack_confidence": 0.0,
      "mode_seeking_ratio": 0.22557807101092794,
      "text_distance_mean": 0.9599526952725144,
      "banned_phrasings_total": 0.0,
      "banned_phrasings_new": 0.0,
      "coverage_classifier_auroc": 0.5
    },
    {
      "iteration": 2.0,
      "attribute_match_rate": 0.4583333333333333,
      "discriminator_accuracy": 0.5,
      "synthetic_detection_rate": 0.5,
      "near_duplicate_rate": 0.25,
      "combination_coverage": 0.8333333333333334,
      "entropy/intent": 1.0,
      "entropy/difficulty": 0.9952467469708334,
      "entropy/ambiguity": 0.9862707094162991,
      "entropy/style": 0.9764415047936532,
      "entropy/noise": 0.9320027314271102,
      "entropy/scenario_type": 0.9363649184897272,
      "coverage/intent": 1.0,
      "coverage/difficulty": 1.0,
      "coverage/ambiguity": 1.0,
      "coverage/style": 1.0,
      "coverage/noise": 1.0,
      "coverage/scenario_type": 1.0,
      "pack_accuracy": 0.5,
      "pack_confidence": 0.0,
      "mode_seeking_ratio": 0.2265875671342742,
      "text_distance_mean": 0.9612198005123466,
      "banned_phrasings_total": 0.0,
      "banned_phrasings_new": 0.0,
      "coverage_classifier_auroc": 0.5
    }
  ],
  "prompt_history": [
    {
      "version": 0,
      "iteration": 0,
      "prompt": "Generate realistic open-domain English questions that match the requested\nTREC question-type category. The example should be a single complete question\nthat ends with a question mark and reads as something a user might ask in\nan open-domain QA system. Match the requested style and noise level. Output\na JSON object with the sample id, the text, and the attribute values.\n",
      "motivation": "initial prompt",
      "feedback_summary": {},
      "timestamp": "2026-06-02T19:00:02.626400+00:00"
    },
    {
      "version": 1,
      "iteration": 1,
      "prompt": "\"\"\"Generate realistic open-domain English questions that align with the requested TREC question-type category. Each question should be a complete sentence, ending with a question mark, and reflect a user's inquiry in an open-domain QA system. Ensure the questions vary in structure and tone, incorporating both formal and informal styles. Aim for a balance of complexity, with some questions being straightforward while others present moderate difficulty or ambiguity. Output a JSON object containing the sample id, the text, and the attribute values.\n\n**Preferred phrasings:** \n- \"What are some examples of...\"\n- \"Can you explain the significance of...\"\n- \"How does [specific entity] compare to [another entity] in terms of...\"\n- \"What unusual statistics exist regarding...\"\n- \"Could you provide insight into...\"\n\n**Forbidden phrasings:**\n- Avoid starting questions with \"What is\" or \"Can you provide\" as these are overrepresented.\n\n**Note:** Strive for diversity in intents, scenarios, and phrasing. Include examples that reflect edge cases or less common inquiries, and ensure a mix of formal and conversational tones. This will enhance the realism and variety of the generated questions while maintaining attribute fidelity.",
      "motivation": "The batch exhibits a variety of intents and scenarios, but there is significant redundancy in phrasing and sentence structure, particularly in the way questions are framed. Many entries utilize similar constructions, leading to a lack of nuanced diversity.",
      "feedback_summary": {
        "iteration": 0,
        "n_attribute_failures": 11,
        "n_realism_artifacts": 11,
        "near_duplicate_rate": 0.25,
        "pack_accuracy": 0.5,
        "mode_seeking_ratio": 0.22522428105906625,
        "n_banned_phrasings": 0,
        "missing_modes": [
          "Examples of rare or edge cases in the context of numeric values, such as unusual statistics or lesser-known entities.",
          "More varied informal styles that reflect different conversational tones or contexts."
        ],
        "overrepresented_modes": [
          "Questions beginning with 'What is' or 'Can you provide', which dominate the formal and verbose styles.",
          "Concise questions that often follow a similar structure, particularly in comparison scenarios."
        ],
        "metrics": {
          "attribute_match_rate": 0.5416666666666666,
          "discriminator_accuracy": 0.4583333333333333,
          "synthetic_detection_rate": 0.4583333333333333,
          "near_duplicate_rate": 0.25,
          "combination_coverage": 0.8333333333333334,
          "entropy/intent": 0.9882484440780546,
          "entropy/difficulty": 0.9358932809493993,
          "entropy/ambiguity": 0.9850568223215079,
          "entropy/style": 0.9859894062555719,
          "entropy/noise": 0.9838824188369658,
          "entropy/scenario_type": 0.9528195311147832,
          "coverage/intent": 1.0,
          "coverage/difficulty": 1.0,
          "coverage/ambiguity": 1.0,
          "coverage/style": 1.0,
          "coverage/noise": 1.0,
          "coverage/scenario_type": 1.0,
          "pack_accuracy": 0.5,
          "pack_confidence": 0.0,
          "mode_seeking_ratio": 0.22522428105906625,
          "text_distance_mean": 0.9538595170068439,
          "banned_phrasings_total": 0.0,
          "banned_phrasings_new": 0.0,
          "coverage_classifier_auroc": 0.5
        }
      },
      "timestamp": "2026-06-02T19:02:34.132140+00:00"
    },
    {
      "version": 2,
      "iteration": 2,