{
  "run_dir": "E:\\Projects\\PromptForge\\experiments\\loo_run_002_seed101\\no_coverage_hole\\20260602T091823Z",
  "n_iterations": 3,
  "final_prompt_version": 2,
  "metric_history": [
    {
      "iteration": 0.0,
      "attribute_match_rate": 0.0625,
      "discriminator_accuracy": 0.4583333333333333,
      "synthetic_detection_rate": 0.2,
      "near_duplicate_rate": 0.15,
      "combination_coverage": 0.7333333333333333,
      "entropy/intent": 0.9690222556651344,
      "entropy/difficulty": 0.9497012164384108,
      "entropy/ambiguity": 0.8868595071429147,
      "entropy/style": 0.9400664543100068,
      "entropy/noise": 0.7773869210471088,
      "entropy/scenario_type": 0.9320201587042913,
      "coverage/intent": 1.0,
      "coverage/difficulty": 1.0,
      "coverage/ambiguity": 1.0,
      "coverage/style": 1.0,
      "coverage/noise": 0.8,
      "coverage/scenario_type": 1.0,
      "pack_accuracy": 0.75,
      "pack_confidence": 0.89375,
      "mode_seeking_ratio": 0.23208942634263593,
      "text_distance_mean": 0.9489816219779357,
      "banned_phrasings_total": 4.0,
      "banned_phrasings_new": 4.0
    },
    {
      "iteration": 1.0,
      "attribute_match_rate": 0.125,
      "discriminator_accuracy": 0.08333333333333333,
      "synthetic_detection_rate": 0.0,
      "near_duplicate_rate": 0.15,
      "combination_coverage": 0.6,
      "entropy/intent": 0.9158830010682758,
      "entropy/difficulty": 0.8387794678549644,
      "entropy/ambiguity": 0.8868595071429147,
      "entropy/style": 0.9607329284860076,
      "entropy/noise": 0.8707342083725791,
      "entropy/scenario_type": 0.9320201587042913,
      "coverage/intent": 1.0,
      "coverage/difficulty": 1.0,
      "coverage/ambiguity": 1.0,
      "coverage/style": 1.0,
      "coverage/noise": 1.0,
      "coverage/scenario_type": 1.0,
      "pack_accuracy": 0.625,
      "pack_confidence": 0.88125,
      "mode_seeking_ratio": 0.23898828446161804,
      "text_distance_mean": 0.943224734614216,
      "banned_phrasings_total": 8.0,
      "banned_phrasings_new": 4.0
    },
    {
      "iteration": 2.0,
      "attribute_match_rate": 0.0,
      "discriminator_accuracy": 0.4583333333333333,
      "synthetic_detection_rate": 0.1,
      "near_duplicate_rate": 0.15,
      "combination_coverage": 0.6,
      "entropy/intent": 0.9080636898218125,
      "entropy/difficulty": 0.9755307720176264,
      "entropy/ambiguity": 0.9965119062478287,
      "entropy/style": 0.9218145574751188,
      "entropy/noise": 0.8207140722512382,
      "entropy/scenario_type": 0.946394630357186,
      "coverage/intent": 1.0,
      "coverage/difficulty": 1.0,
      "coverage/ambiguity": 1.0,
      "coverage/style": 1.0,
      "coverage/noise": 0.8,
      "coverage/scenario_type": 1.0,
      "pack_accuracy": 0.5,
      "pack_confidence": 0.89375,
      "mode_seeking_ratio": 0.22211022713345585,
      "text_distance_mean": 0.9348966921558252,
      "banned_phrasings_total": 12.0,
      "banned_phrasings_new": 4.0
    }
  ],
  "prompt_history": [
    {
      "version": 0,
      "iteration": 0,
      "prompt": "Generate realistic customer support messages that match the requested intent\nand style. The example should be plausible for a customer support channel\n(email, chat, in-app form). Keep it short to medium length. Output a JSON\nobject with the sample id, the text, and the attribute values.\n",
      "motivation": "initial prompt",
      "feedback_summary": {},
      "timestamp": "2026-06-02T09:18:23.550615+00:00"
    },
    {
      "version": 1,
      "iteration": 1,
      "prompt": "\"\"\"Generate realistic customer support messages that reflect the requested intent and style, incorporating a range of difficulties and scenarios. Ensure messages include elements of ambiguity, missing details, or contradictions to enhance diversity. Avoid overly formal language; aim for a personal touch that feels authentic. Output a JSON object with the sample id, the text, and the attribute values. \n\n**Forbidden phrasings:** \n- 'Hey! So like,'\n- \"I think someone might've, like, changed my password\"\n- 'I am really frustrated with how my recent experience'\n- 'I just got a new phone last week.'\n\n**Guidelines:**\n1. Incorporate a mix of styles, including informal, conversational, and fragmented.\n2. Include a variety of intents, such as general inquiries, complaints, and requests for assistance.\n3. Ensure some messages have missing details or contradictions to reflect real-world complexity.\n4. Maintain a balance in noise types, avoiding excessive verbosity or informal language.\n5. Create samples that represent both common and rare scenarios to enrich the dataset.\n\nKeep messages short to medium length, with a focus on realism and emotional expression. Aim for a minimum of 10 unique samples per batch to ensure diversity in responses.\"\"\"",
      "motivation": "The batch of synthetic samples demonstrates a good variety of intents, difficulties, and styles, but there are notable gaps in noise types and some overrepresentation of certain styles. Additionally, near-duplicate phrasings were identified.",
      "feedback_summary": {
        "iteration": 0,
        "n_attribute_failures": 15,
        "n_realism_artifacts": 7,
        "near_duplicate_rate": 0.15,
        "pack_accuracy": 0.75,
        "mode_seeking_ratio": 0.23208942634263593,
        "n_banned_phrasings": 4,
        "missing_modes": [
          "missing_details",
          "contradiction"
        ],
        "overrepresented_modes": [
          "verbose",
          "informal"
        ],
        "metrics": {
          "attribute_match_rate": 0.0625,
          "discriminator_accuracy": 0.4583333333333333,
          "synthetic_detection_rate": 0.2,
          "near_duplicate_rate": 0.15,
          "combination_coverage": 0.7333333333333333,
          "entropy/intent": 0.9690222556651344,
          "entropy/difficulty": 0.9497012164384108,
          "entropy/ambiguity": 0.8868595071429147,
          "entropy/style": 0.9400664543100068,
          "entropy/noise": 0.7773869210471088,
          "entropy/scenario_type": 0.9320201587042913,
          "coverage/intent": 1.0,
          "coverage/difficulty": 1.0,
          "coverage/ambiguity": 1.0,
          "coverage/style": 1.0,
          "coverage/noise": 0.8,
          "coverage/scenario_type": 1.0,
          "pack_accuracy": 0.75,
          "pack_confidence": 0.89375,
          "mode_seeking_ratio": 0.23208942634263593,
          "text_distance_mean": 0.9489816219779357,
          "banned_phrasings_total": 4.0,
          "banned_phrasings_new": 4.0
        }
      },
      "timestamp": "2026-06-02T09:20:20.230493+00:00"
    },
    {
      "version": 2,
      "iteration": 2,