{
  "attribute_match_rate": 0.9090909090909091,
  "discriminator_accuracy": 0.5833333333333334,
  "synthetic_detection_rate": 0.25,
  "near_duplicate_rate": 0.25,
  "combination_coverage": 0.6,
  "entropy/intent": 0.9933677963248574,
  "entropy/difficulty": 0.9741707427017493,
  "entropy/ambiguity": 0.987029693781109,
  "entropy/style": 0.9202359289475054,
  "entropy/noise": 0.9762393112841811,
  "entropy/scenario_type": 0.992215060722018,
  "coverage/intent": 1.0,
  "coverage/difficulty": 1.0,
  "coverage/ambiguity": 1.0,
  "coverage/style": 1.0,
  "coverage/noise": 1.0,
  "coverage/scenario_type": 1.0,
  "pack_accuracy": 0.625,
  "pack_confidence": 0.90625,
  "mode_seeking_ratio": 0.21401014991475048,
  "text_distance_mean": 0.9447612183786533,
  "banned_phrasings_total": 0.0,
  "banned_phrasings_new": 0.0,
  "coverage_classifier_auroc": 0.9990909090909091
}