{
  "mode_seeking_ratio": 0.21401014991475048,
  "n_pairs": 231,
  "text_distance_mean": 0.9447612183786533,
  "target_distance_mean": 4.64935064935065,
  "attribute_sensitivity": {
    "noise": 0.0,
    "intent": 0.0,
    "style": 0.0,
    "difficulty": 0.0,
    "scenario_type": 0.0,
    "ambiguity": 0.0
  }
}