{
  "attribute_match_rate": 0.0,
  "discriminator_accuracy": 0.5,
  "synthetic_detection_rate": 0.5,
  "near_duplicate_rate": 0.15,
  "combination_coverage": 0.6,
  "entropy/intent": 0.8285333834977017,
  "entropy/difficulty": 0.8957541375001009,
  "entropy/ambiguity": 0.9965119062478287,
  "entropy/style": 0.9099617502405772,
  "entropy/noise": 0.796580116665631,
  "entropy/scenario_type": 0.9965119062478287,
  "coverage/intent": 0.8,
  "coverage/difficulty": 1.0,
  "coverage/ambiguity": 1.0,
  "coverage/style": 1.0,
  "coverage/noise": 0.8,
  "coverage/scenario_type": 1.0,
  "mode_seeking_ratio": 0.240118321729578,
  "text_distance_mean": 0.9532635576491304,
  "coverage_classifier_auroc": 1.0
}