{
  "mode_seeking_ratio": 0.240118321729578,
  "n_pairs": 120,
  "text_distance_mean": 0.9532635576491304,
  "target_distance_mean": 4.391666666666667,
  "attribute_sensitivity": {
    "scenario_type": 0.9268673978023052,
    "intent": 0.0,
    "style": 0.0,
    "ambiguity": 0.0,
    "noise": 0.0,
    "difficulty": 0.9426683294936467
  }
}