{
  "run_dir": "E:\\Projects\\PromptForge\\experiments\\trec_v297_seed41\\full_attrforge\\20260602T190004Z",
  "n_iterations": 3,
  "final_prompt_version": 2,
  "metric_history": [
    {
      "iteration": 0.0,
      "attribute_match_rate": 0.6956521739130435,
      "discriminator_accuracy": 0.5217391304347826,
      "synthetic_detection_rate": 0.5217391304347826,
      "near_duplicate_rate": 0.25,
      "combination_coverage": 0.8333333333333334,
      "entropy/intent": 0.9849269366259108,
      "entropy/difficulty": 0.9982526816976661,
      "entropy/ambiguity": 0.9154212059212886,
      "entropy/style": 0.9841517646228418,
      "entropy/noise": 0.9623366843150859,
      "entropy/scenario_type": 0.8950252083920531,
      "coverage/intent": 1.0,
      "coverage/difficulty": 1.0,
      "coverage/ambiguity": 1.0,
      "coverage/style": 1.0,
      "coverage/noise": 1.0,
      "coverage/scenario_type": 1.0,
      "pack_accuracy": 0.5,
      "pack_confidence": 0.0,
      "mode_seeking_ratio": 0.2288080265878207,
      "text_distance_mean": 0.9538979255713017,
      "banned_phrasings_total": 0.0,
      "banned_phrasings_new": 0.0,
      "coverage_classifier_auroc": 0.5
    },
    {
      "iteration": 1.0,
      "attribute_match_rate": 0.5,
      "discriminator_accuracy": 0.375,
      "synthetic_detection_rate": 0.375,
      "near_duplicate_rate": 0.25,
      "combination_coverage": 1.0,
      "entropy/intent": 0.9941242220390273,
      "entropy/difficulty": 0.9808340377961401,
      "entropy/ambiguity": 0.9642934129442272,
      "entropy/style": 0.8843981255574991,
      "entropy/noise": 0.9745411476764105,
      "entropy/scenario_type": 0.9745411476764105,
      "coverage/intent": 1.0,
      "coverage/difficulty": 1.0,
      "coverage/ambiguity": 1.0,
      "coverage/style": 1.0,
      "coverage/noise": 1.0,
      "coverage/scenario_type": 1.0,
      "pack_accuracy": 0.5,
      "pack_confidence": 0.0,
      "mode_seeking_ratio": 0.2252257571374477,
      "text_distance_mean": 0.9570469665532254,
      "banned_phrasings_total": 0.0,
      "banned_phrasings_new": 0.0,
      "coverage_classifier_auroc": 0.5
    },
    {
      "iteration": 2.0,
      "attribute_match_rate": 0.4583333333333333,
      "discriminator_accuracy": 0.4166666666666667,
      "synthetic_detection_rate": 0.4166666666666667,
      "near_duplicate_rate": 0.25,
      "combination_coverage": 0.7222222222222222,
      "entropy/intent": 0.9776902310822042,
      "entropy/difficulty": 0.9850568223215079,
      "entropy/ambiguity": 0.9850568223215079,
      "entropy/style": 0.9925308085173912,
      "entropy/noise": 0.8819555782894635,
      "entropy/scenario_type": 0.9515535841814057,
      "coverage/intent": 1.0,
      "coverage/difficulty": 1.0,
      "coverage/ambiguity": 1.0,
      "coverage/style": 1.0,
      "coverage/noise": 1.0,
      "coverage/scenario_type": 1.0,
      "pack_accuracy": 0.5,
      "pack_confidence": 0.0,
      "mode_seeking_ratio": 0.2271160730448432,
      "text_distance_mean": 0.9493157908182933,
      "banned_phrasings_total": 0.0,
      "banned_phrasings_new": 0.0,
      "coverage_classifier_auroc": 0.5
    }
  ],
  "prompt_history": [
    {
      "version": 0,
      "iteration": 0,
      "prompt": "Generate realistic open-domain English questions that match the requested\nTREC question-type category. The example should be a single complete question\nthat ends with a question mark and reads as something a user might ask in\nan open-domain QA system. Match the requested style and noise level. Output\na JSON object with the sample id, the text, and the attribute values.\n",
      "motivation": "initial prompt",
      "feedback_summary": {},
      "timestamp": "2026-06-02T19:00:04.481037+00:00"
    },
    {
      "version": 1,
      "iteration": 1,
      "prompt": " \nGenerate realistic open-domain English questions that align with the specified TREC question-type category. Each question should be a single complete inquiry, ending with a question mark, and reflect the complexity and formality typical of user queries in an open-domain QA system. Ensure the questions are attribute-faithful, capturing the intended intent, difficulty, ambiguity, style, noise level, and scenario type. \n\nOutput a JSON object containing the sample id, the text, and the attribute values.\n\n**Preferred phrasings:**\n- \"What are the key characteristics that define a successful leader?\"\n- \"How do the contributions of Einstein and Newton compare in the field of physics?\"\n- \"Can you explain the historical significance of the Great Wall of China?\"\n- \"What numerical data supports the claim of climate change?\"\n\n**Forbidden phrasings:**\n- Avoid casual language or informal tones.\n- Do not use vague or overly simplistic questions.\n- Refrain from redundant structures or templates.\n\n**Guidelines:**\n- Incorporate complex definitions that require multi-step reasoning.\n- Explore comparative analyses involving multiple entities.\n- Include numeric values in real-world contexts to enhance diversity.\n- Strive for varied structures and styles to reduce redundancy in phrasing.\n\nEnsure that the generated questions reflect a range of intents and styles while maintaining clarity and relevance to the specified category.\n",
      "motivation": "The batch exhibits a variety of intents and styles, but there is significant redundancy in phrasing and structure, particularly in definitions and comparisons. Many texts follow similar templates, leading to a lack of nuanced diversity.",
      "feedback_summary": {
        "iteration": 0,
        "n_attribute_failures": 7,
        "n_realism_artifacts": 12,
        "near_duplicate_rate": 0.25,
        "pack_accuracy": 0.5,
        "mode_seeking_ratio": 0.2288080265878207,
        "n_banned_phrasings": 0,
        "missing_modes": [
          "Complex definitions that require multi-step reasoning",
          "Comparative analyses that involve more than two entities",
          "Examples of numeric values in real-world contexts"
        ],
        "overrepresented_modes": [
          "Fragmented and informal styles in definitions",
          "Concise comparisons that do not explore deeper implications",
          "High ambiguity in questions about human beings and locations"
        ],
        "metrics": {
          "attribute_match_rate": 0.6956521739130435,
          "discriminator_accuracy": 0.5217391304347826,
          "synthetic_detection_rate": 0.5217391304347826,
          "near_duplicate_rate": 0.25,
          "combination_coverage": 0.8333333333333334,
          "entropy/intent": 0.9849269366259108,
          "entropy/difficulty": 0.9982526816976661,
          "entropy/ambiguity": 0.9154212059212886,
          "entropy/style": 0.9841517646228418,
          "entropy/noise": 0.9623366843150859,
          "entropy/scenario_type": 0.8950252083920531,
          "coverage/intent": 1.0,
          "coverage/difficulty": 1.0,
          "coverage/ambiguity": 1.0,
          "coverage/style": 1.0,
          "coverage/noise": 1.0,
          "coverage/scenario_type": 1.0,
          "pack_accuracy": 0.5,
          "pack_confidence": 0.0,
          "mode_seeking_ratio": 0.2288080265878207,
          "text_distance_mean": 0.9538979255713017,
          "banned_phrasings_total": 0.0,
          "banned_phrasings_new": 0.0,
          "coverage_classifier_auroc": 0.5
        }
      },
      "timestamp": "2026-06-02T19:02:25.489529+00:00"
    },
    {
      "version": 2,
      "iteration": 2,