{
  "run_dir": "E:\\Projects\\PromptForge\\experiments\\trec_v297_seed23\\full_attrforge\\20260602T190003Z",
  "n_iterations": 3,
  "final_prompt_version": 2,
  "metric_history": [
    {
      "iteration": 0.0,
      "attribute_match_rate": 0.5,
      "discriminator_accuracy": 0.4583333333333333,
      "synthetic_detection_rate": 0.4583333333333333,
      "near_duplicate_rate": 0.25,
      "combination_coverage": 0.7222222222222222,
      "entropy/intent": 0.9835660090431769,
      "entropy/difficulty": 0.9680589902708631,
      "entropy/ambiguity": 0.8722208507618188,
      "entropy/style": 0.947844078102191,
      "entropy/noise": 0.9553810531234106,
      "entropy/scenario_type": 0.9856259180022331,
      "coverage/intent": 1.0,
      "coverage/difficulty": 1.0,
      "coverage/ambiguity": 1.0,
      "coverage/style": 1.0,
      "coverage/noise": 1.0,
      "coverage/scenario_type": 1.0,
      "pack_accuracy": 0.5,
      "pack_confidence": 0.0,
      "mode_seeking_ratio": 0.22732617630972998,
      "text_distance_mean": 0.9478365893541586,
      "banned_phrasings_total": 0.0,
      "banned_phrasings_new": 0.0,
      "coverage_classifier_auroc": 0.5
    },
    {
      "iteration": 1.0,
      "attribute_match_rate": 0.375,
      "discriminator_accuracy": 0.5833333333333334,
      "synthetic_detection_rate": 0.5833333333333334,
      "near_duplicate_rate": 0.25,
      "combination_coverage": 0.7222222222222222,
      "entropy/intent": 0.9671320180863539,
      "entropy/difficulty": 0.9999999999999998,
      "entropy/ambiguity": 0.946394630357186,
      "entropy/style": 0.8701501333892036,
      "entropy/noise": 0.9608948553419607,
      "entropy/scenario_type": 0.9477867202775715,
      "coverage/intent": 1.0,
      "coverage/difficulty": 1.0,
      "coverage/ambiguity": 1.0,
      "coverage/style": 1.0,
      "coverage/noise": 1.0,
      "coverage/scenario_type": 1.0,
      "pack_accuracy": 0.5,
      "pack_confidence": 0.0,
      "mode_seeking_ratio": 0.23130623673100129,
      "text_distance_mean": 0.9556189418974612,
      "banned_phrasings_total": 0.0,
      "banned_phrasings_new": 0.0,
      "coverage_classifier_auroc": 0.5
    },
    {
      "iteration": 2.0,
      "attribute_match_rate": 0.625,
      "discriminator_accuracy": 0.5833333333333334,
      "synthetic_detection_rate": 0.5833333333333334,
      "near_duplicate_rate": 0.25,
      "combination_coverage": 0.8333333333333334,
      "entropy/intent": 0.9941242220390273,
      "entropy/difficulty": 0.9862707094162991,
      "entropy/ambiguity": 0.9850568223215079,
      "entropy/style": 0.9360898016760625,
      "entropy/noise": 0.9745411476764105,
      "entropy/scenario_type": 0.9528195311147832,
      "coverage/intent": 1.0,
      "coverage/difficulty": 1.0,
      "coverage/ambiguity": 1.0,
      "coverage/style": 1.0,
      "coverage/noise": 1.0,
      "coverage/scenario_type": 1.0,
      "pack_accuracy": 0.5,
      "pack_confidence": 0.0,
      "mode_seeking_ratio": 0.2277784369770089,
      "text_distance_mean": 0.952929402971345,
      "banned_phrasings_total": 0.0,
      "banned_phrasings_new": 0.0,
      "coverage_classifier_auroc": 0.5
    }
  ],
  "prompt_history": [
    {
      "version": 0,
      "iteration": 0,
      "prompt": "Generate realistic open-domain English questions that match the requested\nTREC question-type category. The example should be a single complete question\nthat ends with a question mark and reads as something a user might ask in\nan open-domain QA system. Match the requested style and noise level. Output\na JSON object with the sample id, the text, and the attribute values.\n",
      "motivation": "initial prompt",
      "feedback_summary": {},
      "timestamp": "2026-06-02T19:00:03.513135+00:00"
    },
    {
      "version": 1,
      "iteration": 1,
      "prompt": "\"\"\"Generate realistic open-domain English questions that align with the specified TREC question-type category. Each example should be a single complete question ending with a question mark, phrased as a user might ask in an open-domain QA system. Ensure that the questions reflect the requested attributes: intent, difficulty, ambiguity, style, and noise level. Strive for varied sentence structures and vocabulary to enhance nuance and avoid redundancy. \n\nOutput a JSON object containing the sample id, the text, and the attribute values.\n\n**Forbidden phrasings:** Avoid casual or overly informal language, fragmented styles, and repetitive question formats.\n\n**Preferred phrasings:** Aim for structured inquiries that reflect a formal tone, such as:\n- \"What are the implications of [specific scientific concept]?\"\n- \"How does [philosophical idea] challenge conventional thinking?\"\n- \"Can you provide an analysis of [unique comparison]?\"\n\nIncorporate unique examples or edge cases within each intent category to promote diversity in the generated questions. Ensure that the output includes a mix of straightforward and complex inquiries, balancing formal and creative styles to reflect a broader range of user interactions. Aim for a low redundancy rate in phrasing and structure while maintaining clarity and relevance to the specified attributes.\"\"\"",
      "motivation": "The batch exhibits a high degree of redundancy in phrasing and structure, particularly in the use of verbose and fragmented styles. Many texts also rely on similar question formats, leading to a lack of nuanced diversity.",
      "feedback_summary": {
        "iteration": 0,
        "n_attribute_failures": 12,
        "n_realism_artifacts": 11,
        "near_duplicate_rate": 0.25,
        "pack_accuracy": 0.5,
        "mode_seeking_ratio": 0.22732617630972998,
        "n_banned_phrasings": 0,
        "missing_modes": [
          "Examples of rare or edge cases in scientific terminology or philosophical concepts.",
          "Unique or unconventional comparisons that challenge typical perspectives."
        ],
        "overrepresented_modes": [
          "Verbose style is heavily used, especially in requests for lists and definitions.",
          "Fragmented style appears frequently in informal contexts, leading to repetitive questioning formats."
        ],
        "metrics": {
          "attribute_match_rate": 0.5,
          "discriminator_accuracy": 0.4583333333333333,
          "synthetic_detection_rate": 0.4583333333333333,
          "near_duplicate_rate": 0.25,
          "combination_coverage": 0.7222222222222222,
          "entropy/intent": 0.9835660090431769,
          "entropy/difficulty": 0.9680589902708631,
          "entropy/ambiguity": 0.8722208507618188,
          "entropy/style": 0.947844078102191,
          "entropy/noise": 0.9553810531234106,
          "entropy/scenario_type": 0.9856259180022331,
          "coverage/intent": 1.0,
          "coverage/difficulty": 1.0,
          "coverage/ambiguity": 1.0,
          "coverage/style": 1.0,
          "coverage/noise": 1.0,
          "coverage/scenario_type": 1.0,
          "pack_accuracy": 0.5,
          "pack_confidence": 0.0,
          "mode_seeking_ratio": 0.22732617630972998,
          "text_distance_mean": 0.9478365893541586,
          "banned_phrasings_total": 0.0,
          "banned_phrasings_new": 0.0,
          "coverage_classifier_auroc": 0.5
        }
      },
      "timestamp": "2026-06-02T19:02:28.184038+00:00"
    },
    {
      "version": 2,
      "iteration": 2,