{
  "attribute_match_rate": 0.8636363636363636,
  "discriminator_accuracy": 0.9583333333333334,
  "synthetic_detection_rate": 1.0,
  "near_duplicate_rate": 0.25,
  "combination_coverage": 0.6333333333333333,
  "entropy/intent": 0.9933677963248574,
  "entropy/difficulty": 0.9056185178648963,
  "entropy/ambiguity": 0.9741707427017493,
  "entropy/style": 0.8879653190238082,
  "entropy/noise": 0.9094862157597151,
  "entropy/scenario_type": 0.929252365043453,
  "coverage/intent": 1.0,
  "coverage/difficulty": 1.0,
  "coverage/ambiguity": 1.0,
  "coverage/style": 1.0,
  "coverage/noise": 1.0,
  "coverage/scenario_type": 1.0,
  "pack_accuracy": 0.375,
  "pack_confidence": 0.89375,
  "mode_seeking_ratio": 0.22629270339191918,
  "text_distance_mean": 0.9423885202932092,
  "banned_phrasings_total": 2.0,
  "banned_phrasings_new": 2.0,
  "coverage_classifier_auroc": 1.0
}