{
  "real_only": {
    "17": {
      "acc": 0.7041284403669725,
      "f1": 0.6996908488042416,
      "n_train": 60
    },
    "23": {
      "acc": 0.7041284403669725,
      "f1": 0.6996908488042416,
      "n_train": 60
    },
    "41": {
      "acc": 0.7041284403669725,
      "f1": 0.6996908488042416,
      "n_train": 60
    },
    "53": {
      "acc": 0.7041284403669725,
      "f1": 0.6996908488042416,
      "n_train": 60
    },
    "89": {
      "acc": 0.7041284403669725,
      "f1": 0.6996908488042416,
      "n_train": 60
    }
  },
  "naive": {
    "17": {
      "acc": 0.7087155963302753,
      "f1": 0.7087018049629906,
      "n_train": 16
    },
    "23": {
      "acc": 0.6238532110091743,
      "f1": 0.5913286505455314,
      "n_train": 16
    },
    "41": {
      "acc": 0.6571100917431193,
      "f1": 0.647080640249061,
      "n_train": 16
    },
    "53": {
      "acc": 0.5802752293577982,
      "f1": 0.5091177556293836,
      "n_train": 16
    },
    "89": {
      "acc": 0.6146788990825688,
      "f1": 0.6047805325491677,
      "n_train": 16
    }
  },
  "few_shot": {
    "17": {
      "acc": 0.7224770642201835,
      "f1": 0.7207790833068699,
      "n_train": 16
    },
    "23": {
      "acc": 0.5688073394495413,
      "f1": 0.49042305181685364,
      "n_train": 16
    },
    "41": {
      "acc": 0.6020642201834863,
      "f1": 0.5987710553568752,
      "n_train": 16
    },
    "53": {
      "acc": 0.6215596330275229,
      "f1": 0.5801012099669054,
      "n_train": 16
    },
    "89": {
      "acc": 0.6811926605504587,
      "f1": 0.6722549104438869,
      "n_train": 16
    }
  },
  "full_classic": {
    "17": {
      "acc": 0.6605504587155964,
      "f1": 0.631199026102065,
      "n_train": 48
    },
    "23": {
      "acc": 0.6938073394495413,
      "f1": 0.682149366207278,
      "n_train": 32
    },
    "41": {
      "acc": 0.6961009174311926,
      "f1": 0.6952894341598108,
      "n_train": 48
    },
    "53": {
      "acc": 0.7385321100917431,
      "f1": 0.7385321100917431,
      "n_train": 48
    },
    "89": {
      "acc": 0.7006880733944955,
      "f1": 0.6973925113980399,
      "n_train": 48
    }
  },
  "diversity_only": {
    "17": {
      "acc": 0.731651376146789,
      "f1": 0.731651376146789,
      "n_train": 48
    },
    "23": {
      "acc": 0.7465596330275229,
      "f1": 0.7465592997213246,
      "n_train": 48
    },
    "41": {
      "acc": 0.731651376146789,
      "f1": 0.7315821875641288,
      "n_train": 48
    },
    "53": {
      "acc": 0.7545871559633027,
      "f1": 0.7545819918776171,
      "n_train": 48
    },
    "89": {
      "acc": 0.7064220183486238,
      "f1": 0.7029704024227328,
      "n_train": 48
    }
  },
  "realism_only": {
    "17": {
      "acc": 0.7259174311926605,
      "f1": 0.7210660649205858,
      "n_train": 48
    },
    "23": {
      "acc": 0.7385321100917431,
      "f1": 0.7381795195954488,
      "n_train": 48
    },
    "41": {
      "acc": 0.7442660550458715,
      "f1": 0.7430899335846205,
      "n_train": 48
    },
    "53": {
      "acc": 0.7075688073394495,
      "f1": 0.7052706920889913,
      "n_train": 48
    },
    "89": {
      "acc": 0.6926605504587156,
      "f1": 0.6918028981837556,
      "n_train": 48
    }
  },
  "full_attrforge": {
    "17": {
      "acc": 0.7591743119266054,
      "f1": 0.7591426361727986,
      "n_train": 48
    },
    "41": {
      "acc": 0.6915137614678899,
      "f1": 0.6882663998096916,
      "n_train": 48
    },
    "53": {
      "acc": 0.6594036697247706,
      "f1": 0.6541969596827495,
      "n_train": 48
    },
    "89": {
      "acc": 0.6571100917431193,
      "f1": 0.6349160341044502,
      "n_train": 48
    }
  }
}