{
  "run_dir": "E:\\Projects\\PromptForge\\experiments\\sst2_v297_seed23\\full_attrforge\\20260602T185952Z",
  "n_iterations": 3,
  "final_prompt_version": 2,
  "metric_history": [
    {
      "iteration": 0.0,
      "attribute_match_rate": 0.5,
      "discriminator_accuracy": 0.5833333333333334,
      "synthetic_detection_rate": 0.5833333333333334,
      "near_duplicate_rate": 0.25,
      "combination_coverage": 1.0,
      "entropy/intent": 0.954434002924965,
      "entropy/difficulty": 0.9862707094162991,
      "entropy/polarity_intensity": 0.9680589902708631,
      "entropy/style": 0.9925308085173912,
      "entropy/noise": 0.9745411476764105,
      "entropy/scenario_type": 0.876666739970944,
      "coverage/intent": 1.0,
      "coverage/difficulty": 1.0,
      "coverage/polarity_intensity": 1.0,
      "coverage/style": 1.0,
      "coverage/noise": 1.0,
      "coverage/scenario_type": 1.0,
      "pack_accuracy": 0.5,
      "pack_confidence": 0.0,
      "mode_seeking_ratio": 0.24441049983959656,
      "text_distance_mean": 0.9590858995750917,
      "banned_phrasings_total": 0.0,
      "banned_phrasings_new": 0.0,
      "coverage_classifier_auroc": 0.5
    },
    {
      "iteration": 1.0,
      "attribute_match_rate": 0.5909090909090909,
      "discriminator_accuracy": 0.36363636363636365,
      "synthetic_detection_rate": 0.36363636363636365,
      "near_duplicate_rate": 0.25,
      "combination_coverage": 1.0,
      "entropy/intent": 1.0,
      "entropy/difficulty": 0.9981459752167369,
      "entropy/polarity_intensity": 0.8342022886441013,
      "entropy/style": 0.9122066329329885,
      "entropy/noise": 0.933816945485606,
      "entropy/scenario_type": 0.933510035736515,
      "coverage/intent": 1.0,
      "coverage/difficulty": 1.0,
      "coverage/polarity_intensity": 1.0,
      "coverage/style": 1.0,
      "coverage/noise": 1.0,
      "coverage/scenario_type": 1.0,
      "pack_accuracy": 0.5,
      "pack_confidence": 0.0,
      "mode_seeking_ratio": 0.24735512413249405,
      "text_distance_mean": 0.9610259117057637,
      "banned_phrasings_total": 0.0,
      "banned_phrasings_new": 0.0,
      "coverage_classifier_auroc": 0.5
    },
    {
      "iteration": 2.0,
      "attribute_match_rate": 0.6956521739130435,
      "discriminator_accuracy": 0.30434782608695654,
      "synthetic_detection_rate": 0.30434782608695654,
      "near_duplicate_rate": 0.25,
      "combination_coverage": 1.0,
      "entropy/intent": 0.9986359641585719,
      "entropy/difficulty": 0.940725014049597,
      "entropy/polarity_intensity": 0.9782534167892908,
      "entropy/style": 0.9841517646228418,
      "entropy/noise": 0.9486586303348536,
      "entropy/scenario_type": 0.9237794341096142,
      "coverage/intent": 1.0,
      "coverage/difficulty": 1.0,
      "coverage/polarity_intensity": 1.0,
      "coverage/style": 1.0,
      "coverage/noise": 1.0,
      "coverage/scenario_type": 1.0,
      "pack_accuracy": 0.5,
      "pack_confidence": 0.0,
      "mode_seeking_ratio": 0.247369665643838,
      "text_distance_mean": 0.9645473015379235,
      "banned_phrasings_total": 0.0,
      "banned_phrasings_new": 0.0,
      "coverage_classifier_auroc": 0.5
    }
  ],
  "prompt_history": [
    {
      "version": 0,
      "iteration": 0,
      "prompt": "Generate realistic short movie review sentences that match the requested\nsentiment polarity (positive or negative). Reviews should sound like\nnatural film criticism: short, opinionated, using a mix of explicit\nsentiment words and comparative judgments. Match the requested style,\nintensity, and scenario type. Output a JSON object with the sample id,\nthe text, and the attribute values.\n",
      "motivation": "initial prompt",
      "feedback_summary": {},
      "timestamp": "2026-06-02T18:59:52.612508+00:00"
    },
    {
      "version": 1,
      "iteration": 1,
      "prompt": "\"\"\"Generate realistic short movie review sentences that align with the requested sentiment polarity (positive or negative). Reviews should reflect natural film criticism: concise, opinionated, and employing a blend of explicit sentiment words and comparative judgments. Ensure the reviews are structured, formal, and analytical, avoiding casual language and sarcasm. Incorporate unique expressions of emotion and perspectives that neither strongly praise nor criticize the film. Output a JSON object containing the sample id, the text, and the attribute values.\n\n**Forbidden phrasings:** \n- \"watching paint dry\"\n- \"a chore\"\n- \"heartfelt\"\n\n**Preferred phrasings:** \n- \"a refreshing take on\"\n- \"masterfully executed\"\n- \"an unexpected delight\"\n- \"thought-provoking themes\"\n- \"captivating performances\"\n- \"a missed opportunity\"\n- \"lacks the depth\"\n- \"fails to engage\"\n\nEnsure to match the requested style, intensity, and scenario type while minimizing redundancy in phrasing. Aim for a diverse range of reviews, including balanced perspectives and varied emotional expressions. Focus on maintaining attribute fidelity, especially regarding intent, polarity intensity, and noise levels.\"",
      "motivation": "The batch exhibits a range of intents and styles, but there is significant redundancy in phrasing and surface patterns, particularly in negative reviews. Many texts utilize similar constructions and vocabulary, leading to a lack of nuanced expression.",
      "feedback_summary": {
        "iteration": 0,
        "n_attribute_failures": 12,
        "n_realism_artifacts": 14,
        "near_duplicate_rate": 0.25,
        "pack_accuracy": 0.5,
        "mode_seeking_ratio": 0.24441049983959656,
        "n_banned_phrasings": 0,
        "missing_modes": [
          "A more neutral or balanced perspective that neither strongly praises nor criticizes the film.",
          "Unique or unconventional expressions of emotion that diverge from common phrases."
        ],
        "overrepresented_modes": [
          "Negative reviews often use phrases like 'watching paint dry' or 'a chore', creating a repetitive pattern.",
          "Positive reviews frequently employ the term 'heartfelt' and similar descriptors."
        ],
        "metrics": {
          "attribute_match_rate": 0.5,
          "discriminator_accuracy": 0.5833333333333334,
          "synthetic_detection_rate": 0.5833333333333334,
          "near_duplicate_rate": 0.25,
          "combination_coverage": 1.0,
          "entropy/intent": 0.954434002924965,
          "entropy/difficulty": 0.9862707094162991,
          "entropy/polarity_intensity": 0.9680589902708631,
          "entropy/style": 0.9925308085173912,
          "entropy/noise": 0.9745411476764105,
          "entropy/scenario_type": 0.876666739970944,
          "coverage/intent": 1.0,
          "coverage/difficulty": 1.0,
          "coverage/polarity_intensity": 1.0,
          "coverage/style": 1.0,
          "coverage/noise": 1.0,
          "coverage/scenario_type": 1.0,
          "pack_accuracy": 0.5,
          "pack_confidence": 0.0,
          "mode_seeking_ratio": 0.24441049983959656,
          "text_distance_mean": 0.9590858995750917,
          "banned_phrasings_total": 0.0,
          "banned_phrasings_new": 0.0,
          "coverage_classifier_auroc": 0.5
        }
      },
      "timestamp": "2026-06-02T19:02:24.026200+00:00"
    },
    {
      "version": 2,
      "iteration": 2,