{
  "run_dir": "E:\\Projects\\PromptForge\\experiments\\loo_run_002_seed89\\no_coverage_hole\\20260602T085428Z",
  "n_iterations": 3,
  "final_prompt_version": 2,
  "metric_history": [
    {
      "iteration": 0.0,
      "attribute_match_rate": 0.0,
      "discriminator_accuracy": 1.0,
      "synthetic_detection_rate": 1.0,
      "near_duplicate_rate": 0.25,
      "combination_coverage": 0.6,
      "entropy/intent": 0.9592101522724051,
      "entropy/difficulty": 0.8957541375001009,
      "entropy/ambiguity": 0.9850568223215079,
      "entropy/style": 0.8822716235122602,
      "entropy/noise": 0.8274070571684498,
      "entropy/scenario_type": 0.9497012164384108,
      "coverage/intent": 1.0,
      "coverage/difficulty": 1.0,
      "coverage/ambiguity": 1.0,
      "coverage/style": 0.8333333333333334,
      "coverage/noise": 1.0,
      "coverage/scenario_type": 1.0,
      "pack_accuracy": 0.375,
      "pack_confidence": 0.8875,
      "mode_seeking_ratio": 0.2301306173503037,
      "text_distance_mean": 0.9470378747899321,
      "banned_phrasings_total": 4.0,
      "banned_phrasings_new": 4.0
    },
    {
      "iteration": 1.0,
      "attribute_match_rate": 0.0,
      "discriminator_accuracy": 0.875,
      "synthetic_detection_rate": 0.8,
      "near_duplicate_rate": 0.15,
      "combination_coverage": 0.6666666666666666,
      "entropy/intent": 0.9487027337173605,
      "entropy/difficulty": 0.8024052436705212,
      "entropy/ambiguity": 0.9755307720176264,
      "entropy/style": 0.9306282244165779,
      "entropy/noise": 0.9415787376332126,
      "entropy/scenario_type": 0.9755307720176264,
      "coverage/intent": 1.0,
      "coverage/difficulty": 1.0,
      "coverage/ambiguity": 1.0,
      "coverage/style": 1.0,
      "coverage/noise": 1.0,
      "coverage/scenario_type": 1.0,
      "pack_accuracy": 0.75,
      "pack_confidence": 0.9,
      "mode_seeking_ratio": 0.2285911373686315,
      "text_distance_mean": 0.9433085849871492,
      "banned_phrasings_total": 8.0,
      "banned_phrasings_new": 4.0
    },
    {
      "iteration": 2.0,
      "attribute_match_rate": 0.0,
      "discriminator_accuracy": 0.9166666666666666,
      "synthetic_detection_rate": 1.0,
      "near_duplicate_rate": 0.15,
      "combination_coverage": 0.6,
      "entropy/intent": 0.9415787376332126,
      "entropy/difficulty": 0.7559752426306121,
      "entropy/ambiguity": 0.8957541375001009,
      "entropy/style": 0.9488801212514659,
      "entropy/noise": 0.9822177815287606,
      "entropy/scenario_type": 0.946394630357186,
      "coverage/intent": 1.0,
      "coverage/difficulty": 1.0,
      "coverage/ambiguity": 1.0,
      "coverage/style": 1.0,
      "coverage/noise": 1.0,
      "coverage/scenario_type": 1.0,
      "pack_accuracy": 0.125,
      "pack_confidence": 0.8875,
      "mode_seeking_ratio": 0.23323194053790278,
      "text_distance_mean": 0.9523555378589902,
      "banned_phrasings_total": 12.0,
      "banned_phrasings_new": 4.0
    }
  ],
  "prompt_history": [
    {
      "version": 0,
      "iteration": 0,
      "prompt": "Generate realistic customer support messages that match the requested intent\nand style. The example should be plausible for a customer support channel\n(email, chat, in-app form). Keep it short to medium length. Output a JSON\nobject with the sample id, the text, and the attribute values.\n",
      "motivation": "initial prompt",
      "feedback_summary": {},
      "timestamp": "2026-06-02T08:54:28.101792+00:00"
    },
    {
      "version": 1,
      "iteration": 1,
      "prompt": "\"\"\"Generate realistic customer support messages that match the requested intent and style, ensuring a variety of tones and complexities. Include informal and verbose styles alongside concise and emotional ones. The example should be plausible for a customer support channel (email, chat, in-app form) and can cover a range of scenarios, including edge cases. Keep the messages short to medium length, with a focus on authenticity and relatable user experiences. Output a JSON object with the sample id, the text, and the attribute values.\n\nForbidden phrasings:\n- 'I wish I could provide more details'\n- \"I feel like I'm missing something important\"\n- \"I can't believe this!\"\n- 'Can you please help?'\n\nEnsure the messages exhibit a mix of difficulties, from easy to hard, and vary in ambiguity. Avoid overly polished language and generic structures to enhance realism. Strive for diverse expressions of intent, including complaints, inquiries, and requests, while minimizing redundancy in phrasing. Aim for a balanced representation of styles, ensuring that no single mode dominates the output. Incorporate specific details relevant to the user's context to enrich the messages and make them feel genuine.",
      "motivation": "The batch of synthetic samples demonstrates good coverage of intents, difficulties, ambiguities, and noise types, but lacks diversity in the style attribute, particularly in the 'informal' and 'verbose' categories. Additionally, there are several near-duplicate phrasings present.",
      "feedback_summary": {
        "iteration": 0,
        "n_attribute_failures": 16,
        "n_realism_artifacts": 11,
        "near_duplicate_rate": 0.25,
        "pack_accuracy": 0.375,
        "mode_seeking_ratio": 0.2301306173503037,
        "n_banned_phrasings": 4,
        "missing_modes": [
          "informal",
          "verbose"
        ],
        "overrepresented_modes": [
          "concise",
          "emotional"
        ],
        "metrics": {
          "attribute_match_rate": 0.0,
          "discriminator_accuracy": 1.0,
          "synthetic_detection_rate": 1.0,
          "near_duplicate_rate": 0.25,
          "combination_coverage": 0.6,
          "entropy/intent": 0.9592101522724051,
          "entropy/difficulty": 0.8957541375001009,
          "entropy/ambiguity": 0.9850568223215079,
          "entropy/style": 0.8822716235122602,
          "entropy/noise": 0.8274070571684498,
          "entropy/scenario_type": 0.9497012164384108,
          "coverage/intent": 1.0,
          "coverage/difficulty": 1.0,
          "coverage/ambiguity": 1.0,
          "coverage/style": 0.8333333333333334,
          "coverage/noise": 1.0,
          "coverage/scenario_type": 1.0,
          "pack_accuracy": 0.375,
          "pack_confidence": 0.8875,
          "mode_seeking_ratio": 0.2301306173503037,
          "text_distance_mean": 0.9470378747899321,
          "banned_phrasings_total": 4.0,
          "banned_phrasings_new": 4.0
        }
      },
      "timestamp": "2026-06-02T08:56:24.339919+00:00"
    },
    {
      "version": 2,
      "iteration": 2,