{
  "attribute_match_rate": 0.4583333333333333,
  "discriminator_accuracy": 0.5,
  "synthetic_detection_rate": 0.5,
  "near_duplicate_rate": 0.25,
  "combination_coverage": 0.7777777777777778,
  "entropy/intent": 0.9835660090431769,
  "entropy/difficulty": 0.9680589902708631,
  "entropy/ambiguity": 0.9850568223215079,
  "entropy/style": 0.8979444735226818,
  "entropy/noise": 0.972517782937844,
  "entropy/scenario_type": 0.9745411476764105,
  "coverage/intent": 1.0,
  "coverage/difficulty": 1.0,
  "coverage/ambiguity": 1.0,
  "coverage/style": 1.0,
  "coverage/noise": 1.0,
  "coverage/scenario_type": 1.0,
  "pack_accuracy": 0.5,
  "pack_confidence": 0.0,
  "mode_seeking_ratio": 0.2246458772257393,
  "text_distance_mean": 0.9427817811038682,
  "banned_phrasings_total": 0.0,
  "banned_phrasings_new": 0.0,
  "coverage_classifier_auroc": 0.5
}