{
  "mode_seeking_ratio": 0.2246458772257393,
  "n_pairs": 276,
  "text_distance_mean": 0.9427817811038682,
  "target_distance_mean": 4.507246376811594,
  "attribute_sensitivity": {
    "scenario_type": 0.0,
    "intent": 0.0,
    "noise": 0.0,
    "difficulty": 0.0,
    "ambiguity": 0.903087434477435,
    "style": 0.0
  }
}