{
  "run_dir": "E:\\Projects\\PromptForge\\experiments\\main_run_002_seed41\\full_attrforge\\20260601T070219Z",
  "n_iterations": 3,
  "final_prompt_version": 2,
  "metric_history": [
    {
      "iteration": 0.0,
      "attribute_match_rate": 0.125,
      "discriminator_accuracy": 0.875,
      "synthetic_detection_rate": 0.7272727272727273,
      "near_duplicate_rate": 0.1,
      "combination_coverage": 0.5333333333333333,
      "entropy/intent": 0.851541012754057,
      "entropy/difficulty": 0.9755307720176264,
      "entropy/ambiguity": 0.9850568223215079,
      "entropy/style": 0.9123763275816897,
      "entropy/noise": 0.9388906303246313,
      "entropy/scenario_type": 0.895014514573153,
      "coverage/intent": 0.8,
      "coverage/difficulty": 1.0,
      "coverage/ambiguity": 1.0,
      "coverage/style": 1.0,
      "coverage/noise": 1.0,
      "coverage/scenario_type": 1.0,
      "pack_accuracy": 0.5,
      "pack_confidence": 0.9,
      "mode_seeking_ratio": 0.22830410599013629,
      "text_distance_mean": 0.9417322729655465,
      "banned_phrasings_total": 4.0,
      "banned_phrasings_new": 4.0,
      "coverage_classifier_auroc": 1.0
    },
    {
      "iteration": 1.0,
      "attribute_match_rate": 0.0,
      "discriminator_accuracy": 0.5833333333333334,
      "synthetic_detection_rate": 0.3333333333333333,
      "near_duplicate_rate": 0.15,
      "combination_coverage": 0.6666666666666666,
      "entropy/intent": 0.9158830010682758,
      "entropy/difficulty": 0.9320201587042913,
      "entropy/ambiguity": 0.9755307720176264,
      "entropy/style": 0.9789848253208956,
      "entropy/noise": 0.9362025230160498,
      "entropy/scenario_type": 0.9850568223215079,
      "coverage/intent": 1.0,
      "coverage/difficulty": 1.0,
      "coverage/ambiguity": 1.0,
      "coverage/style": 1.0,
      "coverage/noise": 1.0,
      "coverage/scenario_type": 1.0,
      "pack_accuracy": 0.625,
      "pack_confidence": 0.88125,
      "mode_seeking_ratio": 0.2311559056037611,
      "text_distance_mean": 0.9448456849993552,
      "banned_phrasings_total": 8.0,
      "banned_phrasings_new": 4.0,
      "coverage_classifier_auroc": 1.0
    },
    {
      "iteration": 2.0,
      "attribute_match_rate": 0.125,
      "discriminator_accuracy": 1.0,
      "synthetic_detection_rate": 1.0,
      "near_duplicate_rate": 0.15,
      "combination_coverage": 0.5333333333333333,
      "entropy/intent": 0.8417289093613277,
      "entropy/difficulty": 0.7559752426306121,
      "entropy/ambiguity": 0.9497012164384108,
      "entropy/style": 0.9488801212514659,
      "entropy/noise": 0.9822177815287606,
      "entropy/scenario_type": 0.9497012164384108,
      "coverage/intent": 0.8,
      "coverage/difficulty": 1.0,
      "coverage/ambiguity": 1.0,
      "coverage/style": 1.0,
      "coverage/noise": 1.0,
      "coverage/scenario_type": 1.0,
      "pack_accuracy": 0.75,
      "pack_confidence": 0.88125,
      "mode_seeking_ratio": 0.2393780182498332,
      "text_distance_mean": 0.9457566345503357,
      "banned_phrasings_total": 12.0,
      "banned_phrasings_new": 4.0,
      "coverage_classifier_auroc": 1.0
    }
  ],
  "prompt_history": [
    {
      "version": 0,
      "iteration": 0,
      "prompt": "Generate realistic customer support messages that match the requested intent\nand style. The example should be plausible for a customer support channel\n(email, chat, in-app form). Keep it short to medium length. Output a JSON\nobject with the sample id, the text, and the attribute values.\n",
      "motivation": "initial prompt",
      "feedback_summary": {},
      "timestamp": "2026-06-01T07:02:19.731591+00:00"
    },
    {
      "version": 1,
      "iteration": 1,
      "prompt": "\"\"\"Generate realistic customer support messages that align with the specified intent and style. Ensure the messages reflect a range of scenarios, including technical problems, general questions, refund requests, and complaints, with varying levels of difficulty and ambiguity. Incorporate informal and fragmented styles where appropriate, and aim for a mix of straightforward and edge case situations. The output should be a JSON object containing the sample id, the text, and the attribute values.\n\nForbidden phrasings:\n- 'I thought I had it right'\n- 'I want to ensure I make the right choice'\n- \"I can't believe I waited so long\"\n- 'my favorite cat'\n\nFocus on generating messages that:\n- Are plausible for customer support channels (email, chat, in-app form).\n- Include realistic noise, such as typos or informal language.\n- Avoid overly polished or scripted responses.\n- Represent diverse intents and scenarios, particularly ensuring coverage of fragmented styles for refund requests and informal complaints.\n- Maintain a balance in the representation of intents to avoid overrepresentation of any single type.\n\nKeep the length of the messages to short or medium, ensuring they are concise yet informative. Aim for a variety of emotional tones, from neutral inquiries to frustrated complaints, while ensuring clarity in intent and context.\"\"\"",
      "motivation": "The batch demonstrates a good variety of intents and attributes, but there are some missing modes and potential near-duplicates that could affect diversity. The 'complaint' intent is overrepresented in edge cases.",
      "feedback_summary": {
        "iteration": 0,
        "n_attribute_failures": 14,
        "n_realism_artifacts": 8,
        "near_duplicate_rate": 0.1,
        "pack_accuracy": 0.5,
        "mode_seeking_ratio": 0.22830410599013629,
        "n_banned_phrasings": 4,
        "missing_modes": [
          "refund_request with style 'fragmented'",
          "technical_problem with any style",
          "general_question with style 'fragmented'",
          "general_question with scenario_type 'rare'",
          "complaint with style 'informal'"
        ],
        "overrepresented_modes": [
          "complaint in edge_case"
        ],
        "metrics": {
          "attribute_match_rate": 0.125,
          "discriminator_accuracy": 0.875,
          "synthetic_detection_rate": 0.7272727272727273,
          "near_duplicate_rate": 0.1,
          "combination_coverage": 0.5333333333333333,
          "entropy/intent": 0.851541012754057,
          "entropy/difficulty": 0.9755307720176264,
          "entropy/ambiguity": 0.9850568223215079,
          "entropy/style": 0.9123763275816897,
          "entropy/noise": 0.9388906303246313,
          "entropy/scenario_type": 0.895014514573153,
          "coverage/intent": 0.8,
          "coverage/difficulty": 1.0,
          "coverage/ambiguity": 1.0,
          "coverage/style": 1.0,
          "coverage/noise": 1.0,
          "coverage/scenario_type": 1.0,
          "pack_accuracy": 0.5,
          "pack_confidence": 0.9,
          "mode_seeking_ratio": 0.22830410599013629,
          "text_distance_mean": 0.9417322729655465,
          "banned_phrasings_total": 4.0,
          "banned_phrasings_new": 4.0,
          "coverage_classifier_auroc": 1.0
        }
      },
      "timestamp": "2026-06-01T07:04:00.656865+00:00"
    },
    {
      "version": 2,
      "iteration": 2,