{
  "mode_seeking_ratio": 0.20306960641002625,
  "n_pairs": 120,
  "text_distance_mean": 0.851556982512688,
  "target_distance_mean": 4.466666666666667,
  "attribute_sensitivity": {
    "style": 0.0,
    "difficulty": 0.0,
    "noise": 0.0,
    "ambiguity": 0.0,
    "scenario_type": 0.0,
    "intent": 0.0
  }
}