{
  "mode_seeking_ratio": 0.228402801239697,
  "n_pairs": 120,
  "text_distance_mean": 0.9502402836144712,
  "target_distance_mean": 4.491666666666666,
  "attribute_sensitivity": {
    "noise": 0.0,
    "style": 0.0,
    "difficulty": 0.0,
    "intent": 0.8752117025387761,
    "scenario_type": 0.0,
    "ambiguity": 0.0
  }
}