{
  "mode_seeking_ratio": 0.2185146892588854,
  "n_pairs": 120,
  "text_distance_mean": 0.8854580724797881,
  "target_distance_mean": 4.391666666666667,
  "attribute_sensitivity": {
    "style": 0.0,
    "difficulty": 0.0,
    "noise": 0.0,
    "ambiguity": 0.0,
    "scenario_type": 0.0,
    "intent": 0.0
  }
}