{
  "run_dir": "E:\\Projects\\PromptForge\\experiments\\trec_run_001_seed53\\full_attrforge\\20260602T082230Z",
  "n_iterations": 3,
  "final_prompt_version": 2,
  "metric_history": [
    {
      "iteration": 0.0,
      "attribute_match_rate": 0.0,
      "discriminator_accuracy": 0.9166666666666666,
      "synthetic_detection_rate": 1.0,
      "near_duplicate_rate": 0.15,
      "combination_coverage": 0.5555555555555556,
      "entropy/intent": 0.9218145574751188,
      "entropy/difficulty": 0.8957541375001009,
      "entropy/ambiguity": 0.9497012164384108,
      "entropy/style": 0.9283832117695864,
      "entropy/noise": 0.902518266288633,
      "entropy/scenario_type": 0.8246987351738496,
      "coverage/intent": 1.0,
      "coverage/difficulty": 1.0,
      "coverage/ambiguity": 1.0,
      "coverage/style": 1.0,
      "coverage/noise": 1.0,
      "coverage/scenario_type": 1.0,
      "pack_accuracy": 0.5,
      "pack_confidence": 0.8666666666666667,
      "mode_seeking_ratio": 0.24001828112411755,
      "text_distance_mean": 0.9572531925449677,
      "banned_phrasings_total": 1.0,
      "banned_phrasings_new": 1.0,
      "coverage_classifier_auroc": 1.0
    },
    {
      "iteration": 1.0,
      "attribute_match_rate": 0.0,
      "discriminator_accuracy": 0.9565217391304348,
      "synthetic_detection_rate": 1.0,
      "near_duplicate_rate": 0.1,
      "combination_coverage": 0.7222222222222222,
      "entropy/intent": 0.9789848253208956,
      "entropy/difficulty": 0.9965119062478287,
      "entropy/ambiguity": 0.9850568223215079,
      "entropy/style": 0.8504146864248051,
      "entropy/noise": 0.885891110799899,
      "entropy/scenario_type": 0.8387106419146823,
      "coverage/intent": 1.0,
      "coverage/difficulty": 1.0,
      "coverage/ambiguity": 1.0,
      "coverage/style": 1.0,
      "coverage/noise": 1.0,
      "coverage/scenario_type": 1.0,
      "pack_accuracy": 0.6666666666666666,
      "pack_confidence": 0.9,
      "mode_seeking_ratio": 0.22738099420381605,
      "text_distance_mean": 0.9540602679001339,
      "banned_phrasings_total": 2.0,
      "banned_phrasings_new": 1.0,
      "coverage_classifier_auroc": 1.0
    },
    {
      "iteration": 2.0,
      "attribute_match_rate": 0.0,
      "discriminator_accuracy": 0.041666666666666664,
      "synthetic_detection_rate": 0.14285714285714285,
      "near_duplicate_rate": 0.15,
      "combination_coverage": 0.7222222222222222,
      "entropy/intent": 0.9400664543100068,
      "entropy/difficulty": 0.9497012164384108,
      "entropy/ambiguity": 0.9497012164384108,
      "entropy/style": 0.9388906303246313,
      "entropy/noise": 0.7959585933443496,
      "entropy/scenario_type": 0.902518266288633,
      "coverage/intent": 1.0,
      "coverage/difficulty": 1.0,
      "coverage/ambiguity": 1.0,
      "coverage/style": 1.0,
      "coverage/noise": 1.0,
      "coverage/scenario_type": 1.0,
      "pack_accuracy": 0.5,
      "pack_confidence": 0.8833333333333333,
      "mode_seeking_ratio": 0.23839784049846488,
      "text_distance_mean": 0.962998490985148,
      "banned_phrasings_total": 2.0,
      "banned_phrasings_new": 0.0,
      "coverage_classifier_auroc": 1.0
    }
  ],
  "prompt_history": [
    {
      "version": 0,
      "iteration": 0,
      "prompt": "Generate realistic open-domain English questions that match the requested\nTREC question-type category. The example should be a single complete question\nthat ends with a question mark and reads as something a user might ask in\nan open-domain QA system. Match the requested style and noise level. Output\na JSON object with the sample id, the text, and the attribute values.\n",
      "motivation": "initial prompt",
      "feedback_summary": {},
      "timestamp": "2026-06-02T08:22:30.784103+00:00"
    },
    {
      "version": 1,
      "iteration": 1,
      "prompt": "\"\"\"Generate realistic open-domain English questions that align with the specified TREC question-type category. Each example should be a single complete question, ending with a question mark, that reflects what a user might ask in an open-domain QA system. Ensure the questions exhibit medium ambiguity, a range of difficulty levels, and incorporate diverse scenarios, avoiding overused phrases. The output should include a JSON object containing the sample id, the text, and the attribute values.\n\nForbidden phrasings:\n- 'Who was the first'\n\nTo enhance diversity, include various intents beyond 'abbreviation' and 'human_beings', and ensure each question has sufficient detail and context. Aim for a mix of formal and informal styles, and introduce some edge cases or less common scenarios. Avoid repetitive structures and strive for unique phrasing in each question. \n\nExample attributes to consider:\n- Intent: Include various intents such as definitions, comparisons, and explanations.\n- Difficulty: Vary the complexity of questions from easy to hard.\n- Ambiguity: Ensure some questions have multiple interpretations.\n- Style: Mix formal and informal language.\n- Noise: Introduce slight imperfections or irrelevant details to mimic real user inquiries.\n- Scenario Type: Incorporate a variety of scenarios, including definitions, comparisons, and lists.\n\nOutput the generated questions in the specified JSON format.\"\"\"",
      "motivation": "The batch of synthetic samples demonstrates a good coverage of attribute values, but there are issues with near-duplicate phrasings and some missing details in the text. The diversity of scenarios is well represented, but certain intents like 'abbreviation' and 'human_beings' are overrepresented.",
      "feedback_summary": {
        "iteration": 0,
        "n_attribute_failures": 16,
        "n_realism_artifacts": 6,
        "near_duplicate_rate": 0.15,
        "pack_accuracy": 0.5,
        "mode_seeking_ratio": 0.24001828112411755,
        "n_banned_phrasings": 1,
        "missing_modes": [],
        "overrepresented_modes": [
          "abbreviation",
          "human_beings"
        ],
        "metrics": {
          "attribute_match_rate": 0.0,
          "discriminator_accuracy": 0.9166666666666666,
          "synthetic_detection_rate": 1.0,
          "near_duplicate_rate": 0.15,
          "combination_coverage": 0.5555555555555556,
          "entropy/intent": 0.9218145574751188,
          "entropy/difficulty": 0.8957541375001009,
          "entropy/ambiguity": 0.9497012164384108,
          "entropy/style": 0.9283832117695864,
          "entropy/noise": 0.902518266288633,
          "entropy/scenario_type": 0.8246987351738496,
          "coverage/intent": 1.0,
          "coverage/difficulty": 1.0,
          "coverage/ambiguity": 1.0,
          "coverage/style": 1.0,
          "coverage/noise": 1.0,
          "coverage/scenario_type": 1.0,
          "pack_accuracy": 0.5,
          "pack_confidence": 0.8666666666666667,
          "mode_seeking_ratio": 0.24001828112411755,
          "text_distance_mean": 0.9572531925449677,
          "banned_phrasings_total": 1.0,
          "banned_phrasings_new": 1.0,
          "coverage_classifier_auroc": 1.0
        }
      },
      "timestamp": "2026-06-02T08:24:07.155115+00:00"
    },
    {
      "version": 2,
      "iteration": 2,