{
  "attribute_match_rate": 0.5416666666666666,
  "discriminator_accuracy": 0.7083333333333334,
  "synthetic_detection_rate": 0.7083333333333334,
  "near_duplicate_rate": 0.25,
  "combination_coverage": 0.7777777777777778,
  "entropy/intent": 0.9776902310822042,
  "entropy/difficulty": 0.9808340377961401,
  "entropy/ambiguity": 0.946394630357186,
  "entropy/style": 0.8437590816619512,
  "entropy/noise": 0.9276942711037669,
  "entropy/scenario_type": 0.9608948553419607,
  "coverage/intent": 1.0,
  "coverage/difficulty": 1.0,
  "coverage/ambiguity": 1.0,
  "coverage/style": 0.8,
  "coverage/noise": 1.0,
  "coverage/scenario_type": 1.0,
  "pack_accuracy": 0.5,
  "pack_confidence": 0.0,
  "mode_seeking_ratio": 0.227212323390327,
  "text_distance_mean": 0.9451583206166194,
  "banned_phrasings_total": 0.0,
  "banned_phrasings_new": 0.0,
  "coverage_classifier_auroc": 0.5
}