{
  "attribute_match_rate": 0.9523809523809523,
  "discriminator_accuracy": 0.75,
  "synthetic_detection_rate": 0.75,
  "near_duplicate_rate": 0.25,
  "combination_coverage": 0.5666666666666667,
  "entropy/intent": 0.9960334049191263,
  "entropy/difficulty": 0.980315378922394,
  "entropy/ambiguity": 0.9821410328348751,
  "entropy/style": 0.8927867997351165,
  "entropy/noise": 0.9763945235672326,
  "entropy/scenario_type": 0.9937866610055328,
  "coverage/intent": 1.0,
  "coverage/difficulty": 1.0,
  "coverage/ambiguity": 1.0,
  "coverage/style": 1.0,
  "coverage/noise": 1.0,
  "coverage/scenario_type": 1.0,
  "pack_accuracy": 0.75,
  "pack_confidence": 0.8875,
  "mode_seeking_ratio": 0.2123101843261671,
  "text_distance_mean": 0.9357253110474818,
  "banned_phrasings_total": 1.0,
  "banned_phrasings_new": 1.0,
  "coverage_classifier_auroc": 1.0
}