{
  "mode_seeking_ratio": 0.2123101843261671,
  "n_pairs": 210,
  "text_distance_mean": 0.9357253110474818,
  "target_distance_mean": 4.647619047619048,
  "attribute_sensitivity": {
    "intent": 0.0,
    "noise": 0.0,
    "difficulty": 0.0,
    "ambiguity": 0.0,
    "scenario_type": 0.0,
    "style": 0.0
  }
}