{
  "mode_seeking_ratio": 0.2436234612587754,
  "n_pairs": 120,
  "text_distance_mean": 0.9571581505758793,
  "target_distance_mean": 4.366666666666666,
  "attribute_sensitivity": {
    "scenario_type": 0.0,
    "intent": 0.0,
    "style": 0.0,
    "ambiguity": 0.0,
    "noise": 0.0,
    "difficulty": 0.8911625827267107
  }
}