{
  "run_dir": "E:\\Projects\\PromptForge\\experiments\\trec_run_001_seed41\\full_attrforge\\20260602T080245Z",
  "n_iterations": 3,
  "final_prompt_version": 2,
  "metric_history": [
    {
      "iteration": 0.0,
      "attribute_match_rate": 0.0625,
      "discriminator_accuracy": 1.0,
      "synthetic_detection_rate": 1.0,
      "near_duplicate_rate": 0.1,
      "combination_coverage": 0.7222222222222222,
      "entropy/intent": 0.9400664543100068,
      "entropy/difficulty": 0.8868595071429147,
      "entropy/ambiguity": 0.9497012164384108,
      "entropy/style": 0.9592101522724051,
      "entropy/noise": 0.7897170014624826,
      "entropy/scenario_type": 0.9248008763572907,
      "coverage/intent": 1.0,
      "coverage/difficulty": 1.0,
      "coverage/ambiguity": 1.0,
      "coverage/style": 1.0,
      "coverage/noise": 0.75,
      "coverage/scenario_type": 1.0,
      "pack_accuracy": 0.6666666666666666,
      "pack_confidence": 0.8583333333333334,
      "mode_seeking_ratio": 0.23657181251654283,
      "text_distance_mean": 0.9653405978006198,
      "banned_phrasings_total": 0.0,
      "banned_phrasings_new": 0.0,
      "coverage_classifier_auroc": 1.0
    },
    {
      "iteration": 1.0,
      "attribute_match_rate": 0.0,
      "discriminator_accuracy": 0.9583333333333334,
      "synthetic_detection_rate": 1.0,
      "near_duplicate_rate": 0.15,
      "combination_coverage": 0.6111111111111112,
      "entropy/intent": 0.9400664543100068,
      "entropy/difficulty": 0.9965119062478287,
      "entropy/ambiguity": 0.9497012164384108,
      "entropy/style": 0.9822177815287606,
      "entropy/noise": 0.8903195311147832,
      "entropy/scenario_type": 0.8246987351738496,
      "coverage/intent": 1.0,
      "coverage/difficulty": 1.0,
      "coverage/ambiguity": 1.0,
      "coverage/style": 1.0,
      "coverage/noise": 1.0,
      "coverage/scenario_type": 1.0,
      "pack_accuracy": 1.0,
      "pack_confidence": 0.875,
      "mode_seeking_ratio": 0.23011464776008114,
      "text_distance_mean": 0.9620004213693133,
      "banned_phrasings_total": 2.0,
      "banned_phrasings_new": 2.0,
      "coverage_classifier_auroc": 1.0
    },
    {
      "iteration": 2.0,
      "attribute_match_rate": 0.0,
      "discriminator_accuracy": 1.0,
      "synthetic_detection_rate": 1.0,
      "near_duplicate_rate": 0.15,
      "combination_coverage": 0.6666666666666666,
      "entropy/intent": 0.8822716235122602,
      "entropy/difficulty": 0.9755307720176264,
      "entropy/ambiguity": 0.8957541375001009,
      "entropy/style": 0.9822177815287606,
      "entropy/noise": 0.8980898459737487,
      "entropy/scenario_type": 0.9248008763572907,
      "coverage/intent": 1.0,
      "coverage/difficulty": 1.0,
      "coverage/ambiguity": 1.0,
      "coverage/style": 1.0,
      "coverage/noise": 1.0,
      "coverage/scenario_type": 1.0,
      "pack_accuracy": 0.8333333333333334,
      "pack_confidence": 0.8833333333333333,
      "mode_seeking_ratio": 0.23507628452304458,
      "text_distance_mean": 0.9626790897937957,
      "banned_phrasings_total": 2.0,
      "banned_phrasings_new": 0.0,
      "coverage_classifier_auroc": 1.0
    }
  ],
  "prompt_history": [
    {
      "version": 0,
      "iteration": 0,
      "prompt": "Generate realistic open-domain English questions that match the requested\nTREC question-type category. The example should be a single complete question\nthat ends with a question mark and reads as something a user might ask in\nan open-domain QA system. Match the requested style and noise level. Output\na JSON object with the sample id, the text, and the attribute values.\n",
      "motivation": "initial prompt",
      "feedback_summary": {},
      "timestamp": "2026-06-02T08:02:45.100485+00:00"
    },
    {
      "version": 1,
      "iteration": 1,
      "prompt": "\"\"\"Generate diverse and realistic open-domain English questions that align with the specified TREC question-type category. Each example should be a single complete question that ends with a question mark, reflecting the kind of inquiries a user might pose in an open-domain QA system. Ensure the questions incorporate various intents, difficulty levels, and styles, including informal phrasing and occasional typos to mimic real-world usage. Additionally, introduce elements of noise such as missing details or irrelevant information to enhance diversity. Output a JSON object containing the sample id, the text of the question, and the associated attribute values. \n\nForbidden phrasings: \n- \"What is ...\"\n- \"What does ...\"\n- \"Who was it that ...\"\n- \"What letter appears ...\"\n- \"What does ... stand for ?\"\n- \"When did ... live ?\"\n\nPlease avoid repetitive structures and ensure a balance of attributes across the generated samples to improve coverage and realism.\"",
      "motivation": "The batch of synthetic samples demonstrates a good variety of intents, difficulties, ambiguities, styles, and scenario types. However, there are some missing noise categories and a notable presence of typos across multiple entries.",
      "feedback_summary": {
        "iteration": 0,
        "n_attribute_failures": 15,
        "n_realism_artifacts": 6,
        "near_duplicate_rate": 0.1,
        "pack_accuracy": 0.6666666666666666,
        "mode_seeking_ratio": 0.23657181251654283,
        "n_banned_phrasings": 0,
        "missing_modes": [
          "missing_details",
          "irrelevant_details"
        ],
        "overrepresented_modes": [
          "typos"
        ],
        "metrics": {
          "attribute_match_rate": 0.0625,
          "discriminator_accuracy": 1.0,
          "synthetic_detection_rate": 1.0,
          "near_duplicate_rate": 0.1,
          "combination_coverage": 0.7222222222222222,
          "entropy/intent": 0.9400664543100068,
          "entropy/difficulty": 0.8868595071429147,
          "entropy/ambiguity": 0.9497012164384108,
          "entropy/style": 0.9592101522724051,
          "entropy/noise": 0.7897170014624826,
          "entropy/scenario_type": 0.9248008763572907,
          "coverage/intent": 1.0,
          "coverage/difficulty": 1.0,
          "coverage/ambiguity": 1.0,
          "coverage/style": 1.0,
          "coverage/noise": 0.75,
          "coverage/scenario_type": 1.0,
          "pack_accuracy": 0.6666666666666666,
          "pack_confidence": 0.8583333333333334,
          "mode_seeking_ratio": 0.23657181251654283,
          "text_distance_mean": 0.9653405978006198,
          "banned_phrasings_total": 0.0,
          "banned_phrasings_new": 0.0,
          "coverage_classifier_auroc": 1.0
        }
      },
      "timestamp": "2026-06-02T08:05:01.596905+00:00"
    },
    {
      "version": 2,
      "iteration": 2,