{
  "run_dir": "E:\\Projects\\PromptForge\\experiments\\loo_run_002_seed149\\no_coverage_hole\\20260602T104735Z",
  "n_iterations": 3,
  "final_prompt_version": 2,
  "metric_history": [
    {
      "iteration": 0.0,
      "attribute_match_rate": 0.125,
      "discriminator_accuracy": 0.9166666666666666,
      "synthetic_detection_rate": 0.7142857142857143,
      "near_duplicate_rate": 0.15,
      "combination_coverage": 0.5333333333333333,
      "entropy/intent": 0.9256951044610051,
      "entropy/difficulty": 0.8024052436705212,
      "entropy/ambiguity": 0.8620485698650452,
      "entropy/style": 0.9218145574751188,
      "entropy/noise": 0.9415787376332126,
      "entropy/scenario_type": 0.8957541375001009,
      "coverage/intent": 1.0,
      "coverage/difficulty": 1.0,
      "coverage/ambiguity": 1.0,
      "coverage/style": 1.0,
      "coverage/noise": 1.0,
      "coverage/scenario_type": 1.0,
      "pack_accuracy": 0.625,
      "pack_confidence": 0.88125,
      "mode_seeking_ratio": 0.23586806890336706,
      "text_distance_mean": 0.933105539236793,
      "banned_phrasings_total": 3.0,
      "banned_phrasings_new": 3.0
    },
    {
      "iteration": 1.0,
      "attribute_match_rate": 0.0625,
      "discriminator_accuracy": 0.9166666666666666,
      "synthetic_detection_rate": 0.8,
      "near_duplicate_rate": 0.15,
      "combination_coverage": 0.8,
      "entropy/intent": 0.9592101522724051,
      "entropy/difficulty": 0.9755307720176264,
      "entropy/ambiguity": 0.895014514573153,
      "entropy/style": 0.7737056144690831,
      "entropy/noise": 0.9724056781360315,
      "entropy/scenario_type": 0.9497012164384108,
      "coverage/intent": 1.0,
      "coverage/difficulty": 1.0,
      "coverage/ambiguity": 1.0,
      "coverage/style": 1.0,
      "coverage/noise": 1.0,
      "coverage/scenario_type": 1.0,
      "pack_accuracy": 0.375,
      "pack_confidence": 0.88125,
      "mode_seeking_ratio": 0.22972900629755683,
      "text_distance_mean": 0.9499081658877626,
      "banned_phrasings_total": 7.0,
      "banned_phrasings_new": 4.0
    },
    {
      "iteration": 2.0,
      "attribute_match_rate": 0.0625,
      "discriminator_accuracy": 0.75,
      "synthetic_detection_rate": 0.3333333333333333,
      "near_duplicate_rate": 0.15,
      "combination_coverage": 0.6,
      "entropy/intent": 0.9283832117695864,
      "entropy/difficulty": 0.9497012164384108,
      "entropy/ambiguity": 0.9850568223215079,
      "entropy/style": 0.9099617502405772,
      "entropy/noise": 0.9592101522724051,
      "entropy/scenario_type": 0.9497012164384108,
      "coverage/intent": 1.0,
      "coverage/difficulty": 1.0,
      "coverage/ambiguity": 1.0,
      "coverage/style": 1.0,
      "coverage/noise": 1.0,
      "coverage/scenario_type": 1.0,
      "pack_accuracy": 0.375,
      "pack_confidence": 0.9,
      "mode_seeking_ratio": 0.22504039233368747,
      "text_distance_mean": 0.9433210600751628,
      "banned_phrasings_total": 11.0,
      "banned_phrasings_new": 4.0
    }
  ],
  "prompt_history": [
    {
      "version": 0,
      "iteration": 0,
      "prompt": "Generate realistic customer support messages that match the requested intent\nand style. The example should be plausible for a customer support channel\n(email, chat, in-app form). Keep it short to medium length. Output a JSON\nobject with the sample id, the text, and the attribute values.\n",
      "motivation": "initial prompt",
      "feedback_summary": {},
      "timestamp": "2026-06-02T10:47:35.813777+00:00"
    },
    {
      "version": 1,
      "iteration": 1,
      "prompt": "\"\"\"Generate realistic customer support messages that match the requested intent and style, ensuring a variety of emotional tones and scenarios. The messages should reflect a range of difficulties, from easy to medium, and include some ambiguity or missing details to enhance realism. Avoid overly formal language and strive for concise, distinct phrasing. Output a JSON object with the sample id, the text, and the attribute values.\n\nForbidden phrasings:\n- \"I'm really frustrated!\"\n- \"I just don't understand why\"\n- \"Please help!\"\n\nEnsure that the messages cover a mix of common and rare scenarios, including technical issues, account access, and general inquiries. Incorporate edge cases and avoid repetitive structures or near-duplicate phrasings. Aim for a balance of emotional tones, from neutral to mildly frustrated, while keeping the language natural and relatable. The goal is to create messages that feel authentic and reflect the nuances of real customer interactions.",
      "motivation": "The batch exhibits a complete coverage of all attribute values, but there are instances of near-duplicate phrasings and some overrepresented styles. The diversity could be improved by incorporating more edge cases and varying the emotional tone.",
      "feedback_summary": {
        "iteration": 0,
        "n_attribute_failures": 14,
        "n_realism_artifacts": 5,
        "near_duplicate_rate": 0.15,
        "pack_accuracy": 0.625,
        "mode_seeking_ratio": 0.23586806890336706,
        "n_banned_phrasings": 3,
        "missing_modes": [],
        "overrepresented_modes": [
          "emotional",
          "formal"
        ],
        "metrics": {
          "attribute_match_rate": 0.125,
          "discriminator_accuracy": 0.9166666666666666,
          "synthetic_detection_rate": 0.7142857142857143,
          "near_duplicate_rate": 0.15,
          "combination_coverage": 0.5333333333333333,
          "entropy/intent": 0.9256951044610051,
          "entropy/difficulty": 0.8024052436705212,
          "entropy/ambiguity": 0.8620485698650452,
          "entropy/style": 0.9218145574751188,
          "entropy/noise": 0.9415787376332126,
          "entropy/scenario_type": 0.8957541375001009,
          "coverage/intent": 1.0,
          "coverage/difficulty": 1.0,
          "coverage/ambiguity": 1.0,
          "coverage/style": 1.0,
          "coverage/noise": 1.0,
          "coverage/scenario_type": 1.0,
          "pack_accuracy": 0.625,
          "pack_confidence": 0.88125,
          "mode_seeking_ratio": 0.23586806890336706,
          "text_distance_mean": 0.933105539236793,
          "banned_phrasings_total": 3.0,
          "banned_phrasings_new": 3.0
        }
      },
      "timestamp": "2026-06-02T10:49:17.989276+00:00"
    },
    {
      "version": 2,
      "iteration": 2,
      "prompt": "\"\"\"\"\"\"Generate realistic customer support messages that align with the requested intent and style, incorporating a diverse range of emotional tones and scenarios. The messages should reflect varying levels of difficulty, from easy to medium, and include elements of ambiguity or missing details to enhance realism. Use informal language and aim for concise, distinct phrasing. Output a JSON object with the sample id, the text, and the attribute values.\n\nForbidden phrasings:\n- \"I'm really frustrated!\"\n- \"I just don't understand why\"\n- \"Please help!\"\n- \"what's up with\"\n- \"I\u2019ve been trying to\"\n- \"can I get a refund instead of\"\n- \"what\u2019s the thing with\"\n\nEnsure that the messages cover a mix of common and rare scenarios, including technical issues, account access, and general inquiries. Incorporate edge cases and avoid repetitive structures or near-duplicate phrasings. Strive for a balance of emotional tones, from neutral to mildly frustrated, while keeping the language natural and relatable. Introduce varied sentence structures and unique expressions to enhance diversity. The goal is to create messages that feel authentic, reflecting the nuances of real customer interactions while maintaining a sense of ambiguity and complexity in the difficulties presented.\"\"\"",