{
  "mode_seeking_ratio": 0.24318528432187214,
  "n_pairs": 120,
  "text_distance_mean": 0.9555480715838928,
  "target_distance_mean": 4.366666666666666,
  "attribute_sensitivity": {
    "scenario_type": 0.0,
    "intent": 0.0,
    "style": 0.0,
    "ambiguity": 0.0,
    "noise": 0.0,
    "difficulty": 0.9737773600848169
  }
}