{
  "mode_seeking_ratio": 0.21666140627857325,
  "n_pairs": 120,
  "text_distance_mean": 0.905654716730425,
  "target_distance_mean": 4.533333333333333,
  "attribute_sensitivity": {
    "style": 0.916478041472354,
    "difficulty": 0.0,
    "noise": 0.30334952400062465,
    "ambiguity": 0.0,
    "scenario_type": 0.0,
    "intent": 0.0
  }
}