{
  "mode_seeking_ratio": 0.22629862583375224,
  "n_pairs": 120,
  "text_distance_mean": 0.9606760938681355,
  "target_distance_mean": 4.483333333333333,
  "attribute_sensitivity": {
    "scenario_type": 0.0,
    "style": 0.0,
    "noise": 0.0,
    "intent": 0.0,
    "ambiguity": 0.0,
    "difficulty": 0.0
  }
}