{
  "run_dir": "E:\\Projects\\PromptForge\\experiments\\loo_run_002_seed127\\no_mode_hunter\\20260602T095719Z",
  "n_iterations": 3,
  "final_prompt_version": 2,
  "metric_history": [
    {
      "iteration": 0.0,
      "attribute_match_rate": 0.125,
      "discriminator_accuracy": 1.0,
      "synthetic_detection_rate": 1.0,
      "near_duplicate_rate": 0.15,
      "combination_coverage": 0.6,
      "entropy/intent": 0.9724056781360315,
      "entropy/difficulty": 0.9755307720176264,
      "entropy/ambiguity": 0.9755307720176264,
      "entropy/style": 0.9123763275816897,
      "entropy/noise": 0.9822177815287606,
      "entropy/scenario_type": 0.9497012164384108,
      "coverage/intent": 1.0,
      "coverage/difficulty": 1.0,
      "coverage/ambiguity": 1.0,
      "coverage/style": 1.0,
      "coverage/noise": 1.0,
      "coverage/scenario_type": 1.0,
      "pack_accuracy": 0.5,
      "pack_confidence": 0.89375,
      "mode_seeking_ratio": 0.2365802663543733,
      "text_distance_mean": 0.9560713016044071,
      "coverage_classifier_auroc": 1.0
    },
    {
      "iteration": 1.0,
      "attribute_match_rate": 0.3125,
      "discriminator_accuracy": 0.7916666666666666,
      "synthetic_detection_rate": 0.5,
      "near_duplicate_rate": 0.15,
      "combination_coverage": 0.8,
      "entropy/intent": 0.9042492561839792,
      "entropy/difficulty": 0.946394630357186,
      "entropy/ambiguity": 0.9320201587042913,
      "entropy/style": 0.9607329284860076,
      "entropy/noise": 0.8207140722512382,
      "entropy/scenario_type": 0.946394630357186,
      "coverage/intent": 1.0,
      "coverage/difficulty": 1.0,
      "coverage/ambiguity": 1.0,
      "coverage/style": 1.0,
      "coverage/noise": 0.8,
      "coverage/scenario_type": 1.0,
      "pack_accuracy": 0.625,
      "pack_confidence": 0.89375,
      "mode_seeking_ratio": 0.23443346869871273,
      "text_distance_mean": 0.9444671432490012,
      "coverage_classifier_auroc": 1.0
    },
    {
      "iteration": 2.0,
      "attribute_match_rate": 0.0,
      "discriminator_accuracy": 0.7083333333333334,
      "synthetic_detection_rate": 0.5,
      "near_duplicate_rate": 0.15,
      "combination_coverage": 0.6666666666666666,
      "entropy/intent": 0.9283832117695864,
      "entropy/difficulty": 0.9497012164384108,
      "entropy/ambiguity": 0.9965119062478287,
      "entropy/style": 0.8822716235122602,
      "entropy/noise": 0.8839297342362052,
      "entropy/scenario_type": 0.8957541375001009,
      "coverage/intent": 1.0,
      "coverage/difficulty": 1.0,
      "coverage/ambiguity": 1.0,
      "coverage/style": 1.0,
      "coverage/noise": 1.0,
      "coverage/scenario_type": 1.0,
      "pack_accuracy": 0.25,
      "pack_confidence": 0.89375,
      "mode_seeking_ratio": 0.22473325684008733,
      "text_distance_mean": 0.9355569442513885,
      "coverage_classifier_auroc": 1.0
    }
  ],
  "prompt_history": [
    {
      "version": 0,
      "iteration": 0,
      "prompt": "Generate realistic customer support messages that match the requested intent\nand style. The example should be plausible for a customer support channel\n(email, chat, in-app form). Keep it short to medium length. Output a JSON\nobject with the sample id, the text, and the attribute values.\n",
      "motivation": "initial prompt",
      "feedback_summary": {},
      "timestamp": "2026-06-02T09:57:19.914212+00:00"
    },
    {
      "version": 1,
      "iteration": 1,
      "prompt": "\"\"\"Generate diverse and realistic customer support messages that align with the requested intent and style. The messages should reflect a range of scenarios, including edge cases, and incorporate varying levels of difficulty and ambiguity. Ensure the language is relatable and includes real-world noise, such as informal expressions or minor errors, to enhance authenticity. The output should be a JSON object containing the sample id, the text, and the attribute values. \n\nPlease consider the following attributes:\n- Intent: Include a mix of complaint, general question, refund request, and technical problem.\n- Difficulty: Vary from easy to moderate, ensuring some messages present challenges.\n- Ambiguity: Include both clear and slightly ambiguous messages.\n- Style: Use a range of tones, from formal to casual, avoiding overly structured language.\n- Noise: Introduce elements like typos or informal language to reflect real customer interactions.\n- Scenario Type: Incorporate diverse scenarios, especially those not frequently represented.\n\nForbidden phrasings: Avoid using overly formal language, repetitive sentence structures, and phrases like 'I would like to' or 'I was wondering if.' \n\nAim for a balance in representation across all attributes, ensuring that the generated messages reflect a broad spectrum of customer experiences while maintaining realism and diversity.\"\"\"",
      "motivation": "The batch of synthetic samples demonstrates a comprehensive coverage of the attribute schema, with all values represented. However, there are instances of near-duplicate phrasings and some overrepresented modes that could be diversified.",
      "feedback_summary": {
        "iteration": 0,
        "n_attribute_failures": 14,
        "n_realism_artifacts": 7,
        "near_duplicate_rate": 0.15,
        "pack_accuracy": 0.5,
        "mode_seeking_ratio": 0.2365802663543733,
        "n_banned_phrasings": 0,
        "missing_modes": [],
        "overrepresented_modes": [
          "complaint",
          "general_question"
        ],
        "metrics": {
          "attribute_match_rate": 0.125,
          "discriminator_accuracy": 1.0,
          "synthetic_detection_rate": 1.0,
          "near_duplicate_rate": 0.15,
          "combination_coverage": 0.6,
          "entropy/intent": 0.9724056781360315,
          "entropy/difficulty": 0.9755307720176264,
          "entropy/ambiguity": 0.9755307720176264,
          "entropy/style": 0.9123763275816897,
          "entropy/noise": 0.9822177815287606,
          "entropy/scenario_type": 0.9497012164384108,
          "coverage/intent": 1.0,
          "coverage/difficulty": 1.0,
          "coverage/ambiguity": 1.0,
          "coverage/style": 1.0,
          "coverage/noise": 1.0,
          "coverage/scenario_type": 1.0,
          "pack_accuracy": 0.5,
          "pack_confidence": 0.89375,
          "mode_seeking_ratio": 0.2365802663543733,
          "text_distance_mean": 0.9560713016044071,
          "coverage_classifier_auroc": 1.0
        }
      },
      "timestamp": "2026-06-02T09:59:02.740375+00:00"
    },
    {
      "version": 2,
      "iteration": 2,