{
  "attribute_match_rate": 1.0,
  "discriminator_accuracy": 0.5416666666666666,
  "synthetic_detection_rate": 0.08333333333333333,
  "near_duplicate_rate": 0.0,
  "combination_coverage": 0.6666666666666666,
  "entropy/intent": 0.9158830010682758,
  "entropy/difficulty": 0.9320201587042913,
  "entropy/ambiguity": 0.9755307720176264,
  "entropy/style": 0.9789848253208956,
  "entropy/noise": 0.9362025230160498,
  "entropy/scenario_type": 0.9850568223215079,
  "coverage/intent": 1.0,
  "coverage/difficulty": 1.0,
  "coverage/ambiguity": 1.0,
  "coverage/style": 1.0,
  "coverage/noise": 1.0,
  "coverage/scenario_type": 1.0
}