{
  "attribute_match_rate": 0.1875,
  "discriminator_accuracy": 0.9583333333333334,
  "synthetic_detection_rate": 0.9,
  "near_duplicate_rate": 0.15,
  "combination_coverage": 0.8,
  "entropy/intent": 0.9042492561839792,
  "entropy/difficulty": 0.946394630357186,
  "entropy/ambiguity": 0.9320201587042913,
  "entropy/style": 0.9607329284860076,
  "entropy/noise": 0.8207140722512382,
  "entropy/scenario_type": 0.946394630357186,
  "coverage/intent": 1.0,
  "coverage/difficulty": 1.0,
  "coverage/ambiguity": 1.0,
  "coverage/style": 1.0,
  "coverage/noise": 0.8,
  "coverage/scenario_type": 1.0,
  "pack_accuracy": 0.625,
  "pack_confidence": 0.88125,
  "mode_seeking_ratio": 0.23553998270279752,
  "text_distance_mean": 0.9476123304653085,
  "banned_phrasings_total": 7.0,
  "banned_phrasings_new": 4.0
}