{
  "run_dir": "E:\\Projects\\PromptForge\\experiments\\loo_run_002_seed89\\no_mode_hunter\\20260602T084905Z",
  "n_iterations": 3,
  "final_prompt_version": 2,
  "metric_history": [
    {
      "iteration": 0.0,
      "attribute_match_rate": 0.0,
      "discriminator_accuracy": 1.0,
      "synthetic_detection_rate": 1.0,
      "near_duplicate_rate": 0.15,
      "combination_coverage": 0.6,
      "entropy/intent": 0.9592101522724051,
      "entropy/difficulty": 0.8957541375001009,
      "entropy/ambiguity": 0.9850568223215079,
      "entropy/style": 0.8822716235122602,
      "entropy/noise": 0.8274070571684498,
      "entropy/scenario_type": 0.9497012164384108,
      "coverage/intent": 1.0,
      "coverage/difficulty": 1.0,
      "coverage/ambiguity": 1.0,
      "coverage/style": 0.8333333333333334,
      "coverage/noise": 1.0,
      "coverage/scenario_type": 1.0,
      "pack_accuracy": 0.375,
      "pack_confidence": 0.88125,
      "mode_seeking_ratio": 0.22913013939340315,
      "text_distance_mean": 0.9435462713191721,
      "coverage_classifier_auroc": 1.0
    },
    {
      "iteration": 1.0,
      "attribute_match_rate": 0.0625,
      "discriminator_accuracy": 1.0,
      "synthetic_detection_rate": 1.0,
      "near_duplicate_rate": 0.15,
      "combination_coverage": 0.6666666666666666,
      "entropy/intent": 0.9487027337173605,
      "entropy/difficulty": 0.8024052436705212,
      "entropy/ambiguity": 0.9755307720176264,
      "entropy/style": 0.9306282244165779,
      "entropy/noise": 0.9415787376332126,
      "entropy/scenario_type": 0.9755307720176264,
      "coverage/intent": 1.0,
      "coverage/difficulty": 1.0,
      "coverage/ambiguity": 1.0,
      "coverage/style": 1.0,
      "coverage/noise": 1.0,
      "coverage/scenario_type": 1.0,
      "pack_accuracy": 0.75,
      "pack_confidence": 0.9,
      "mode_seeking_ratio": 0.22625212669426684,
      "text_distance_mean": 0.9326289768656321,
      "coverage_classifier_auroc": 1.0
    },
    {
      "iteration": 2.0,
      "attribute_match_rate": 0.0625,
      "discriminator_accuracy": 0.9166666666666666,
      "synthetic_detection_rate": 1.0,
      "near_duplicate_rate": 0.15,
      "combination_coverage": 0.6,
      "entropy/intent": 0.9415787376332126,
      "entropy/difficulty": 0.7559752426306121,
      "entropy/ambiguity": 0.8957541375001009,
      "entropy/style": 0.9488801212514659,
      "entropy/noise": 0.9822177815287606,
      "entropy/scenario_type": 0.946394630357186,
      "coverage/intent": 1.0,
      "coverage/difficulty": 1.0,
      "coverage/ambiguity": 1.0,
      "coverage/style": 1.0,
      "coverage/noise": 1.0,
      "coverage/scenario_type": 1.0,
      "pack_accuracy": 0.125,
      "pack_confidence": 0.89375,
      "mode_seeking_ratio": 0.2330090498408542,
      "text_distance_mean": 0.9511644414501006,
      "coverage_classifier_auroc": 1.0
    }
  ],
  "prompt_history": [
    {
      "version": 0,
      "iteration": 0,
      "prompt": "Generate realistic customer support messages that match the requested intent\nand style. The example should be plausible for a customer support channel\n(email, chat, in-app form). Keep it short to medium length. Output a JSON\nobject with the sample id, the text, and the attribute values.\n",
      "motivation": "initial prompt",
      "feedback_summary": {},
      "timestamp": "2026-06-02T08:49:05.143664+00:00"
    },
    {
      "version": 1,
      "iteration": 1,
      "prompt": "\"\"\"Generate diverse and realistic customer support messages that align with the requested intent and style. The examples should be plausible for various customer support channels (email, chat, in-app form) and can range from informal to verbose. Ensure a mix of difficulties and avoid repetitive structures. Incorporate unique phrasing and personal details to enhance realism. Output a JSON object with the sample id, the text, and the attribute values.\n\nForbidden phrasings: \n- Avoid overly polished language and generic structures.\n- Do not use repetitive sentence patterns or phrases.\n\nConsider including edge cases or rare scenarios to enrich the dataset. Strive for messages that reflect a range of emotions, intents, and complexities, ensuring that each sample is distinct and captures the nuances of real customer interactions. Aim for a balance between clarity and authenticity, with a focus on capturing the genuine tone and style typical of actual user communications. \n\n\"\"\"",
      "motivation": "The batch exhibits a good coverage of intents, difficulties, ambiguities, and noise types, but the style attribute is underrepresented, particularly in the 'informal' and 'verbose' categories. Additionally, there are several near-duplicate phrasings and shallow paraphrases present.",
      "feedback_summary": {
        "iteration": 0,
        "n_attribute_failures": 16,
        "n_realism_artifacts": 11,
        "near_duplicate_rate": 0.15,
        "pack_accuracy": 0.375,
        "mode_seeking_ratio": 0.22913013939340315,
        "n_banned_phrasings": 0,
        "missing_modes": [
          "informal",
          "verbose"
        ],
        "overrepresented_modes": [
          "emotional",
          "concise"
        ],
        "metrics": {
          "attribute_match_rate": 0.0,
          "discriminator_accuracy": 1.0,
          "synthetic_detection_rate": 1.0,
          "near_duplicate_rate": 0.15,
          "combination_coverage": 0.6,
          "entropy/intent": 0.9592101522724051,
          "entropy/difficulty": 0.8957541375001009,
          "entropy/ambiguity": 0.9850568223215079,
          "entropy/style": 0.8822716235122602,
          "entropy/noise": 0.8274070571684498,
          "entropy/scenario_type": 0.9497012164384108,
          "coverage/intent": 1.0,
          "coverage/difficulty": 1.0,
          "coverage/ambiguity": 1.0,
          "coverage/style": 0.8333333333333334,
          "coverage/noise": 1.0,
          "coverage/scenario_type": 1.0,
          "pack_accuracy": 0.375,
          "pack_confidence": 0.88125,
          "mode_seeking_ratio": 0.22913013939340315,
          "text_distance_mean": 0.9435462713191721,
          "coverage_classifier_auroc": 1.0
        }
      },
      "timestamp": "2026-06-02T08:50:53.710542+00:00"
    },
    {
      "version": 2,
      "iteration": 2,
      "prompt": "\"\"\"\"\"\"Generate a variety of realistic customer support messages that align with the specified intent and style. The examples should be plausible for different customer support channels (email, chat, in-app form) and can range from informal to formal. Ensure a mix of difficulties, incorporating edge cases and rare scenarios to enhance diversity. Each message should reflect unique phrasing and personal details to improve authenticity while avoiding repetitive structures.\n\nOutput a JSON object with the sample id, the text, and the attribute values.\n\nForbidden phrasings:\n- Avoid overly polished language and generic structures.\n- Do not use repetitive sentence patterns or phrases.\n- Refrain from excessive emotional expressions or overly verbose language.\n\nAim for messages that capture a range of emotions, intents, and complexities, ensuring each sample is distinct and reflects the nuances of real customer interactions. Strive for clarity and authenticity, incorporating various emotional tones, including frustration, confusion, and straightforward inquiries. Introduce structural variation in sentence length and complexity to minimize near-duplicates and enhance the overall realism of the dataset. \n\nEnsure that some messages present ambiguous situations or complex requests to increase the challenge level and reflect genuine user experiences. \n\"\"\"\"\"\"",
      "motivation": "The batch of synthetic samples demonstrates a good coverage of the attribute schema, with all values represented. However, there are some near-duplicate phrasings and potential overrepresentation of emotional styles.",