{
  "mode_seeking_ratio": 0.24196243489708402,
  "n_pairs": 120,
  "text_distance_mean": 0.9593787492373061,
  "target_distance_mean": 4.458333333333333,
  "attribute_sensitivity": {
    "noise": 0.8895957998726243,
    "style": 0.8551099061157494,
    "difficulty": 0.0,
    "intent": 0.0,
    "ambiguity": 0.0,
    "scenario_type": 0.0
  }
}