{
  "run_dir": "E:\\Projects\\PromptForge\\experiments\\banking77_v294_seed17\\full_attrforge\\20260602T135609Z",
  "n_iterations": 3,
  "final_prompt_version": 2,
  "metric_history": [
    {
      "iteration": 0.0,
      "attribute_match_rate": 0.25,
      "discriminator_accuracy": 0.9583333333333334,
      "synthetic_detection_rate": 1.0,
      "near_duplicate_rate": 0.25,
      "combination_coverage": 0.4666666666666667,
      "entropy/intent": 0.837055764846063,
      "entropy/difficulty": 0.9965119062478287,
      "entropy/ambiguity": 0.9755307720176264,
      "entropy/style": 0.8616051493362594,
      "entropy/noise": 0.9822177815287606,
      "entropy/scenario_type": 0.8957541375001009,
      "coverage/intent": 0.8,
      "coverage/difficulty": 1.0,
      "coverage/ambiguity": 1.0,
      "coverage/style": 0.8333333333333334,
      "coverage/noise": 1.0,
      "coverage/scenario_type": 1.0,
      "pack_accuracy": 0.375,
      "pack_confidence": 0.875,
      "mode_seeking_ratio": 0.21351872832262506,
      "text_distance_mean": 0.9309910768367224,
      "banned_phrasings_total": 0.0,
      "banned_phrasings_new": 0.0,
      "coverage_classifier_auroc": 1.0
    },
    {
      "iteration": 1.0,
      "attribute_match_rate": 0.1875,
      "discriminator_accuracy": 0.8333333333333334,
      "synthetic_detection_rate": 0.0,
      "near_duplicate_rate": 0.25,
      "combination_coverage": 0.43333333333333335,
      "entropy/intent": 0.8136297517320067,
      "entropy/difficulty": 0.8868595071429147,
      "entropy/ambiguity": 0.9497012164384108,
      "entropy/style": 0.9488801212514659,
      "entropy/noise": 0.9592101522724051,
      "entropy/scenario_type": 0.9497012164384108,
      "coverage/intent": 0.7,
      "coverage/difficulty": 1.0,
      "coverage/ambiguity": 1.0,
      "coverage/style": 1.0,
      "coverage/noise": 1.0,
      "coverage/scenario_type": 1.0,
      "pack_accuracy": 0.75,
      "pack_confidence": 0.9,
      "mode_seeking_ratio": 0.21343284321589553,
      "text_distance_mean": 0.921150908029854,
      "banned_phrasings_total": 0.0,
      "banned_phrasings_new": 0.0,
      "coverage_classifier_auroc": 1.0
    },
    {
      "iteration": 2.0,
      "attribute_match_rate": 0.3125,
      "discriminator_accuracy": 0.9583333333333334,
      "synthetic_detection_rate": 0.6666666666666666,
      "near_duplicate_rate": 0.25,
      "combination_coverage": 0.43333333333333335,
      "entropy/intent": 0.7760010022740091,
      "entropy/difficulty": 0.9850568223215079,
      "entropy/ambiguity": 0.9850568223215079,
      "entropy/style": 0.9099617502405772,
      "entropy/noise": 0.9487027337173605,
      "entropy/scenario_type": 0.9497012164384108,
      "coverage/intent": 0.7,
      "coverage/difficulty": 1.0,
      "coverage/ambiguity": 1.0,
      "coverage/style": 1.0,
      "coverage/noise": 1.0,
      "coverage/scenario_type": 1.0,
      "pack_accuracy": 0.125,
      "pack_confidence": 0.875,
      "mode_seeking_ratio": 0.21690895220823256,
      "text_distance_mean": 0.932509404023079,
      "banned_phrasings_total": 0.0,
      "banned_phrasings_new": 0.0,
      "coverage_classifier_auroc": 1.0
    }
  ],
  "prompt_history": [
    {
      "version": 0,
      "iteration": 0,
      "prompt": "Generate realistic banking customer-support messages that match the requested intent\nand style. The example should be plausible for a customer support channel\n(email, chat, in-app form). Keep it short to medium length. Output a JSON\nobject with the sample id, the text, and the attribute values.\n",
      "motivation": "initial prompt",
      "feedback_summary": {},
      "timestamp": "2026-06-02T13:56:09.087170+00:00"
    },
    {
      "version": 1,
      "iteration": 1,
      "prompt": " \nGenerate realistic banking customer-support messages that match the requested intent and style. The example should be plausible for a customer support channel (email, chat, in-app form). Keep it short to medium length, aiming for a balance of formal and concise inquiries. Output a JSON object with the sample id, the text, and the attribute values.\n\n**Preferred phrasings:**\n- \"Why is the exchange rate on my card wrong?\"\n- \"My card has been stolen; what do I do?\"\n- \"What do I do if my card is stolen?\"\n- \"I bought an item and the exchange rate was incorrect.\"\n\n**Forbidden phrasings:**\n- Avoid casual openings like \"hey\" or \"hello.\"\n- Do not use fragmented structures or overly verbose explanations.\n- Refrain from expressing frustration or confusion in a repetitive manner.\n\nEnsure that the generated messages exhibit a range of intents and scenarios, including formal inquiries about card issues, concise explanations for payment problems, and emotional expressions regarding lost or stolen cards. Strive for medium difficulty and high ambiguity in the inquiries, avoiding straightforward or overly casual tones. Introduce diverse sentence structures and vocabulary to reduce redundancy, particularly for common intents. Aim for a variety of scenarios to enhance overall diversity in the output.\n",
      "motivation": "The batch exhibits a good range of intents and scenarios but suffers from redundancy in phrasing and structure, particularly with the 'card_swallowed' and 'declined_card_payment' intents. There are also notable gaps in the representation of certain styles and scenarios.",
      "feedback_summary": {
        "iteration": 0,
        "n_attribute_failures": 12,
        "n_realism_artifacts": 5,
        "near_duplicate_rate": 0.25,
        "pack_accuracy": 0.375,
        "mode_seeking_ratio": 0.21351872832262506,
        "n_banned_phrasings": 0,
        "missing_modes": [
          "formal inquiries about card issues",
          "concise explanations for payment problems",
          "emotional expressions regarding lost or stolen cards"
        ],
        "overrepresented_modes": [
          "informal style in multiple intents",
          "fragmented structure in requests for help",
          "verbose explanations for transaction issues"
        ],
        "metrics": {
          "attribute_match_rate": 0.25,
          "discriminator_accuracy": 0.9583333333333334,
          "synthetic_detection_rate": 1.0,
          "near_duplicate_rate": 0.25,
          "combination_coverage": 0.4666666666666667,
          "entropy/intent": 0.837055764846063,
          "entropy/difficulty": 0.9965119062478287,
          "entropy/ambiguity": 0.9755307720176264,
          "entropy/style": 0.8616051493362594,
          "entropy/noise": 0.9822177815287606,
          "entropy/scenario_type": 0.8957541375001009,
          "coverage/intent": 0.8,
          "coverage/difficulty": 1.0,
          "coverage/ambiguity": 1.0,
          "coverage/style": 0.8333333333333334,
          "coverage/noise": 1.0,
          "coverage/scenario_type": 1.0,
          "pack_accuracy": 0.375,
          "pack_confidence": 0.875,
          "mode_seeking_ratio": 0.21351872832262506,
          "text_distance_mean": 0.9309910768367224,
          "banned_phrasings_total": 0.0,
          "banned_phrasings_new": 0.0,
          "coverage_classifier_auroc": 1.0
        }
      },
      "timestamp": "2026-06-02T14:03:43.524647+00:00"
    },
    {
      "version": 2,
      "iteration": 2,