{
  "run_dir": "E:\\Projects\\PromptForge\\experiments\\loo_run_002_seed101\\no_pack\\20260602T085956Z",
  "n_iterations": 3,
  "final_prompt_version": 2,
  "metric_history": [
    {
      "iteration": 0.0,
      "attribute_match_rate": 0.0625,
      "discriminator_accuracy": 0.5416666666666666,
      "synthetic_detection_rate": 0.4,
      "near_duplicate_rate": 0.15,
      "combination_coverage": 0.7333333333333333,
      "entropy/intent": 0.9690222556651344,
      "entropy/difficulty": 0.9497012164384108,
      "entropy/ambiguity": 0.8868595071429147,
      "entropy/style": 0.9400664543100068,
      "entropy/noise": 0.7773869210471088,
      "entropy/scenario_type": 0.9320201587042913,
      "coverage/intent": 1.0,
      "coverage/difficulty": 1.0,
      "coverage/ambiguity": 1.0,
      "coverage/style": 1.0,
      "coverage/noise": 0.8,
      "coverage/scenario_type": 1.0,
      "mode_seeking_ratio": 0.23129350153927927,
      "text_distance_mean": 0.9454205338310359,
      "banned_phrasings_total": 3.0,
      "banned_phrasings_new": 3.0,
      "coverage_classifier_auroc": 1.0
    },
    {
      "iteration": 1.0,
      "attribute_match_rate": 0.125,
      "discriminator_accuracy": 0.5833333333333334,
      "synthetic_detection_rate": 0.0,
      "near_duplicate_rate": 0.15,
      "combination_coverage": 0.6,
      "entropy/intent": 0.9158830010682758,
      "entropy/difficulty": 0.8387794678549644,
      "entropy/ambiguity": 0.8868595071429147,
      "entropy/style": 0.9607329284860076,
      "entropy/noise": 0.8707342083725791,
      "entropy/scenario_type": 0.9320201587042913,
      "coverage/intent": 1.0,
      "coverage/difficulty": 1.0,
      "coverage/ambiguity": 1.0,
      "coverage/style": 1.0,
      "coverage/noise": 1.0,
      "coverage/scenario_type": 1.0,
      "mode_seeking_ratio": 0.23737787886382786,
      "text_distance_mean": 0.939689084941129,
      "banned_phrasings_total": 7.0,
      "banned_phrasings_new": 4.0,
      "coverage_classifier_auroc": 1.0
    },
    {
      "iteration": 2.0,
      "attribute_match_rate": 0.0625,
      "discriminator_accuracy": 0.5,
      "synthetic_detection_rate": 0.2,
      "near_duplicate_rate": 0.15,
      "combination_coverage": 0.6,
      "entropy/intent": 0.9080636898218125,
      "entropy/difficulty": 0.9755307720176264,
      "entropy/ambiguity": 0.9965119062478287,
      "entropy/style": 0.9218145574751188,
      "entropy/noise": 0.8207140722512382,
      "entropy/scenario_type": 0.946394630357186,
      "coverage/intent": 1.0,
      "coverage/difficulty": 1.0,
      "coverage/ambiguity": 1.0,
      "coverage/style": 1.0,
      "coverage/noise": 0.8,
      "coverage/scenario_type": 1.0,
      "mode_seeking_ratio": 0.2261297298375871,
      "text_distance_mean": 0.9493428452024252,
      "banned_phrasings_total": 11.0,
      "banned_phrasings_new": 4.0,
      "coverage_classifier_auroc": 1.0
    }
  ],
  "prompt_history": [
    {
      "version": 0,
      "iteration": 0,
      "prompt": "Generate realistic customer support messages that match the requested intent\nand style. The example should be plausible for a customer support channel\n(email, chat, in-app form). Keep it short to medium length. Output a JSON\nobject with the sample id, the text, and the attribute values.\n",
      "motivation": "initial prompt",
      "feedback_summary": {},
      "timestamp": "2026-06-02T08:59:56.383767+00:00"
    },
    {
      "version": 1,
      "iteration": 1,
      "prompt": "\"\"\"Generate realistic customer support messages that align with the requested intent and style. Ensure the messages are plausible for various customer support channels (email, chat, in-app form) and incorporate a personal touch. Keep the length short to medium. Focus on generating diverse scenarios, including some with contradictions, while minimizing irrelevant details. Output a JSON object containing the sample id, the text, and the attribute values.\n\nForbidden phrasings:\n- 'Hey, so I was using the app to upload my files and it just stopped halfway through.'\n- 'I just wanted to express my frustration with the service I received recently.'\n- 'I was just wondering if you guys could tell me how I can get my favorite snack delivered faster?'\n\nEnsure to include a mix of intents such as refund requests, general questions, and account issues. Strive for clarity and emotional context, avoiding overly formal or scripted tones. Introduce varied noise types and ensure the difficulty level reflects realistic customer interactions. Aim for unique phrasings to reduce near-duplicates and enhance overall diversity in the generated texts. Your goal is to create messages that feel authentic and relatable, capturing the nuances of real customer support interactions.\"\"\"",
      "motivation": "The batch of synthetic samples demonstrates good coverage across most attributes, but there are some missing noise types and a high occurrence of irrelevant details. Additionally, there are near-duplicate phrasings that could be improved for diversity.",
      "feedback_summary": {
        "iteration": 0,
        "n_attribute_failures": 15,
        "n_realism_artifacts": 9,
        "near_duplicate_rate": 0.15,
        "pack_accuracy": null,
        "mode_seeking_ratio": 0.23129350153927927,
        "n_banned_phrasings": 3,
        "missing_modes": [
          "contradiction"
        ],
        "overrepresented_modes": [
          "irrelevant_details"
        ],
        "metrics": {
          "attribute_match_rate": 0.0625,
          "discriminator_accuracy": 0.5416666666666666,
          "synthetic_detection_rate": 0.4,
          "near_duplicate_rate": 0.15,
          "combination_coverage": 0.7333333333333333,
          "entropy/intent": 0.9690222556651344,
          "entropy/difficulty": 0.9497012164384108,
          "entropy/ambiguity": 0.8868595071429147,
          "entropy/style": 0.9400664543100068,
          "entropy/noise": 0.7773869210471088,
          "entropy/scenario_type": 0.9320201587042913,
          "coverage/intent": 1.0,
          "coverage/difficulty": 1.0,
          "coverage/ambiguity": 1.0,
          "coverage/style": 1.0,
          "coverage/noise": 0.8,
          "coverage/scenario_type": 1.0,
          "mode_seeking_ratio": 0.23129350153927927,
          "text_distance_mean": 0.9454205338310359,
          "banned_phrasings_total": 3.0,
          "banned_phrasings_new": 3.0,
          "coverage_classifier_auroc": 1.0
        }
      },
      "timestamp": "2026-06-02T09:01:47.742713+00:00"
    },
    {
      "version": 2,
      "iteration": 2,