{
  "mode_seeking_ratio": 0.24358380525118514,
  "n_pairs": 120,
  "text_distance_mean": 0.9624065195916813,
  "target_distance_mean": 4.391666666666667,
  "attribute_sensitivity": {
    "scenario_type": 0.9586982467739235,
    "style": 0.0,
    "noise": 0.0,
    "ambiguity": 0.0,
    "difficulty": 0.9488175210955715,
    "intent": 0.0
  }
}