{
  "attribute_match_rate": 0.0,
  "discriminator_accuracy": 0.5,
  "synthetic_detection_rate": 0.5,
  "near_duplicate_rate": 0.1,
  "combination_coverage": 0.6111111111111112,
  "entropy/intent": 0.9400664543100068,
  "entropy/difficulty": 0.9965119062478287,
  "entropy/ambiguity": 0.9497012164384108,
  "entropy/style": 0.9822177815287606,
  "entropy/noise": 0.8903195311147832,
  "entropy/scenario_type": 0.8246987351738496,
  "coverage/intent": 1.0,
  "coverage/difficulty": 1.0,
  "coverage/ambiguity": 1.0,
  "coverage/style": 1.0,
  "coverage/noise": 1.0,
  "coverage/scenario_type": 1.0,
  "mode_seeking_ratio": 0.22775304584020203,
  "text_distance_mean": 0.9555908779314638,
  "coverage_classifier_auroc": 1.0
}