{
  "mode_seeking_ratio": 0.22775304584020203,
  "n_pairs": 120,
  "text_distance_mean": 0.9555908779314638,
  "target_distance_mean": 4.458333333333333,
  "attribute_sensitivity": {
    "scenario_type": 0.0,
    "style": 0.0,
    "noise": 0.7834802530163946,
    "intent": 0.0,
    "ambiguity": 0.0,
    "difficulty": 0.0
  }
}