{
  "mode_seeking_ratio": 0.22741851874379643,
  "n_pairs": 120,
  "text_distance_mean": 0.954651591683308,
  "target_distance_mean": 4.583333333333333,
  "attribute_sensitivity": {
    "noise": 0.0,
    "style": 0.0,
    "difficulty": 0.0,
    "intent": 0.9183876026243134,
    "ambiguity": 0.0,
    "scenario_type": 0.0
  }
}