{
  "run_dir": "E:\\Projects\\PromptForge\\experiments\\main_run_002_seed41\\diversity_only\\20260601T065524Z",
  "n_iterations": 3,
  "final_prompt_version": 2,
  "metric_history": [
    {
      "iteration": 0.0,
      "attribute_match_rate": 0.0,
      "discriminator_accuracy": 0.5,
      "synthetic_detection_rate": 0.5,
      "near_duplicate_rate": 0.15,
      "combination_coverage": 0.5333333333333333,
      "entropy/intent": 0.851541012754057,
      "entropy/difficulty": 0.9755307720176264,
      "entropy/ambiguity": 0.9850568223215079,
      "entropy/style": 0.9123763275816897,
      "entropy/noise": 0.9388906303246313,
      "entropy/scenario_type": 0.895014514573153,
      "coverage/intent": 0.8,
      "coverage/difficulty": 1.0,
      "coverage/ambiguity": 1.0,
      "coverage/style": 1.0,
      "coverage/noise": 1.0,
      "coverage/scenario_type": 1.0,
      "mode_seeking_ratio": 0.22898574592704396,
      "text_distance_mean": 0.9430127764638567,
      "coverage_classifier_auroc": 1.0
    },
    {
      "iteration": 1.0,
      "attribute_match_rate": 0.0,
      "discriminator_accuracy": 0.5,
      "synthetic_detection_rate": 0.5,
      "near_duplicate_rate": 0.15,
      "combination_coverage": 0.6666666666666666,
      "entropy/intent": 0.9158830010682758,
      "entropy/difficulty": 0.9320201587042913,
      "entropy/ambiguity": 0.9755307720176264,
      "entropy/style": 0.9789848253208956,
      "entropy/noise": 0.9362025230160498,
      "entropy/scenario_type": 0.9850568223215079,
      "coverage/intent": 1.0,
      "coverage/difficulty": 1.0,
      "coverage/ambiguity": 1.0,
      "coverage/style": 1.0,
      "coverage/noise": 1.0,
      "coverage/scenario_type": 1.0,
      "mode_seeking_ratio": 0.23174304877707697,
      "text_distance_mean": 0.9464621300737116,
      "coverage_classifier_auroc": 1.0
    },
    {
      "iteration": 2.0,
      "attribute_match_rate": 0.0,
      "discriminator_accuracy": 0.5,
      "synthetic_detection_rate": 0.5,
      "near_duplicate_rate": 0.15,
      "combination_coverage": 0.5333333333333333,
      "entropy/intent": 0.8417289093613277,
      "entropy/difficulty": 0.7559752426306121,
      "entropy/ambiguity": 0.9497012164384108,
      "entropy/style": 0.9488801212514659,
      "entropy/noise": 0.9822177815287606,
      "entropy/scenario_type": 0.9497012164384108,
      "coverage/intent": 0.8,
      "coverage/difficulty": 1.0,
      "coverage/ambiguity": 1.0,
      "coverage/style": 1.0,
      "coverage/noise": 1.0,
      "coverage/scenario_type": 1.0,
      "mode_seeking_ratio": 0.24211464682308279,
      "text_distance_mean": 0.9555871679339268,
      "coverage_classifier_auroc": 1.0
    }
  ],
  "prompt_history": [
    {
      "version": 0,
      "iteration": 0,
      "prompt": "Generate realistic customer support messages that match the requested intent\nand style. The example should be plausible for a customer support channel\n(email, chat, in-app form). Keep it short to medium length. Output a JSON\nobject with the sample id, the text, and the attribute values.\n",
      "motivation": "initial prompt",
      "feedback_summary": {},
      "timestamp": "2026-06-01T06:55:24.741023+00:00"
    },
    {
      "version": 1,
      "iteration": 1,
      "prompt": "\"\"\"Generate realistic customer support messages that align with the requested intent and style. Ensure a diverse range of intents, including common, rare, and edge cases, particularly for 'refund_request' and 'technical_problem'. Avoid overusing informal and verbose styles; incorporate a variety of tones such as formal, concise, and friendly. Strive for unique phrasing to minimize near-duplicates. The example should be plausible for a customer support channel (email, chat, in-app form) and maintain a short to medium length. \n\nOutput a JSON object with the following structure:\n{\n  \"sample_id\": \"unique_identifier\",\n  \"text\": \"customer support message text\",\n  \"attributes\": {\n    \"intent\": \"specific intent value\",\n    \"style\": \"specific style value\",\n    \"scenario_type\": \"specific scenario type\"\n  }\n}\n\nForbidden phrasings: \n- \"nothing happens\"\n- \"quick one\"\n- \"just a spinner forever\"\n- \"want a refund on the missing one, not a reship\"\n- \"app keeps crashing on android 14\"\n\nAim for a balanced coverage of intents, ensuring that all styles and scenarios are represented without redundancy. This will enhance the overall realism and diversity of the generated samples.\"\"\"",
      "motivation": "The batch of synthetic samples demonstrates a good variety of attributes, but there are some missing intent values and a few overrepresented styles. Additionally, there are instances of near-duplicate phrasings that could be improved for better diversity.",
      "feedback_summary": {
        "iteration": 0,
        "n_attribute_failures": 0,
        "n_realism_artifacts": 0,
        "near_duplicate_rate": 0.15,
        "pack_accuracy": null,
        "mode_seeking_ratio": 0.22898574592704396,
        "n_banned_phrasings": 0,
        "missing_modes": [
          "refund_request (edge_case)",
          "technical_problem (common)",
          "technical_problem (rare)",
          "technical_problem (edge_case)"
        ],
        "overrepresented_modes": [
          "informal",
          "verbose"
        ],
        "metrics": {
          "attribute_match_rate": 0.0,
          "discriminator_accuracy": 0.5,
          "synthetic_detection_rate": 0.5,
          "near_duplicate_rate": 0.15,
          "combination_coverage": 0.5333333333333333,
          "entropy/intent": 0.851541012754057,
          "entropy/difficulty": 0.9755307720176264,
          "entropy/ambiguity": 0.9850568223215079,
          "entropy/style": 0.9123763275816897,
          "entropy/noise": 0.9388906303246313,
          "entropy/scenario_type": 0.895014514573153,
          "coverage/intent": 0.8,
          "coverage/difficulty": 1.0,
          "coverage/ambiguity": 1.0,
          "coverage/style": 1.0,
          "coverage/noise": 1.0,
          "coverage/scenario_type": 1.0,
          "mode_seeking_ratio": 0.22898574592704396,
          "text_distance_mean": 0.9430127764638567,
          "coverage_classifier_auroc": 1.0
        }
      },
      "timestamp": "2026-06-01T06:56:03.733012+00:00"
    },
    {
      "version": 2,
      "iteration": 2,
      "prompt": "\"\"\"\"\"\"Generate realistic customer support messages that align with the requested intent and style. Ensure a diverse range of intents, including common, rare, and edge cases, particularly for 'refund_request' and 'technical_problem'. Incorporate a variety of tones such as formal, concise, friendly, and assertive, while avoiding overused informal and fragmented styles. Strive for unique phrasing to minimize near-duplicates and enhance realism. The examples should be plausible for a customer support channel (email, chat, in-app form) and maintain a short to medium length.\n\nOutput a JSON object with the following structure:\n{\n  \"sample_id\": \"unique_identifier\",\n  \"text\": \"customer support message text\",\n  \"attributes\": {\n    \"intent\": \"specific intent value\",\n    \"style\": \"specific style value\",\n    \"scenario_type\": \"specific scenario type\"\n  }\n}\n\nForbidden phrasings: \n- \"nothing happens\"\n- \"quick one\"\n- \"just a spinner forever\"\n- \"want a refund on the missing one, not a reship\"\n- \"app keeps crashing on android 14\"\n\nAim for a balanced coverage of intents, ensuring that all styles and scenarios are represented without redundancy. Introduce more emotional tones and ensure edge cases are distinctly represented in terms of content and phrasing. This will enhance the overall realism and diversity of the generated samples.\"\"\"\"\"\"",