{
  "run_dir": "E:\\Projects\\PromptForge\\experiments\\trec_run_001_seed17\\diversity_only\\20260602T071943Z",
  "n_iterations": 3,
  "final_prompt_version": 2,
  "metric_history": [
    {
      "iteration": 0.0,
      "attribute_match_rate": 0.0,
      "discriminator_accuracy": 0.5,
      "synthetic_detection_rate": 0.5,
      "near_duplicate_rate": 0.15,
      "combination_coverage": 0.6111111111111112,
      "entropy/intent": 0.8433532525013715,
      "entropy/difficulty": 0.9755307720176264,
      "entropy/ambiguity": 0.9497012164384108,
      "entropy/style": 0.8823679532568757,
      "entropy/noise": 0.7028195311147832,
      "entropy/scenario_type": 0.9414280318460244,
      "coverage/intent": 0.8333333333333334,
      "coverage/difficulty": 1.0,
      "coverage/ambiguity": 1.0,
      "coverage/style": 1.0,
      "coverage/noise": 0.75,
      "coverage/scenario_type": 1.0,
      "mode_seeking_ratio": 0.23555377734832608,
      "text_distance_mean": 0.9433410132713573,
      "coverage_classifier_auroc": 1.0
    },
    {
      "iteration": 1.0,
      "attribute_match_rate": 0.0,
      "discriminator_accuracy": 0.5,
      "synthetic_detection_rate": 0.5,
      "near_duplicate_rate": 0.1,
      "combination_coverage": 0.6666666666666666,
      "entropy/intent": 0.9099617502405772,
      "entropy/difficulty": 0.9755307720176264,
      "entropy/ambiguity": 0.8194483718728035,
      "entropy/style": 0.9592101522724051,
      "entropy/noise": 0.9618974703476993,
      "entropy/scenario_type": 0.9886085007312413,
      "coverage/intent": 1.0,
      "coverage/difficulty": 1.0,
      "coverage/ambiguity": 1.0,
      "coverage/style": 1.0,
      "coverage/noise": 1.0,
      "coverage/scenario_type": 1.0,
      "mode_seeking_ratio": 0.22754277814195012,
      "text_distance_mean": 0.9653568786071036,
      "coverage_classifier_auroc": 1.0
    },
    {
      "iteration": 2.0,
      "attribute_match_rate": 0.0,
      "discriminator_accuracy": 0.5,
      "synthetic_detection_rate": 0.5,
      "near_duplicate_rate": 0.15,
      "combination_coverage": 0.6111111111111112,
      "entropy/intent": 0.9400664543100068,
      "entropy/difficulty": 0.9850568223215079,
      "entropy/ambiguity": 0.9320201587042913,
      "entropy/style": 0.9283832117695864,
      "entropy/noise": 0.9414280318460244,
      "entropy/scenario_type": 0.9528195311147832,
      "coverage/intent": 1.0,
      "coverage/difficulty": 1.0,
      "coverage/ambiguity": 1.0,
      "coverage/style": 1.0,
      "coverage/noise": 1.0,
      "coverage/scenario_type": 1.0,
      "mode_seeking_ratio": 0.22689182489870607,
      "text_distance_mean": 0.9553311999407547,
      "coverage_classifier_auroc": 1.0
    }
  ],
  "prompt_history": [
    {
      "version": 0,
      "iteration": 0,
      "prompt": "Generate realistic open-domain English questions that match the requested\nTREC question-type category. The example should be a single complete question\nthat ends with a question mark and reads as something a user might ask in\nan open-domain QA system. Match the requested style and noise level. Output\na JSON object with the sample id, the text, and the attribute values.\n",
      "motivation": "initial prompt",
      "feedback_summary": {},
      "timestamp": "2026-06-02T07:19:43.408667+00:00"
    },
    {
      "version": 1,
      "iteration": 1,
      "prompt": "\"\"\"Generate realistic open-domain English questions that match the requested TREC question-type category. The example should be a single complete question that ends with a question mark and reads as something a user might ask in an open-domain QA system. Ensure a variety of intents, including but not limited to human beings and description/abstract concepts, while also incorporating noise types like irrelevant details. Strive for a balanced representation of styles, avoiding overuse of fragmented styles and location intents. Output a JSON object with the sample id, the text, and the attribute values.\n\nForbidden phrasings: \n- (none yet)\n\nPlease ensure that the generated questions reflect a diverse range of topics and styles, and avoid near-duplicate phrasings. Aim for a moderate level of complexity and ambiguity to simulate real user inquiries effectively. The output should enhance the overall diversity of the dataset while maintaining attribute fidelity and realism.\"",
      "motivation": "The batch of synthetic samples demonstrates a strong coverage of the attribute schema, with a notable absence of certain noise types and a few missing intent categories. There is a moderate presence of near-duplicate phrasings and shallow paraphrases.",
      "feedback_summary": {
        "iteration": 0,
        "n_attribute_failures": 0,
        "n_realism_artifacts": 0,
        "near_duplicate_rate": 0.15,
        "pack_accuracy": null,
        "mode_seeking_ratio": 0.23555377734832608,
        "n_banned_phrasings": 0,
        "missing_modes": [
          "noise: irrelevant_details"
        ],
        "overrepresented_modes": [
          "style: fragmented",
          "intent: locations",
          "intent: numeric_values"
        ],
        "metrics": {
          "attribute_match_rate": 0.0,
          "discriminator_accuracy": 0.5,
          "synthetic_detection_rate": 0.5,
          "near_duplicate_rate": 0.15,
          "combination_coverage": 0.6111111111111112,
          "entropy/intent": 0.8433532525013715,
          "entropy/difficulty": 0.9755307720176264,
          "entropy/ambiguity": 0.9497012164384108,
          "entropy/style": 0.8823679532568757,
          "entropy/noise": 0.7028195311147832,
          "entropy/scenario_type": 0.9414280318460244,
          "coverage/intent": 0.8333333333333334,
          "coverage/difficulty": 1.0,
          "coverage/ambiguity": 1.0,
          "coverage/style": 1.0,
          "coverage/noise": 0.75,
          "coverage/scenario_type": 1.0,
          "mode_seeking_ratio": 0.23555377734832608,
          "text_distance_mean": 0.9433410132713573,
          "coverage_classifier_auroc": 1.0
        }
      },
      "timestamp": "2026-06-02T07:20:21.060381+00:00"
    },
    {
      "version": 2,
      "iteration": 2,
      "prompt": "\"\"\"\"\"\"Generate realistic open-domain English questions that align with the requested TREC question-type category. Each output should be a single complete question that ends with a question mark, reflecting what a user might ask in an open-domain QA system. Ensure a wide variety of intents, including inquiries about human beings, descriptions, and abstract concepts, while also introducing noise types such as irrelevant details. Strive for a balanced representation of styles, incorporating diverse scenarios, including edge cases and rare instances, while avoiding overuse of fragmented styles and location intents. \n\nAim for a moderate level of complexity and ambiguity to effectively simulate real user inquiries. Implement quality checks to minimize typos and enhance clarity in the generated text. The output should be a JSON object containing the sample id, the text, and the attribute values, with an emphasis on diversity in topics and styles, while maintaining attribute fidelity and realism.\n\nForbidden phrasings: \n- (none yet)\n\nPlease ensure that the generated questions reflect a broad spectrum of topics and styles, and avoid near-duplicate phrasings to enhance the overall diversity of the dataset.\"\"\"\"\"",
      "motivation": "The batch demonstrates a good coverage of the attribute schema with no missing modes. However, there are some instances of high ambiguity and typos that could be addressed for improved clarity and quality.",
      "feedback_summary": {
        "iteration": 1,
        "n_attribute_failures": 0,
        "n_realism_artifacts": 0,
        "near_duplicate_rate": 0.1,
        "pack_accuracy": null,
        "mode_seeking_ratio": 0.22754277814195012,
        "n_banned_phrasings": 0,
        "missing_modes": [],