{
  "mode_seeking_ratio": 0.223263499740343,
  "n_pairs": 120,
  "text_distance_mean": 0.9537838217568754,
  "target_distance_mean": 4.583333333333333,
  "attribute_sensitivity": {
    "scenario_type": 0.0,
    "style": 0.0,
    "ambiguity": 0.0,
    "noise": 0.0,
    "difficulty": 0.0,
    "intent": 0.0
  }
}