{
  "mode_seeking_ratio": 0.23048791284455822,
  "n_pairs": 120,
  "text_distance_mean": 0.9497158255013969,
  "target_distance_mean": 4.416666666666667,
  "attribute_sensitivity": {
    "noise": 0.0,
    "style": 0.0,
    "difficulty": 0.0,
    "intent": 0.9393271400547819,
    "ambiguity": 0.0,
    "scenario_type": 0.0
  }
}