{
  "run_dir": "E:\\Projects\\PromptForge\\experiments\\loo_run_002_seed109\\no_mode_hunter\\20260602T093450Z",
  "n_iterations": 3,
  "final_prompt_version": 2,
  "metric_history": [
    {
      "iteration": 0.0,
      "attribute_match_rate": 0.125,
      "discriminator_accuracy": 0.9166666666666666,
      "synthetic_detection_rate": 0.7777777777777778,
      "near_duplicate_rate": 0.15,
      "combination_coverage": 0.8,
      "entropy/intent": 0.9822177815287606,
      "entropy/difficulty": 0.9755307720176264,
      "entropy/ambiguity": 0.9850568223215079,
      "entropy/style": 0.9400664543100068,
      "entropy/noise": 0.9822177815287606,
      "entropy/scenario_type": 0.9320201587042913,
      "coverage/intent": 1.0,
      "coverage/difficulty": 1.0,
      "coverage/ambiguity": 1.0,
      "coverage/style": 1.0,
      "coverage/noise": 1.0,
      "coverage/scenario_type": 1.0,
      "pack_accuracy": 0.625,
      "pack_confidence": 0.9,
      "mode_seeking_ratio": 0.22741851874379643,
      "text_distance_mean": 0.954651591683308,
      "coverage_classifier_auroc": 1.0
    },
    {
      "iteration": 1.0,
      "attribute_match_rate": 0.0,
      "discriminator_accuracy": 0.7083333333333334,
      "synthetic_detection_rate": 0.2857142857142857,
      "near_duplicate_rate": 0.15,
      "combination_coverage": 0.6666666666666666,
      "entropy/intent": 0.8647365386176832,
      "entropy/difficulty": 0.9965119062478287,
      "entropy/ambiguity": 0.9850568223215079,
      "entropy/style": 0.9488801212514659,
      "entropy/noise": 0.9256951044610051,
      "entropy/scenario_type": 0.9755307720176264,
      "coverage/intent": 1.0,
      "coverage/difficulty": 1.0,
      "coverage/ambiguity": 1.0,
      "coverage/style": 1.0,
      "coverage/noise": 1.0,
      "coverage/scenario_type": 1.0,
      "pack_accuracy": 0.75,
      "pack_confidence": 0.88125,
      "mode_seeking_ratio": 0.22051569852695643,
      "text_distance_mean": 0.9449725604400825,
      "coverage_classifier_auroc": 1.0
    },
    {
      "iteration": 2.0,
      "attribute_match_rate": 0.0625,
      "discriminator_accuracy": 0.7916666666666666,
      "synthetic_detection_rate": 0.5555555555555556,
      "near_duplicate_rate": 0.15,
      "combination_coverage": 0.7333333333333333,
      "entropy/intent": 0.9592101522724051,
      "entropy/difficulty": 0.8957541375001009,
      "entropy/ambiguity": 0.9755307720176264,
      "entropy/style": 0.9400664543100068,
      "entropy/noise": 0.9080636898218125,
      "entropy/scenario_type": 0.8868595071429147,
      "coverage/intent": 1.0,
      "coverage/difficulty": 1.0,
      "coverage/ambiguity": 1.0,
      "coverage/style": 1.0,
      "coverage/noise": 1.0,
      "coverage/scenario_type": 1.0,
      "pack_accuracy": 0.75,
      "pack_confidence": 0.90625,
      "mode_seeking_ratio": 0.22869415794133915,
      "text_distance_mean": 0.940545756662098,
      "coverage_classifier_auroc": 1.0
    }
  ],
  "prompt_history": [
    {
      "version": 0,
      "iteration": 0,
      "prompt": "Generate realistic customer support messages that match the requested intent\nand style. The example should be plausible for a customer support channel\n(email, chat, in-app form). Keep it short to medium length. Output a JSON\nobject with the sample id, the text, and the attribute values.\n",
      "motivation": "initial prompt",
      "feedback_summary": {},
      "timestamp": "2026-06-02T09:34:50.235724+00:00"
    },
    {
      "version": 1,
      "iteration": 1,
      "prompt": "\"\"\"Generate realistic customer support messages that match the requested intent and style. The messages should reflect a variety of scenarios, including edge cases, and should vary in phrasing and structure to enhance uniqueness. Ensure the messages are plausible for a customer support channel (email, chat, in-app form) and maintain a balance of ambiguity and clarity. Output a JSON object with the sample id, the text, and the attribute values.\n\nForbidden phrasings: None\n\nConsider the following guidelines:\n1. Incorporate a mix of formal and informal styles, avoiding overly casual language.\n2. Include messages with varying levels of difficulty and ambiguity, ensuring some are straightforward while others present more complex issues.\n3. Avoid repetitive structures; introduce diverse ways to express issues and requests.\n4. Use realistic details and specific contexts to enhance authenticity, steering clear of generic expressions.\n5. Ensure some messages reflect emotional tones, while others remain factual and concise.\n\nAim for a diverse set of messages that cover a wide range of intents, including account issues, refund requests, and general inquiries. Strive for a mix of short and medium-length texts, ensuring they feel spontaneous and authentic. Each message should clearly indicate the intent while being free of typos and contradictions.\"\"\"",
      "motivation": "The batch of synthetic samples covers all attribute values, but there are some near-duplicate phrasings and a few missing edge cases. The diversity is generally good, but there are opportunities to enhance uniqueness in expressions.",
      "feedback_summary": {
        "iteration": 0,
        "n_attribute_failures": 14,
        "n_realism_artifacts": 7,
        "near_duplicate_rate": 0.15,
        "pack_accuracy": 0.625,
        "mode_seeking_ratio": 0.22741851874379643,
        "n_banned_phrasings": 0,
        "missing_modes": [],
        "overrepresented_modes": [
          "informal style",
          "high ambiguity"
        ],
        "metrics": {
          "attribute_match_rate": 0.125,
          "discriminator_accuracy": 0.9166666666666666,
          "synthetic_detection_rate": 0.7777777777777778,
          "near_duplicate_rate": 0.15,
          "combination_coverage": 0.8,
          "entropy/intent": 0.9822177815287606,
          "entropy/difficulty": 0.9755307720176264,
          "entropy/ambiguity": 0.9850568223215079,
          "entropy/style": 0.9400664543100068,
          "entropy/noise": 0.9822177815287606,
          "entropy/scenario_type": 0.9320201587042913,
          "coverage/intent": 1.0,
          "coverage/difficulty": 1.0,
          "coverage/ambiguity": 1.0,
          "coverage/style": 1.0,
          "coverage/noise": 1.0,
          "coverage/scenario_type": 1.0,
          "pack_accuracy": 0.625,
          "pack_confidence": 0.9,
          "mode_seeking_ratio": 0.22741851874379643,
          "text_distance_mean": 0.954651591683308,
          "coverage_classifier_auroc": 1.0
        }
      },
      "timestamp": "2026-06-02T09:36:30.868084+00:00"
    },
    {
      "version": 2,
      "iteration": 2,