{
  "mode_seeking_ratio": 0.247604960735519,
  "n_pairs": 120,
  "text_distance_mean": 0.9679500085111833,
  "target_distance_mean": 4.191666666666666,
  "attribute_sensitivity": {
    "intent": 0.9141787596663581,
    "difficulty": 0.0,
    "polarity_intensity": 0.0,
    "scenario_type": 0.0,
    "style": 0.0,
    "noise": 0.0
  }
}