{
  "run_dir": "E:\\Projects\\PromptForge\\experiments\\loo_run_002_seed41\\no_mode_hunter\\20260602T080644Z",
  "n_iterations": 3,
  "final_prompt_version": 2,
  "metric_history": [
    {
      "iteration": 0.0,
      "attribute_match_rate": 0.125,
      "discriminator_accuracy": 0.8333333333333334,
      "synthetic_detection_rate": 0.6363636363636364,
      "near_duplicate_rate": 0.15,
      "combination_coverage": 0.5333333333333333,
      "entropy/intent": 0.851541012754057,
      "entropy/difficulty": 0.9755307720176264,
      "entropy/ambiguity": 0.9850568223215079,
      "entropy/style": 0.9123763275816897,
      "entropy/noise": 0.9388906303246313,
      "entropy/scenario_type": 0.895014514573153,
      "coverage/intent": 0.8,
      "coverage/difficulty": 1.0,
      "coverage/ambiguity": 1.0,
      "coverage/style": 1.0,
      "coverage/noise": 1.0,
      "coverage/scenario_type": 1.0,
      "pack_accuracy": 0.625,
      "pack_confidence": 0.88125,
      "mode_seeking_ratio": 0.22915290563758273,
      "text_distance_mean": 0.9429678514745609,
      "coverage_classifier_auroc": 1.0
    },
    {
      "iteration": 1.0,
      "attribute_match_rate": 0.0,
      "discriminator_accuracy": 0.5416666666666666,
      "synthetic_detection_rate": 0.25,
      "near_duplicate_rate": 0.15,
      "combination_coverage": 0.6666666666666666,
      "entropy/intent": 0.9158830010682758,
      "entropy/difficulty": 0.9320201587042913,
      "entropy/ambiguity": 0.9755307720176264,
      "entropy/style": 0.9789848253208956,
      "entropy/noise": 0.9362025230160498,
      "entropy/scenario_type": 0.9850568223215079,
      "coverage/intent": 1.0,
      "coverage/difficulty": 1.0,
      "coverage/ambiguity": 1.0,
      "coverage/style": 1.0,
      "coverage/noise": 1.0,
      "coverage/scenario_type": 1.0,
      "pack_accuracy": 0.625,
      "pack_confidence": 0.89375,
      "mode_seeking_ratio": 0.23075386989009045,
      "text_distance_mean": 0.9448768246312753,
      "coverage_classifier_auroc": 1.0
    },
    {
      "iteration": 2.0,
      "attribute_match_rate": 0.0625,
      "discriminator_accuracy": 1.0,
      "synthetic_detection_rate": 1.0,
      "near_duplicate_rate": 0.15,
      "combination_coverage": 0.5333333333333333,
      "entropy/intent": 0.8417289093613277,
      "entropy/difficulty": 0.7559752426306121,
      "entropy/ambiguity": 0.9497012164384108,
      "entropy/style": 0.9488801212514659,
      "entropy/noise": 0.9822177815287606,
      "entropy/scenario_type": 0.9497012164384108,
      "coverage/intent": 0.8,
      "coverage/difficulty": 1.0,
      "coverage/ambiguity": 1.0,
      "coverage/style": 1.0,
      "coverage/noise": 1.0,
      "coverage/scenario_type": 1.0,
      "pack_accuracy": 0.875,
      "pack_confidence": 0.88125,
      "mode_seeking_ratio": 0.2389979403402237,
      "text_distance_mean": 0.9453008173978892,
      "coverage_classifier_auroc": 1.0
    }
  ],
  "prompt_history": [
    {
      "version": 0,
      "iteration": 0,
      "prompt": "Generate realistic customer support messages that match the requested intent\nand style. The example should be plausible for a customer support channel\n(email, chat, in-app form). Keep it short to medium length. Output a JSON\nobject with the sample id, the text, and the attribute values.\n",
      "motivation": "initial prompt",
      "feedback_summary": {},
      "timestamp": "2026-06-02T08:06:44.130071+00:00"
    },
    {
      "version": 1,
      "iteration": 1,
      "prompt": "\"\"\"Generate realistic customer support messages that align with the specified intent and style. Ensure the messages reflect a variety of scenarios, including edge cases like refund requests and general questions. The tone should vary between formal and informal, capturing real-world nuances such as emotional responses, confusion, or straightforward inquiries. Keep the length short to medium, and incorporate some natural noise, such as typos or informal language, to enhance realism. \n\nOutput a JSON object containing the sample id, the text, and the attribute values. \n\n**Forbidden phrasings:** Avoid overly polished language, structured formats, and common phrases like \"I need help\" or \"This is so frustrating.\" \n\n**Attributes to consider:**\n- **Intent:** Include a mix of common and rare intents (e.g., complaint, refund_request, general_question).\n- **Style:** Vary between formal and informal tones, ensuring some messages reflect emotional states.\n- **Difficulty:** Include a range from easy to medium, with some messages presenting more complex issues.\n- **Ambiguity:** Introduce a mix of clear and slightly ambiguous messages to reflect real customer interactions.\n- **Noise:** Incorporate minor errors or informal expressions to mimic authentic communication.\n- **Scenario Type:** Ensure diversity by including both common and rare scenarios.\n\nAim for a diverse output that minimizes near-duplicates while maintaining attribute fidelity and realism.\"\"\"",
      "motivation": "The batch of synthetic samples demonstrates a high level of diversity across most attributes, but there are some missing modes and potential near-duplicates that could be addressed for improved variety.",
      "feedback_summary": {
        "iteration": 0,
        "n_attribute_failures": 14,
        "n_realism_artifacts": 7,
        "near_duplicate_rate": 0.15,
        "pack_accuracy": 0.625,
        "mode_seeking_ratio": 0.22915290563758273,
        "n_banned_phrasings": 0,
        "missing_modes": [
          "refund_request (edge_case)",
          "complaint (rare)",
          "general_question (rare)"
        ],
        "overrepresented_modes": [
          "account_issue (common)",
          "complaint (common)"
        ],
        "metrics": {
          "attribute_match_rate": 0.125,
          "discriminator_accuracy": 0.8333333333333334,
          "synthetic_detection_rate": 0.6363636363636364,
          "near_duplicate_rate": 0.15,
          "combination_coverage": 0.5333333333333333,
          "entropy/intent": 0.851541012754057,
          "entropy/difficulty": 0.9755307720176264,
          "entropy/ambiguity": 0.9850568223215079,
          "entropy/style": 0.9123763275816897,
          "entropy/noise": 0.9388906303246313,
          "entropy/scenario_type": 0.895014514573153,
          "coverage/intent": 0.8,
          "coverage/difficulty": 1.0,
          "coverage/ambiguity": 1.0,
          "coverage/style": 1.0,
          "coverage/noise": 1.0,
          "coverage/scenario_type": 1.0,
          "pack_accuracy": 0.625,
          "pack_confidence": 0.88125,
          "mode_seeking_ratio": 0.22915290563758273,
          "text_distance_mean": 0.9429678514745609,
          "coverage_classifier_auroc": 1.0
        }
      },
      "timestamp": "2026-06-02T08:09:06.847716+00:00"
    },
    {
      "version": 2,
      "iteration": 2,