{
  "H1: ENS macro vs realism_only solo macro": {
    "deltas": [
      -0.10666666666666669,
      0.10666666666666669,
      0.10666666666666669,
      0.09333333333333338,
      0.10666666666666669,
      -0.10666666666666669,
      -0.10666666666666669,
      0.16000000000000003,
      0.0,
      0.10666666666666669
    ],
    "mean_delta": 0.03600000000000001,
    "bca_ci_lo": -0.03333333333333334,
    "bca_ci_hi": 0.08933333333333335,
    "sign_flip_p": 0.39976002399760024,
    "n_seeds": 10
  },
  "H2: ENS worst vs full_attrforge solo worst": {
    "deltas": [
      0.0,
      1.0,
      0.33333333333333337,
      0.6666666666666666,
      0.0,
      0.0,
      0.0,
      0.0,
      0.33333333333333337,
      0.0
    ],
    "mean_delta": 0.23333333333333334,
    "bca_ci_lo": 0.06666666666666668,
    "bca_ci_hi": 0.5,
    "sign_flip_p": 0.13058694130586943,
    "n_seeds": 10
  },
  "H3: ENS worst vs realism_only solo worst": {
    "deltas": [
      -0.33333333333333337,
      0.33333333333333337,
      0.33333333333333337,
      0.0,
      0.33333333333333337,
      -0.33333333333333337,
      -0.33333333333333337,
      0.6666666666666666,
      0.0,
      0.33333333333333337
    ],
    "mean_delta": 0.1,
    "bca_ci_lo": -0.13333333333333336,
    "bca_ci_hi": 0.3,
    "sign_flip_p": 0.5322467753224678,
    "n_seeds": 10
  },
  "H4: full_attrforge solo macro vs full_classic solo macro": {
    "deltas": [
      0.0,
      -0.16000000000000003,
      0.0,
      -0.16000000000000003,
      0.20000000000000007,
      0.16000000000000003,
      -0.10666666666666669,
      -0.10666666666666669,
      0.16000000000000003,
      0.0
    ],
    "mean_delta": -0.001333333333333331,
    "bca_ci_lo": -0.08000000000000002,
    "bca_ci_hi": 0.08133333333333335,
    "sign_flip_p": 1.0,
    "n_seeds": 10
  },
  "H5: full_attrforge solo worst vs full_classic solo worst": {
    "deltas": [
      0.0,
      -0.6666666666666666,
      0.0,
      -0.6666666666666666,
      0.33333333333333337,
      0.6666666666666666,
      -0.33333333333333337,
      0.0,
      0.6666666666666666,
      0.0
    ],
    "mean_delta": 0.0,
    "bca_ci_lo": -0.3,
    "bca_ci_hi": 0.26666666666666666,
    "sign_flip_p": 1.0,
    "n_seeds": 10
  },
  "H6: ENS macro vs full_attrforge solo macro": {
    "deltas": [
      0.0,
      0.2666666666666667,
      0.10666666666666669,
      0.16000000000000003,
      0.0,
      0.0,
      0.0,
      0.10666666666666669,
      0.10666666666666669,
      0.0
    ],
    "mean_delta": 0.07466666666666669,
    "bca_ci_lo": 0.026666666666666672,
    "bca_ci_hi": 0.13333333333333336,
    "sign_flip_p": 0.064993500649935,
    "n_seeds": 10
  },
  "H7: ENS macro vs full_classic solo macro": {
    "deltas": [
      0.0,
      0.10666666666666669,
      0.10666666666666669,
      0.0,
      0.20000000000000007,
      0.16000000000000003,
      -0.10666666666666669,
      0.0,
      0.2666666666666667,
      0.0
    ],
    "mean_delta": 0.07333333333333335,
    "bca_ci_lo": 0.009333333333333338,
    "bca_ci_hi": 0.1413333333333334,
    "sign_flip_p": 0.1326867313268673,
    "n_seeds": 10
  }
}