{
  "sizes": [
    5,
    10,
    20,
    30
  ],
  "labels": [
    "account_issue",
    "complaint",
    "general_question",
    "refund_request",
    "technical_problem"
  ],
  "real_only_worst": {
    "5": [
      0.0,
      0.0,
      0.0,
      0.0,
      0.6666666666666666
    ],
    "10": [
      0.0,
      0.6666666666666666,
      0.6666666666666666,
      0.0,
      0.6666666666666666
    ],
    "20": [
      0.6666666666666666,
      1.0,
      0.6666666666666666,
      0.6666666666666666,
      0.6666666666666666
    ],
    "30": [
      0.6666666666666666,
      0.6666666666666666,
      0.6666666666666666,
      0.6666666666666666,
      0.6666666666666666
    ]
  },
  "augmented_worst": {
    "diversity_only": {
      "5": [
        0.0,
        0.0,
        0.6666666666666666,
        0.0,
        0.6666666666666666
      ],
      "10": [
        0.0,
        0.0,
        0.6666666666666666,
        0.0,
        0.6666666666666666
      ],
      "20": [
        0.6666666666666666,
        0.6666666666666666,
        0.6666666666666666,
        0.0,
        1.0
      ],
      "30": [
        0.6666666666666666,
        1.0,
        0.6666666666666666,
        0.0,
        1.0
      ]
    },
    "few_shot": {
      "5": [
        0.0,
        0.0,
        0.0,
        0.0,
        0.0
      ],
      "10": [
        0.6666666666666666,
        0.0,
        0.0,
        0.0,
        0.0
      ],
      "20": [
        0.6666666666666666,
        1.0,
        0.6666666666666666,
        0.6666666666666666,
        0.6666666666666666
      ],
      "30": [
        0.6666666666666666,
        0.6666666666666666,
        0.6666666666666666,
        0.6666666666666666,
        0.6666666666666666
      ]
    },
    "full_attrforge": {
      "5": [
        0.0,
        0.5,
        0.0,
        0.6666666666666666,
        0.0
      ],
      "10": [
        0.0,
        0.5,
        0.6666666666666666,
        0.6666666666666666,
        1.0
      ],
      "20": [
        0.6666666666666666,
        0.6666666666666666,
        0.6666666666666666,
        0.6666666666666666,
        1.0
      ],
      "30": [
        0.6666666666666666,
        0.6666666666666666,
        0.6666666666666666,
        0.6666666666666666,
        1.0
      ]
    },
    "full_classic": {
      "5": [
        0.0,
        0.6666666666666666,
        0.6666666666666666,
        0.0,
        0.6666666666666666
      ],
      "10": [
        0.0,
        1.0,
        0.6666666666666666,
        0.0,
        0.6666666666666666
      ],
      "20": [
        0.0,
        1.0,
        0.6666666666666666,
        0.0,
        1.0
      ],
      "30": [
        0.0,
        1.0,
        0.6666666666666666,
        0.0,
        1.0
      ]
    },
    "naive": {
      "5": [
        0.6666666666666666,
        0.0,
        0.0,
        0.0,
        0.4
      ],
      "10": [
        0.6666666666666666,
        0.0,
        0.0,
        0.0,
        0.6666666666666666
      ],
      "20": [
        0.6666666666666666,
        0.0,
        0.6666666666666666,
        0.0,
        0.6666666666666666
      ],
      "30": [
        1.0,
        0.0,
        0.6666666666666666,
        0.6666666666666666,
        0.6666666666666666
      ]
    },
    "realism_only": {
      "5": [
        0.0,
        0.6666666666666666,
        0.0,
        1.0,
        0.4
      ],
      "10": [
        0.0,
        0.0,
        0.0,
        1.0,
        0.6666666666666666
      ],
      "20": [
        0.6666666666666666,
        1.0,
        0.0,
        1.0,
        0.6666666666666666
      ],
      "30": [
        1.0,
        1.0,
        0.0,
        1.0,
        0.6666666666666666
      ]
    },
    "self_critique": {
      "5": [
        0.0,
        0.0,
        0.0,
        0.6666666666666666,
        0.0
      ],
      "10": [
        0.0,
        0.6666666666666666,
        0.0,
        0.6666666666666666,
        0.6666666666666666
      ],
      "20": [
        0.0,
        0.6666666666666666,
        0.0,
        0.6666666666666666,
        1.0
      ],
      "30": [
        0.0,
        0.6666666666666666,
        0.0,
        0.6666666666666666,
        1.0
      ]
    }
  }
}