{
  "mode_seeking_ratio": 0.2581433089776937,
  "n_pairs": 120,
  "text_distance_mean": 0.9541873073253593,
  "target_distance_mean": 4.141666666666667,
  "attribute_sensitivity": {
    "scenario_type": 0.0,
    "polarity_intensity": 0.0,
    "noise": 0.0,
    "intent": 0.9690997834389037,
    "style": 0.9043313487440388,
    "difficulty": 0.0
  }
}