{
  "run_dir": "E:\\Projects\\PromptForge\\experiments\\trec_v297_seed53\\full_attrforge\\20260602T190005Z",
  "n_iterations": 3,
  "final_prompt_version": 2,
  "metric_history": [
    {
      "iteration": 0.0,
      "attribute_match_rate": 0.6956521739130435,
      "discriminator_accuracy": 0.782608695652174,
      "synthetic_detection_rate": 0.782608695652174,
      "near_duplicate_rate": 0.25,
      "combination_coverage": 0.7777777777777778,
      "entropy/intent": 0.9910581831938824,
      "entropy/difficulty": 0.9876197168461961,
      "entropy/ambiguity": 0.8539309314862878,
      "entropy/style": 0.9787122437557368,
      "entropy/noise": 0.9863237070924825,
      "entropy/scenario_type": 0.9131048906957293,
      "coverage/intent": 1.0,
      "coverage/difficulty": 1.0,
      "coverage/ambiguity": 1.0,
      "coverage/style": 1.0,
      "coverage/noise": 1.0,
      "coverage/scenario_type": 1.0,
      "pack_accuracy": 0.5,
      "pack_confidence": 0.0,
      "mode_seeking_ratio": 0.2330970879529648,
      "text_distance_mean": 0.9590061753279518,
      "banned_phrasings_total": 0.0,
      "banned_phrasings_new": 0.0,
      "coverage_classifier_auroc": 0.5
    },
    {
      "iteration": 1.0,
      "attribute_match_rate": 0.20833333333333334,
      "discriminator_accuracy": 0.25,
      "synthetic_detection_rate": 0.25,
      "near_duplicate_rate": 0.25,
      "combination_coverage": 0.7777777777777778,
      "entropy/intent": 0.9639125816315371,
      "entropy/difficulty": 0.9999999999999998,
      "entropy/ambiguity": 0.9808340377961401,
      "entropy/style": 0.8276697779382132,
      "entropy/noise": 0.9745411476764105,
      "entropy/scenario_type": 0.9591479170272448,
      "coverage/intent": 1.0,
      "coverage/difficulty": 1.0,
      "coverage/ambiguity": 1.0,
      "coverage/style": 0.8,
      "coverage/noise": 1.0,
      "coverage/scenario_type": 1.0,
      "pack_accuracy": 0.5,
      "pack_confidence": 0.0,
      "mode_seeking_ratio": 0.23177821042823857,
      "text_distance_mean": 0.953942703502248,
      "banned_phrasings_total": 0.0,
      "banned_phrasings_new": 0.0,
      "coverage_classifier_auroc": 0.5
    },
    {
      "iteration": 2.0,
      "attribute_match_rate": 0.4583333333333333,
      "discriminator_accuracy": 0.2916666666666667,
      "synthetic_detection_rate": 0.2916666666666667,
      "near_duplicate_rate": 0.25,
      "combination_coverage": 0.8888888888888888,
      "entropy/intent": 0.9941242220390273,
      "entropy/difficulty": 0.9808340377961401,
      "entropy/ambiguity": 0.9680589902708631,
      "entropy/style": 0.9646872283675247,
      "entropy/noise": 0.9515535841814057,
      "entropy/scenario_type": 0.9745411476764105,
      "coverage/intent": 1.0,
      "coverage/difficulty": 1.0,
      "coverage/ambiguity": 1.0,
      "coverage/style": 1.0,
      "coverage/noise": 1.0,
      "coverage/scenario_type": 1.0,
      "pack_accuracy": 0.5,
      "pack_confidence": 0.0,
      "mode_seeking_ratio": 0.2230605261612216,
      "text_distance_mean": 0.9598545421240133,
      "banned_phrasings_total": 0.0,
      "banned_phrasings_new": 0.0,
      "coverage_classifier_auroc": 0.5
    }
  ],
  "prompt_history": [
    {
      "version": 0,
      "iteration": 0,
      "prompt": "Generate realistic open-domain English questions that match the requested\nTREC question-type category. The example should be a single complete question\nthat ends with a question mark and reads as something a user might ask in\nan open-domain QA system. Match the requested style and noise level. Output\na JSON object with the sample id, the text, and the attribute values.\n",
      "motivation": "initial prompt",
      "feedback_summary": {},
      "timestamp": "2026-06-02T19:00:05.419907+00:00"
    },
    {
      "version": 1,
      "iteration": 1,
      "prompt": "\"\"\"Generate realistic open-domain English questions that align with the specified TREC question-type category. Each question should be a complete, well-structured inquiry that ends with a question mark and reflects the complexity and analytical nature typical of user queries in an open-domain QA system. Ensure the questions vary in style, intent, and scenario type, avoiding repetitive structures. \n\nOutput a JSON object containing the sample id, the text, and the attribute values. \n\n**Preferred phrasings:** \n- \"What are the implications of...\"\n- \"How do different factors influence...\"\n- \"In what ways can we compare...\"\n- \"What unique characteristics define...\"\n- \"Can you elaborate on the significance of...\"\n\n**Forbidden phrasings:** \n- \"Who is better/famous?\"\n- \"What is the definition of...\"\n- \"Can you list...\"\n- \"What are some...\"\n\nEnsure the questions exhibit a range of intents, including complex comparisons, unique entities, and abstract concepts. Aim for a balance of difficulty levels and ambiguity, with a mix of formal and analytical styles. Avoid simplistic or overly casual phrasing, and strive for diversity in question structures to enhance the richness of the generated data.\"\"\"",
      "motivation": "The batch exhibits a variety of intents and scenarios, but there is a notable redundancy in phrasing and structure, particularly in comparison questions. Many texts follow similar templates, leading to a lack of nuanced diversity.",
      "feedback_summary": {
        "iteration": 0,
        "n_attribute_failures": 7,
        "n_realism_artifacts": 18,
        "near_duplicate_rate": 0.25,
        "pack_accuracy": 0.5,
        "mode_seeking_ratio": 0.2330970879529648,
        "n_banned_phrasings": 0,
        "missing_modes": [
          "Complex comparisons that require multi-faceted analysis rather than simple A vs. B questions.",
          "Unique or rare entities and locations that are not commonly referenced.",
          "Diverse styles that incorporate humor or creative storytelling."
        ],
        "overrepresented_modes": [
          "Comparison questions structured as 'Who is better/famous?'",
          "Lists that start with 'What are some...' or 'Can you list...'",
          "Definitions that begin with 'What is the definition of...'"
        ],
        "metrics": {
          "attribute_match_rate": 0.6956521739130435,
          "discriminator_accuracy": 0.782608695652174,
          "synthetic_detection_rate": 0.782608695652174,
          "near_duplicate_rate": 0.25,
          "combination_coverage": 0.7777777777777778,
          "entropy/intent": 0.9910581831938824,
          "entropy/difficulty": 0.9876197168461961,
          "entropy/ambiguity": 0.8539309314862878,
          "entropy/style": 0.9787122437557368,
          "entropy/noise": 0.9863237070924825,
          "entropy/scenario_type": 0.9131048906957293,
          "coverage/intent": 1.0,
          "coverage/difficulty": 1.0,
          "coverage/ambiguity": 1.0,
          "coverage/style": 1.0,
          "coverage/noise": 1.0,
          "coverage/scenario_type": 1.0,
          "pack_accuracy": 0.5,
          "pack_confidence": 0.0,
          "mode_seeking_ratio": 0.2330970879529648,
          "text_distance_mean": 0.9590061753279518,
          "banned_phrasings_total": 0.0,
          "banned_phrasings_new": 0.0,
          "coverage_classifier_auroc": 0.5
        }
      },
      "timestamp": "2026-06-02T19:02:19.744075+00:00"
    },
    {
      "version": 2,
      "iteration": 2,