{
  "attribute_match_rate": 0.125,
  "discriminator_accuracy": 1.0,
  "synthetic_detection_rate": 1.0,
  "near_duplicate_rate": 0.15,
  "combination_coverage": 0.6666666666666666,
  "entropy/intent": 0.8647365386176832,
  "entropy/difficulty": 0.946394630357186,
  "entropy/ambiguity": 0.9755307720176264,
  "entropy/style": 0.8433532525013715,
  "entropy/noise": 0.9822177815287606,
  "entropy/scenario_type": 0.9497012164384108,
  "coverage/intent": 1.0,
  "coverage/difficulty": 1.0,
  "coverage/ambiguity": 1.0,
  "coverage/style": 0.8333333333333334,
  "coverage/noise": 1.0,
  "coverage/scenario_type": 1.0,
  "mode_seeking_ratio": 0.22748793506971152,
  "text_distance_mean": 0.9414486597993793,
  "banned_phrasings_total": 3.0,
  "banned_phrasings_new": 3.0,
  "coverage_classifier_auroc": 1.0
}