{
  "mode_seeking_ratio": 0.23065423822456615,
  "n_pairs": 120,
  "text_distance_mean": 0.9529181101002671,
  "target_distance_mean": 4.383333333333334,
  "attribute_sensitivity": {
    "noise": 0.0,
    "style": 0.0,
    "difficulty": 0.0,
    "intent": 0.0,
    "ambiguity": 0.0,
    "scenario_type": 0.0
  }
}