{
  "mode_seeking_ratio": 0.22689182489870607,
  "n_pairs": 120,
  "text_distance_mean": 0.9553311999407547,
  "target_distance_mean": 4.533333333333333,
  "attribute_sensitivity": {
    "scenario_type": 0.0,
    "style": 0.0,
    "noise": 0.0,
    "intent": 0.0,
    "ambiguity": 0.932605135005337,
    "difficulty": 0.0
  }
}