{
  "attribute_match_rate": 0.3333333333333333,
  "discriminator_accuracy": 0.5416666666666666,
  "synthetic_detection_rate": 0.5416666666666666,
  "near_duplicate_rate": 0.25,
  "combination_coverage": 1.0,
  "entropy/intent": 0.9798687566511527,
  "entropy/difficulty": 0.9952467469708334,
  "entropy/polarity_intensity": 0.9850568223215079,
  "entropy/style": 0.947844078102191,
  "entropy/noise": 0.9252801481639048,
  "entropy/scenario_type": 0.9513282751069652,
  "coverage/intent": 1.0,
  "coverage/difficulty": 1.0,
  "coverage/polarity_intensity": 1.0,
  "coverage/style": 1.0,
  "coverage/noise": 1.0,
  "coverage/scenario_type": 1.0,
  "pack_accuracy": 0.5,
  "pack_confidence": 0.0,
  "mode_seeking_ratio": 0.2467359704661085,
  "text_distance_mean": 0.9666590237150186,
  "banned_phrasings_total": 0.0,
  "banned_phrasings_new": 0.0,
  "coverage_classifier_auroc": 0.5
}