{
  "run_dir": "E:\\Projects\\PromptForge\\experiments\\main_run_002_seed23\\full_attrforge\\20260601T064257Z",
  "n_iterations": 3,
  "final_prompt_version": 2,
  "metric_history": [
    {
      "iteration": 0.0,
      "attribute_match_rate": 0.0,
      "discriminator_accuracy": 1.0,
      "synthetic_detection_rate": 1.0,
      "near_duplicate_rate": 0.15,
      "combination_coverage": 0.6666666666666666,
      "entropy/intent": 0.8647365386176832,
      "entropy/difficulty": 0.946394630357186,
      "entropy/ambiguity": 0.9755307720176264,
      "entropy/style": 0.8433532525013715,
      "entropy/noise": 0.9822177815287606,
      "entropy/scenario_type": 0.9497012164384108,
      "coverage/intent": 1.0,
      "coverage/difficulty": 1.0,
      "coverage/ambiguity": 1.0,
      "coverage/style": 0.8333333333333334,
      "coverage/noise": 1.0,
      "coverage/scenario_type": 1.0,
      "pack_accuracy": 0.5,
      "pack_confidence": 0.88125,
      "mode_seeking_ratio": 0.22964509726482774,
      "text_distance_mean": 0.9484052421567242,
      "banned_phrasings_total": 3.0,
      "banned_phrasings_new": 3.0,
      "coverage_classifier_auroc": 1.0
    },
    {
      "iteration": 1.0,
      "attribute_match_rate": 0.125,
      "discriminator_accuracy": 1.0,
      "synthetic_detection_rate": 1.0,
      "near_duplicate_rate": 0.15,
      "combination_coverage": 0.5333333333333333,
      "entropy/intent": 0.8207140722512382,
      "entropy/difficulty": 0.9320201587042913,
      "entropy/ambiguity": 0.9850568223215079,
      "entropy/style": 0.8433532525013715,
      "entropy/noise": 0.9592101522724051,
      "entropy/scenario_type": 0.9497012164384108,
      "coverage/intent": 1.0,
      "coverage/difficulty": 1.0,
      "coverage/ambiguity": 1.0,
      "coverage/style": 0.8333333333333334,
      "coverage/noise": 1.0,
      "coverage/scenario_type": 1.0,
      "pack_accuracy": 0.625,
      "pack_confidence": 0.8875,
      "mode_seeking_ratio": 0.23811067487525844,
      "text_distance_mean": 0.9554727487123901,
      "banned_phrasings_total": 7.0,
      "banned_phrasings_new": 4.0,
      "coverage_classifier_auroc": 1.0
    },
    {
      "iteration": 2.0,
      "attribute_match_rate": 0.0,
      "discriminator_accuracy": 0.6666666666666666,
      "synthetic_detection_rate": 0.125,
      "near_duplicate_rate": 0.15,
      "combination_coverage": 0.6,
      "entropy/intent": 0.8285333834977017,
      "entropy/difficulty": 0.8957541375001009,
      "entropy/ambiguity": 0.9965119062478287,
      "entropy/style": 0.9099617502405772,
      "entropy/noise": 0.796580116665631,
      "entropy/scenario_type": 0.9965119062478287,
      "coverage/intent": 0.8,
      "coverage/difficulty": 1.0,
      "coverage/ambiguity": 1.0,
      "coverage/style": 1.0,
      "coverage/noise": 0.8,
      "coverage/scenario_type": 1.0,
      "pack_accuracy": 0.375,
      "pack_confidence": 0.88125,
      "mode_seeking_ratio": 0.24172372714233717,
      "text_distance_mean": 0.96632653387683,
      "banned_phrasings_total": 11.0,
      "banned_phrasings_new": 4.0,
      "coverage_classifier_auroc": 1.0
    }
  ],
  "prompt_history": [
    {
      "version": 0,
      "iteration": 0,
      "prompt": "Generate realistic customer support messages that match the requested intent\nand style. The example should be plausible for a customer support channel\n(email, chat, in-app form). Keep it short to medium length. Output a JSON\nobject with the sample id, the text, and the attribute values.\n",
      "motivation": "initial prompt",
      "feedback_summary": {},
      "timestamp": "2026-06-01T06:42:57.721801+00:00"
    },
    {
      "version": 1,
      "iteration": 1,
      "prompt": "\"\"\"Generate realistic customer support messages that match the requested intent and style, ensuring a variety of scenarios and levels of ambiguity. The messages should reflect a range of user experiences, including edge cases and rare issues. Aim for a mix of styles, including formal, verbose, and informal, while avoiding overly structured or generic language. Keep the length short to medium. Output a JSON object with the sample id, the text, and the attribute values.\n\nForbidden phrasings:\n- 'I seem to be experiencing issues accessing my account'\n- \"I swear I didn't do anything wrong\"\n- 'Like, I swear the pic was way diff'\n\nEnsure the following:\n1. Scenario types should include both common and rare issues, with appropriate noise levels.\n2. Ambiguity should vary, with some messages being clear and others leaving room for interpretation.\n3. Incorporate diverse styles, including formal and verbose, while reducing reliance on informal and emotional tones.\n4. Avoid repetitive structures and phrasings to enhance uniqueness across samples.\n\nExamples of desired outputs:\n- (label=refund_request) \"I ordered two items but only received one. Can I get a refund for the missing item?\"\n- (label=general_question) \"Could you clarify if the API has a rate limit on the search endpoint?\"\n- (label=technical_problem) \"The app crashes on Android 14 whenever I try to access the camera tab. I've already tried reinstalling it.\"\"\"\"",
      "motivation": "The batch exhibits a good variety of intents, difficulties, and ambiguities, but there is a notable lack of diversity in the 'style' attribute, particularly the 'verbose' and 'formal' styles. Additionally, there are several instances of near-duplicate phrasings and some missing edge cases.",
      "feedback_summary": {
        "iteration": 0,
        "n_attribute_failures": 16,
        "n_realism_artifacts": 9,
        "near_duplicate_rate": 0.15,
        "pack_accuracy": 0.5,
        "mode_seeking_ratio": 0.22964509726482774,
        "n_banned_phrasings": 3,
        "missing_modes": [
          "verbose",
          "formal"
        ],
        "overrepresented_modes": [
          "informal",
          "emotional"
        ],
        "metrics": {
          "attribute_match_rate": 0.0,
          "discriminator_accuracy": 1.0,
          "synthetic_detection_rate": 1.0,
          "near_duplicate_rate": 0.15,
          "combination_coverage": 0.6666666666666666,
          "entropy/intent": 0.8647365386176832,
          "entropy/difficulty": 0.946394630357186,
          "entropy/ambiguity": 0.9755307720176264,
          "entropy/style": 0.8433532525013715,
          "entropy/noise": 0.9822177815287606,
          "entropy/scenario_type": 0.9497012164384108,
          "coverage/intent": 1.0,
          "coverage/difficulty": 1.0,
          "coverage/ambiguity": 1.0,
          "coverage/style": 0.8333333333333334,
          "coverage/noise": 1.0,
          "coverage/scenario_type": 1.0,
          "pack_accuracy": 0.5,
          "pack_confidence": 0.88125,
          "mode_seeking_ratio": 0.22964509726482774,
          "text_distance_mean": 0.9484052421567242,
          "banned_phrasings_total": 3.0,
          "banned_phrasings_new": 3.0,
          "coverage_classifier_auroc": 1.0
        }
      },
      "timestamp": "2026-06-01T06:44:47.178047+00:00"
    },
    {
      "version": 2,
      "iteration": 2,