{
  "mode_seeking_ratio": 0.22051569852695643,
  "n_pairs": 120,
  "text_distance_mean": 0.9449725604400825,
  "target_distance_mean": 4.533333333333333,
  "attribute_sensitivity": {
    "noise": 0.0,
    "style": 0.0,
    "difficulty": 0.0,
    "intent": 0.0,
    "ambiguity": 0.0,
    "scenario_type": 0.0
  }
}