{
  "mode_seeking_ratio": 0.23586806890336706,
  "n_pairs": 120,
  "text_distance_mean": 0.933105539236793,
  "target_distance_mean": 4.283333333333333,
  "attribute_sensitivity": {
    "noise": 0.0,
    "style": 0.0,
    "difficulty": 0.0,
    "intent": 0.0,
    "ambiguity": 0.0,
    "scenario_type": 0.8989536421929674
  }
}