{
  "attribute_match_rate": 0.20833333333333334,
  "discriminator_accuracy": 0.25,
  "synthetic_detection_rate": 0.25,
  "near_duplicate_rate": 0.25,
  "combination_coverage": 0.7777777777777778,
  "entropy/intent": 0.9639125816315371,
  "entropy/difficulty": 0.9999999999999998,
  "entropy/ambiguity": 0.9808340377961401,
  "entropy/style": 0.8276697779382132,
  "entropy/noise": 0.9745411476764105,
  "entropy/scenario_type": 0.9591479170272448,
  "coverage/intent": 1.0,
  "coverage/difficulty": 1.0,
  "coverage/ambiguity": 1.0,
  "coverage/style": 0.8,
  "coverage/noise": 1.0,
  "coverage/scenario_type": 1.0,
  "pack_accuracy": 0.5,
  "pack_confidence": 0.0,
  "mode_seeking_ratio": 0.23177821042823857,
  "text_distance_mean": 0.953942703502248,
  "banned_phrasings_total": 0.0,
  "banned_phrasings_new": 0.0,
  "coverage_classifier_auroc": 0.5
}