{
  "attribute_match_rate": 0.0,
  "discriminator_accuracy": 0.16666666666666666,
  "synthetic_detection_rate": 0.0,
  "near_duplicate_rate": 0.15,
  "combination_coverage": 0.8333333333333334,
  "entropy/intent": 0.9886994082884974,
  "entropy/difficulty": 0.895014514573153,
  "entropy/polarity_intensity": 0.9965119062478287,
  "entropy/style": 0.9822177815287606,
  "entropy/noise": 0.9248008763572907,
  "entropy/scenario_type": 0.8423415361816292,
  "coverage/intent": 1.0,
  "coverage/difficulty": 1.0,
  "coverage/polarity_intensity": 1.0,
  "coverage/style": 1.0,
  "coverage/noise": 1.0,
  "coverage/scenario_type": 1.0,
  "pack_accuracy": 0.5,
  "pack_confidence": 0.8833333333333333,
  "mode_seeking_ratio": 0.24371191462326044,
  "text_distance_mean": 0.9639713383778469,
  "banned_phrasings_total": 5.0,
  "banned_phrasings_new": 3.0,
  "coverage_classifier_auroc": 1.0
}