{
  "mode_seeking_ratio": 0.24188545390275992,
  "n_pairs": 120,
  "text_distance_mean": 0.9592875443813613,
  "target_distance_mean": 4.233333333333333,
  "attribute_sensitivity": {
    "style": 0.0,
    "intent": 0.0,
    "scenario_type": 0.0,
    "difficulty": 0.0,
    "noise": 0.0,
    "polarity_intensity": 0.0
  }
}